phase,sequence,period,cycle_position,cycle_length,led0,led1,led2,led3,start_utc,duration_s,reports
0,0,0,0,0,0,0,0,0,2026-10-04T13:26:26.179978+00:00,0.0,1
5,0,0,0,50050050,255,255,255,255,2026-10-04T13:26:26.279891+00:00,0.29137,21
0,0,40,0,50050050,255,255,255,255,2026-10-04T13:26:26.579983+00:00,0.103761,9
1,0,40,0,50050050,255,255,255,255,2026-10-04T13:26:26.698698+00:00,0.479919,37
1,1,40,315657849,50050050,255,255,255,255,2026-10-04T13:26:27.186477+00:00,0.997144,78
1,2,40,318711183,50050050,255,255,255,255,2026-10-04T13:26:28.191211+00:00,0.989962,77
1,3,40,321714084,50050050,255,255,255,255,2026-10-04T13:26:29.196205+00:00,0.989982,78
1,4,40,324716880,50050050,255,255,255,255,2026-10-04T13:26:30.201178+00:00,0.997444,78
1,5,40,327719679,50050050,255,255,255,255,2026-10-04T13:26:31.206201+00:00,0.997323,78
1,6,40,330773037,50050050,255,255,255,255,2026-10-04T13:26:32.211157+00:00,0.997427,78
1,7,40,333776391,50050050,255,255,255,255,2026-10-04T13:26:33.216160+00:00,0.997325,77
1,8,40,336779523,50050050,255,255,255,255,2026-10-04T13:26:34.221056+00:00,0.997556,76
1,9,40,339782721,50050050,255,255,255,255,2026-10-04T13:26:35.222190+00:00,0.986434,76
1,10,40,342785871,50050050,255,255,255,255,2026-10-04T13:26:36.223564+00:00,0.990149,77
1,11,40,345788598,50050050,255,255,255,255,2026-10-04T13:26:37.228679+00:00,0.990051,76
1,12,40,348841407,50050050,255,255,255,255,2026-10-04T13:26:38.233555+00:00,0.990224,76
1,13,40,351844395,50050050,255,255,255,255,2026-10-04T13:26:39.238726+00:00,0.990024,77
1,14,40,354847485,50050050,255,255,255,255,2026-10-04T13:26:40.243786+00:00,0.99014,76
1,15,40,357850512,50050050,255,255,255,255,2026-10-04T13:26:41.248912+00:00,0.997491,77
1,16,40,360903036,50050050,255,255,255,255,2026-10-04T13:26:42.255586+00:00,0.988163,77
1,17,40,363905808,50050050,255,255,255,255,2026-10-04T13:26:43.258845+00:00,0.997664,77
1,18,40,366908808,50050050,255,255,255,255,2026-10-04T13:26:44.271423+00:00,0.997259,77
1,19,40,369961602,50050050,255,255,255,255,2026-10-04T13:26:45.276916+00:00,0.996837,75
1,20,40,372965142,50050050,255,255,255,255,2026-10-04T13:26:46.281354+00:00,0.997231,77
1,21,40,375968034,50050050,255,255,255,255,2026-10-04T13:26:47.286196+00:00,0.990023,75
1,22,40,378970872,50050050,255,255,255,255,2026-10-04T13:26:48.291209+00:00,0.989831,74
1,23,40,382023681,50050050,255,255,255,255,2026-10-04T13:26:49.296247+00:00,0.997145,77
1,24,40,385026543,50050050,255,255,255,255,2026-10-04T13:26:50.300946+00:00,0.997492,76
1,25,40,388030350,50050050,255,255,255,255,2026-10-04T13:26:51.305863+00:00,0.997454,76
1,26,40,388931565,50050050,255,255,255,255,2026-10-04T13:26:52.310787+00:00,0.997432,77
1,27,40,394086987,50050050,255,255,255,255,2026-10-04T13:26:53.315743+00:00,0.997641,77
1,28,40,397089576,50050050,255,255,255,255,2026-10-04T13:26:54.320823+00:00,0.997455,77
1,29,40,400092507,50050050,255,255,255,255,2026-10-04T13:26:55.324020+00:00,0.999173,76
1,30,40,403095849,50050050,255,255,255,255,2026-10-04T13:26:56.330713+00:00,0.989938,76
1,31,40,406149012,50050050,255,255,255,255,2026-10-04T13:26:57.335693+00:00,0.997607,78
1,32,40,409151598,50050050,255,255,255,255,2026-10-04T13:26:58.340728+00:00,0.997606,76
1,33,40,412154781,50050050,255,255,255,255,2026-10-04T13:26:59.345638+00:00,0.990215,78
1,34,40,415157694,50050050,255,255,255,255,2026-10-04T13:27:00.350634+00:00,0.990017,78
1,35,40,418160337,50050050,255,255,255,255,2026-10-04T13:27:01.355685+00:00,0.997475,79
1,36,40,421213332,50050050,255,255,255,255,2026-10-04T13:27:02.360630+00:00,0.997598,75
1,37,40,423415740,50050050,255,255,255,255,2026-10-04T13:27:03.365585+00:00,0.997594,77
1,38,40,427219689,50050050,255,255,255,255,2026-10-04T13:27:04.370528+00:00,0.989987,75
1,39,40,430222920,50050050,255,255,255,255,2026-10-04T13:27:05.373464+00:00,0.984506,76
1,40,40,433225452,50050050,255,255,255,255,2026-10-04T13:27:06.374247+00:00,0.996359,81
1,41,40,436277880,50050050,255,255,255,255,2026-10-04T13:27:07.385521+00:00,0.660068,52
2,42,42,0,50050050,255,255,255,255,2026-10-04T13:27:08.060490+00:00,0.127515,11
2,43,42,0,50050050,6,255,255,255,2026-10-04T13:27:08.203020+00:00,0.848596,64
2,44,42,0,50050050,14,255,255,255,2026-10-04T13:27:09.066749+00:00,0.992706,78
2,45,42,0,50050050,12,255,255,255,2026-10-04T13:27:10.070442+00:00,0.989985,64
2,46,42,0,50050050,4,255,255,255,2026-10-04T13:27:11.083002+00:00,0.974866,67
2,47,42,0,50050050,14,255,255,255,2026-10-04T13:27:12.072966+00:00,0.968515,68
2,48,42,0,50050050,6,255,255,255,2026-10-04T13:27:13.071450+00:00,0.988952,73
2,49,42,0,50050050,10,255,255,255,2026-10-04T13:27:14.076790+00:00,0.981055,50
2,50,42,0,50050050,12,255,255,255,2026-10-04T13:27:15.074079+00:00,0.996271,71
2,51,42,0,50050050,14,255,255,255,2026-10-04T13:27:16.078602+00:00,0.990081,75
2,52,42,0,50050050,12,255,255,255,2026-10-04T13:27:17.099143+00:00,0.943629,45
1,53,40,468309177,50050050,255,255,255,255,2026-10-04T13:27:18.061060+00:00,0.987918,72
1,54,40,471312132,50050050,255,255,255,255,2026-10-04T13:27:19.062803+00:00,0.997437,73
1,55,40,474415134,50050050,255,255,255,255,2026-10-04T13:27:20.097774+00:00,0.968041,75
2,56,42,0,50050050,255,255,255,255,2026-10-04T13:27:21.080198+00:00,0.203769,18
2,57,42,0,50050050,14,255,255,255,2026-10-04T13:27:21.298869+00:00,0.793895,11
2,58,42,0,50050050,6,255,255,255,2026-10-04T13:27:22.118676+00:00,1.871627,87
2,59,42,0,50050050,12,255,255,255,2026-10-04T13:27:24.005159+00:00,1.087612,75
2,60,42,0,50050050,14,255,255,255,2026-10-04T13:27:25.107691+00:00,1.987413,149
2,61,42,0,50050050,5,255,255,255,2026-10-04T13:27:27.103743+00:00,1.108829,85
2,62,42,0,50050050,6,255,255,255,2026-10-04T13:27:28.228667+00:00,0.861507,64
2,63,42,0,50050050,10,255,255,255,2026-10-04T13:27:29.105446+00:00,0.990882,76
2,64,42,0,50050050,12,255,255,255,2026-10-04T13:27:30.110122+00:00,0.967401,76
1,65,40,507397494,50050050,255,255,255,255,2026-10-04T13:27:31.092499+00:00,0.997544,77
1,66,40,510450519,50050050,255,255,255,255,2026-10-04T13:27:32.105412+00:00,0.9983,78
1,67,40,513453492,50050050,255,255,255,255,2026-10-04T13:27:33.108972+00:00,0.98375,79
2,68,42,0,50050050,255,255,255,255,2026-10-04T13:27:34.107486+00:00,0.34511,29
2,69,42,0,50050050,14,255,255,255,2026-10-04T13:27:34.467450+00:00,0.652597,52
2,70,42,0,50050050,6,255,255,255,2026-10-04T13:27:35.133911+00:00,1.201215,95
2,71,42,0,50050050,12,255,255,255,2026-10-04T13:27:36.350005+00:00,0.766257,57
2,72,42,0,50050050,10,255,255,255,2026-10-04T13:27:37.131092+00:00,0.989059,68
2,73,42,0,50050050,6,255,255,255,2026-10-04T13:27:38.127526+00:00,0.94722,61
2,74,42,0,50050050,12,255,255,255,2026-10-04T13:27:39.169905+00:00,0.944974,67
2,75,42,0,50050050,14,255,255,255,2026-10-04T13:27:40.129830+00:00,1.987483,127
2,76,42,0,50050050,10,255,255,255,2026-10-04T13:27:42.132372+00:00,0.997455,67
2,77,42,0,50050050,13,255,255,255,2026-10-04T13:27:43.145329+00:00,0.967054,74
1,78,40,546486009,50050050,255,255,255,255,2026-10-04T13:27:44.127290+00:00,0.997438,78
1,79,40,549539043,50050050,255,255,255,255,2026-10-04T13:27:45.139785+00:00,0.997479,76
1,80,40,552592056,50050050,255,255,255,255,2026-10-04T13:27:46.152226+00:00,0.990361,76
1,81,40,555595071,50050050,255,255,255,255,2026-10-04T13:27:47.158405+00:00,0.876271,66
2,82,42,0,50050050,255,255,255,255,2026-10-04T13:27:48.051089+00:00,0.0,1
2,83,42,0,50050050,14,255,255,255,2026-10-04T13:27:48.071505+00:00,0.982388,59
2,84,42,0,50050050,12,255,255,255,2026-10-04T13:27:49.054680+00:00,1.996484,75
2,85,42,0,50050050,14,255,255,255,2026-10-04T13:27:51.064656+00:00,2.806017,191
2,86,42,0,50050050,6,255,255,255,2026-10-04T13:27:53.892177+00:00,2.153156,143
2,87,42,0,50050050,14,255,255,255,2026-10-04T13:27:56.067013+00:00,1.972565,134
1,88,40,588277128,50050050,255,255,255,255,2026-10-04T13:27:58.056399+00:00,0.988146,64
1,89,40,591330141,50050050,255,255,255,255,2026-10-04T13:27:59.074573+00:00,0.989825,47
1,90,40,594333084,50050050,255,255,255,255,2026-10-04T13:28:00.079512+00:00,0.975,69
2,91,42,0,50050050,255,255,255,255,2026-10-04T13:28:01.069429+00:00,0.982527,74
2,92,42,0,50050050,14,255,255,255,2026-10-04T13:28:02.067057+00:00,6.862197,518
0,0,0,0,0,0,0,0,0,2026-10-04T13:28:08.945106+00:00,0.006329,4
