offset,width,unique,first,last,delta_modes
0,2,1,17484,17484,"[[0, 6205]]"
2,2,1,260,260,"[[0, 6205]]"
4,2,1,36944,36944,"[[0, 6205]]"
6,2,1,0,0,"[[0, 6205]]"
8,2,6078,992,27466,"[[16683, 4872], [16684, 856], [16682, 464], [16681, 9], [17879, 1]]"
10,2,1583,340,1952,"[[0, 4623], [1, 1580], [23, 1], [9, 1]]"
12,2,1,0,0,"[[0, 6205]]"
14,2,1,0,0,"[[0, 6205]]"
16,2,1,508,508,"[[0, 6205]]"
18,2,1,508,508,"[[0, 6205]]"
20,2,6206,1009,7343,"[[1, 6201], [5, 1], [3, 1], [89, 1], [36, 1]]"
22,2,1,0,0,"[[0, 6205]]"
24,2,1,12408,12408,"[[0, 6205]]"
26,2,2,8272,8256,"[[0, 6204], [65520, 1]]"
28,2,1,15488,15488,"[[0, 6205]]"
30,2,1,0,0,"[[0, 6205]]"
32,2,1,0,0,"[[0, 6205]]"
34,2,2,17152,17066,"[[0, 6204], [65450, 1]]"
36,2,1,0,0,"[[0, 6205]]"
38,2,2,17530,17402,"[[0, 6204], [65408, 1]]"
40,2,2,1144,1184,"[[0, 6204], [40, 1]]"
42,2,2,8192,8202,"[[0, 6204], [10, 1]]"
44,2,2,1025,514,"[[0, 6204], [65025, 1]]"
46,2,1,0,0,"[[0, 6205]]"
48,2,2,1000,500,"[[0, 6204], [65036, 1]]"
50,2,1,256,256,"[[0, 6205]]"
52,2,2,128,85,"[[0, 6204], [65493, 1]]"
54,2,1,9344,9344,"[[0, 6205]]"
56,2,2,0,1,"[[0, 6204], [1, 1]]"
58,2,1,0,0,"[[0, 6205]]"
60,2,1,0,0,"[[0, 6205]]"
62,2,1,0,0,"[[0, 6205]]"
64,2,14,1,0,"[[0, 3022], [1, 1471], [65535, 1441], [65534, 128], [2, 115]]"
66,2,1,0,0,"[[0, 6205]]"
68,2,6,1,0,"[[0, 4585], [1, 786], [65535, 774], [65534, 22], [2, 16]]"
70,2,1139,28405,0,"[[0, 713], [65024, 64], [64768, 52], [256, 48], [768, 46]]"
72,2,490,18,0,"[[0, 2032], [65529, 586], [1, 572], [7, 561], [65535, 482]]"
74,2,487,26,0,"[[0, 2088], [1, 519], [65531, 476], [5, 446], [65535, 439]]"
76,2,474,104,0,"[[0, 2056], [1, 493], [65535, 444], [7, 430], [65529, 402]]"
78,2,466,112,0,"[[0, 2129], [2, 736], [65534, 673], [65535, 606], [1, 604]]"
0,4,1,17056844,17056844,"[[0, 6205]]"
4,4,1,36944,36944,"[[0, 6205]]"
8,4,6206,22283232,127953738,"[[16683, 4872], [16684, 856], [16682, 464], [16681, 9], [83415, 1]]"
12,4,1,0,0,"[[0, 6205]]"
16,4,1,33292796,33292796,"[[0, 6205]]"
20,4,6206,1009,7343,"[[1, 6201], [5, 1], [3, 1], [89, 1], [36, 1]]"
24,4,2,542126200,541077624,"[[0, 6204], [4293918720, 1]]"
28,4,1,15488,15488,"[[0, 6205]]"
32,4,2,1124073472,1118437376,"[[0, 6204], [4289331200, 1]]"
36,4,2,1148846080,1140457472,"[[0, 6204], [4286578688, 1]]"
40,4,2,536872056,537527456,"[[0, 6204], [655400, 1]]"
44,4,2,1025,514,"[[0, 6204], [4294966785, 1]]"
48,4,2,16778216,16777716,"[[0, 6204], [4294966796, 1]]"
52,4,2,612368512,612368469,"[[0, 6204], [4294967253, 1]]"
56,4,2,0,1,"[[0, 6204], [1, 1]]"
60,4,1,0,0,"[[0, 6205]]"
64,4,14,1,0,"[[0, 3022], [1, 1471], [4294967295, 1441], [4294967294, 128], [2, 115]]"
68,4,1145,1861550081,0,"[[0, 713], [4261412864, 64], [4244635648, 52], [16777216, 47], [50331648, 46]]"
72,4,1798,1703954,0,"[[0, 1672], [4294639609, 289], [327687, 285], [65537, 262], [4294705145, 259]]"
76,4,1639,7340136,0,"[[0, 1718], [131079, 283], [4294836217, 270], [4294901759, 214], [4294836216, 214]]"
