camera,section,packet_lag,rows,correlation
0,0,-3,5992,0.92463651923877
0,0,-2,5992,0.9281425352999962
0,0,-1,5992,0.9309571065981979
0,0,0,5992,0.9325182607717603
0,0,1,5992,0.9286861036815822
0,0,2,5992,0.9236623624609619
0,0,3,5992,0.9173526524238773
0,1,-3,5992,0.8991983089008546
0,1,-2,5992,0.9004381556246084
0,1,-1,5992,0.9007535168995024
0,1,0,5992,0.9003178703284601
0,1,1,5992,0.8984230802170132
0,1,2,5992,0.8956465856726802
0,1,3,5992,0.8921381910194564
0,2,-3,5992,0.6470106073691702
0,2,-2,5992,0.6458772244837144
0,2,-1,5992,0.6451498294975264
0,2,0,5992,0.6438228290014274
0,2,1,5992,0.6419012697339853
0,2,2,5992,0.6401832992625236
0,2,3,5992,0.6386301662347715
0,3,-3,5992,0.3336182564695423
0,3,-2,5992,0.3334326721637514
0,3,-1,5992,0.33317526269081116
0,3,0,5992,0.33284745792359555
0,3,1,5992,0.3315713742169468
0,3,2,5992,0.3297262040321969
0,3,3,5992,0.3278794079092354
1,0,-3,5992,0.8655169639828716
1,0,-2,5992,0.865785218953963
1,0,-1,5992,0.8657613006321169
1,0,0,5992,0.8657569815885849
1,0,1,5992,0.8639074341563246
1,0,2,5992,0.8613601019217723
1,0,3,5992,0.8587516817068254
1,1,-3,5992,0.9347006667328212
1,1,-2,5992,0.9398078158021765
1,1,-1,5992,0.9436838917860272
1,1,0,5992,0.9460290032900623
1,1,1,5992,0.9411375210858127
1,1,2,5992,0.9354981035520968
1,1,3,5992,0.9295617813666154
1,2,-3,5992,0.5703989391071197
1,2,-2,5992,0.570486815421605
1,2,-1,5992,0.5705219659473993
1,2,0,5992,0.5703777776812511
1,2,1,5992,0.570184497805937
1,2,2,5992,0.5699210407505982
1,2,3,5992,0.5697734559090065
1,3,-3,5992,0.3262721639482418
1,3,-2,5992,0.3271712450217568
1,3,-1,5992,0.3277337762811848
1,3,0,5992,0.3278325382394184
1,3,1,5992,0.32712342170359576
1,3,2,5992,0.3253419648858404
1,3,3,5992,0.3237624351682107
2,0,-3,5992,0.7616593171135416
2,0,-2,5992,0.7618107179386107
2,0,-1,5992,0.7621458044663142
2,0,0,5992,0.762264920413817
2,0,1,5992,0.7620447010318989
2,0,2,5992,0.7615034459556553
2,0,3,5992,0.7604902367535947
2,1,-3,5992,0.7141868308914068
2,1,-2,5992,0.7144662315100754
2,1,-1,5992,0.7140727029034563
2,1,0,5992,0.7138109185297776
2,1,1,5992,0.7133909031556368
2,1,2,5992,0.7130530826135113
2,1,3,5992,0.7121645663050005
2,2,-3,5992,0.9256802006191183
2,2,-2,5992,0.9294495456239307
2,2,-1,5992,0.9319681534226009
2,2,0,5992,0.9339082032008699
2,2,1,5992,0.9303748180087431
2,2,2,5992,0.9266028869707902
2,2,3,5992,0.9218854636244244
2,3,-3,5992,0.4913840873697114
2,3,-2,5992,0.489768674223485
2,3,-1,5992,0.4877712664849675
2,3,0,5992,0.4857631650591489
2,3,1,5992,0.48341721122267284
2,3,2,5992,0.4803353384028379
2,3,3,5992,0.4782300131292502
3,0,-3,5992,0.6327396068562057
3,0,-2,5992,0.6317718924575332
3,0,-1,5992,0.6308305134471104
3,0,0,5992,0.6306505725987543
3,0,1,5992,0.6296367765620499
3,0,2,5992,0.6284420890211488
3,0,3,5992,0.6275462185860352
3,1,-3,5992,0.7115331668999808
3,1,-2,5992,0.711048949806551
3,1,-1,5992,0.7106791177545111
3,1,0,5992,0.7105542535302916
3,1,1,5992,0.7096997967978679
3,1,2,5992,0.7083566231017894
3,1,3,5992,0.7061201000606832
3,2,-3,5992,0.6218144957903212
3,2,-2,5992,0.6235545216319468
3,2,-1,5992,0.6248930030485815
3,2,0,5992,0.62612369645967
3,2,1,5992,0.627093043541954
3,2,2,5992,0.6277562853560519
3,2,3,5992,0.6290695832993276
3,3,-3,5992,0.7500064345884171
3,3,-2,5992,0.7538784455526484
3,3,-1,5992,0.7569566232822373
3,3,0,5992,0.7587245708807541
3,3,1,5992,0.7525963051032809
3,3,2,5992,0.7456046748451273
3,3,3,5992,0.7374821536798956
