phase,led0,packets,mean_nonzero,mean_changed,window0_mean_nonzero,window1_mean_nonzero,window2_mean_nonzero,window3_mean_nonzero
-1,-1,171,111.01169590643275,57.00588235294118,0.3333333333333333,0.0,62.56140350877193,9.777777777777779
0,0,6,108.33333333333333,62.0,0.0,0.0,69.5,0.0
0,255,7,105.14285714285714,61.42857142857143,0.0,0.0,66.14285714285714,0.0
1,255,3132,394.235312899106,246.00830140485314,74.38441890166028,40.31800766283525,111.68263090676884,128.8662196679438
2,4,59,685.7457627118644,520.7118644067797,174.47457627118644,122.2542372881356,214.11864406779662,135.91525423728814
2,5,67,274.2238805970149,190.88059701492537,83.08955223880596,64.58208955223881,45.26865671641791,42.28358208955224
2,6,543,623.3075506445672,473.3941068139963,163.75874769797423,112.2744014732965,176.88581952117863,131.4014732965009
2,10,240,642.5625,503.725,140.5875,109.95416666666667,175.6375,177.40833333333333
2,12,529,705.1190926275992,538.3648393194707,186.55576559546313,142.14933837429112,191.79962192816635,145.62381852551985
2,13,59,314.8305084745763,231.9322033898305,56.49152542372882,70.30508474576271,54.66101694915254,94.37288135593221
2,14,1270,438.4173228346457,326.06850393700785,107.5763779527559,79.37952755905512,127.56377952755905,84.91574803149607
2,255,105,560.2095238095238,403.5238095238095,131.21904761904761,129.9142857142857,101.47619047619048,158.6095238095238
5,255,18,100.05555555555556,56.77777777777778,0.0,0.0,61.05555555555556,0.0
