phase,led0,packets,section0_mean_count,section1_mean_count,section2_mean_count,section3_mean_count,section0_count_distribution,section1_count_distribution,section2_count_distribution,section3_count_distribution
-1,-1,171,0.017543859649122806,0.0,2.9590643274853803,0.36257309941520466,"{""1"": 1, ""2"": 1, ""0"": 169}","{""0"": 171}","{""3"": 42, ""4"": 61, ""2"": 68}","{""0"": 109, ""1"": 62}"
0,0,6,0.0,0.0,3.5,0.0,"{""0"": 6}","{""0"": 6}","{""4"": 3, ""3"": 3}","{""0"": 6}"
0,255,7,0.0,0.0,3.2857142857142856,0.0,"{""0"": 7}","{""0"": 7}","{""4"": 2, ""3"": 5}","{""0"": 7}"
1,255,3132,3.4853128991060025,1.9351851851851851,5.012771392081737,5.480204342273308,"{""0"": 77, ""1"": 851, ""2"": 1300, ""3"": 31, ""4"": 68, ""5"": 23, ""6"": 14, ""7"": 91, ""8"": 166, ""9"": 260, ""11"": 45, ""10"": 186, ""12"": 19, ""13"": 1}","{""0"": 2163, ""5"": 105, ""6"": 163, ""4"": 28, ""2"": 72, ""1"": 16, ""3"": 23, ""7"": 364, ""8"": 133, ""9"": 50, ""10"": 12, ""11"": 1, ""12"": 2}","{""2"": 86, ""3"": 105, ""4"": 2238, ""5"": 23, ""6"": 31, ""7"": 40, ""8"": 135, ""9"": 154, ""10"": 307, ""11"": 12, ""12"": 1}","{""0"": 51, ""8"": 249, ""7"": 201, ""6"": 986, ""5"": 707, ""4"": 458, ""3"": 41, ""2"": 190, ""1"": 50, ""9"": 115, ""10"": 51, ""11"": 12, ""12"": 21}"
2,10,240,6.395833333333333,5.170833333333333,7.841666666666667,8.358333333333333,"{""2"": 55, ""3"": 6, ""4"": 6, ""5"": 4, ""6"": 7, ""7"": 28, ""8"": 43, ""9"": 45, ""10"": 27, ""11"": 8, ""12"": 1, ""1"": 6, ""0"": 4}","{""2"": 18, ""1"": 6, ""0"": 31, ""3"": 17, ""4"": 15, ""5"": 8, ""6"": 51, ""7"": 40, ""8"": 26, ""9"": 26, ""10"": 2}","{""10"": 82, ""11"": 15, ""12"": 10, ""9"": 41, ""8"": 20, ""7"": 2, ""6"": 7, ""5"": 7, ""4"": 15, ""2"": 20, ""3"": 18, ""1"": 3}","{""11"": 37, ""10"": 57, ""9"": 39, ""8"": 23, ""7"": 15, ""6"": 19, ""5"": 11, ""4"": 2, ""3"": 2, ""2"": 16, ""1"": 5, ""12"": 13, ""13"": 1}"
2,12,529,8.686200378071833,7.041587901701323,8.425330812854442,6.982986767485822,"{""12"": 15, ""11"": 49, ""10"": 143, ""9"": 162, ""8"": 63, ""7"": 24, ""6"": 16, ""2"": 16, ""3"": 4, ""4"": 17, ""5"": 19, ""13"": 1}","{""8"": 147, ""7"": 125, ""6"": 27, ""5"": 15, ""4"": 12, ""2"": 50, ""3"": 15, ""9"": 63, ""1"": 12, ""10"": 36, ""11"": 19, ""12"": 8}","{""11"": 71, ""9"": 82, ""10"": 225, ""8"": 45, ""7"": 2, ""6"": 3, ""5"": 8, ""4"": 4, ""3"": 1, ""2"": 82, ""12"": 5, ""13"": 1}","{""5"": 54, ""4"": 10, ""6"": 20, ""9"": 94, ""8"": 88, ""7"": 19, ""3"": 10, ""2"": 29, ""1"": 15, ""0"": 44, ""10"": 128, ""11"": 18}"
2,13,59,2.542372881355932,3.1864406779661016,2.4745762711864407,4.491525423728813,"{""9"": 4, ""10"": 3, ""8"": 1, ""6"": 2, ""7"": 1, ""5"": 1, ""4"": 6, ""3"": 8, ""2"": 2, ""0"": 31}","{""10"": 2, ""8"": 1, ""7"": 6, ""6"": 1, ""5"": 2, ""4"": 8, ""3"": 4, ""2"": 29, ""0"": 6}","{""2"": 34, ""1"": 6, ""4"": 5, ""3"": 9, ""5"": 5}","{""9"": 3, ""8"": 3, ""7"": 3, ""6"": 2, ""5"": 1, ""4"": 35, ""3"": 12}"
2,14,1270,4.969291338582678,3.8078740157480313,5.583464566929134,3.9228346456692913,"{""9"": 204, ""10"": 130, ""12"": 8, ""11"": 31, ""8"": 145, ""7"": 55, ""5"": 45, ""6"": 49, ""4"": 56, ""3"": 63, ""2"": 107, ""1"": 47, ""0"": 330}","{""7"": 260, ""8"": 156, ""9"": 30, ""6"": 105, ""5"": 40, ""4"": 26, ""2"": 39, ""3"": 57, ""0"": 458, ""1"": 75, ""10"": 24}","{""9"": 197, ""10"": 131, ""11"": 86, ""2"": 367, ""4"": 83, ""3"": 193, ""5"": 27, ""6"": 39, ""7"": 40, ""8"": 85, ""12"": 6, ""1"": 16}","{""3"": 149, ""4"": 131, ""5"": 31, ""8"": 124, ""9"": 132, ""10"": 55, ""7"": 43, ""0"": 78, ""1"": 378, ""2"": 127, ""6"": 10, ""11"": 11, ""12"": 1}"
2,255,105,5.885714285714286,5.9523809523809526,4.514285714285714,7.3428571428571425,"{""7"": 13, ""6"": 18, ""1"": 8, ""2"": 5, ""10"": 14, ""11"": 4, ""9"": 5, ""5"": 26, ""3"": 6, ""4"": 6}","{""7"": 43, ""6"": 8, ""4"": 12, ""5"": 7, ""2"": 3, ""1"": 1, ""0"": 7, ""8"": 12, ""9"": 9, ""3"": 3}","{""5"": 8, ""6"": 3, ""4"": 19, ""10"": 9, ""9"": 14, ""3"": 21, ""2"": 30, ""1"": 1}","{""7"": 38, ""8"": 16, ""10"": 18, ""11"": 2, ""9"": 7, ""4"": 10, ""5"": 12, ""6"": 2}"
2,4,59,8.440677966101696,6.186440677966102,9.084745762711865,6.389830508474576,"{""9"": 32, ""8"": 14, ""7"": 8, ""6"": 2, ""10"": 3}","{""6"": 35, ""7"": 16, ""5"": 7, ""8"": 1}","{""8"": 12, ""9"": 18, ""7"": 4, ""10"": 25}","{""5"": 16, ""6"": 14, ""4"": 6, ""7"": 5, ""8"": 8, ""9"": 10}"
2,5,67,3.7761194029850746,2.8955223880597014,2.0,1.955223880597015,"{""2"": 4, ""3"": 19, ""4"": 34, ""5"": 8, ""6"": 2}","{""3"": 47, ""2"": 14, ""4"": 5, ""5"": 1}","{""2"": 67}","{""3"": 2, ""2"": 60, ""1"": 5}"
2,6,543,7.677716390423573,5.5064456721915285,7.7845303867403315,6.34622467771639,"{""6"": 38, ""7"": 61, ""5"": 16, ""4"": 12, ""8"": 154, ""9"": 131, ""10"": 56, ""11"": 20, ""2"": 26, ""3"": 7, ""1"": 13, ""12"": 8, ""13"": 1}","{""7"": 119, ""6"": 170, ""5"": 44, ""2"": 11, ""4"": 7, ""8"": 73, ""9"": 23, ""3"": 20, ""0"": 60, ""1"": 16}","{""6"": 25, ""5"": 13, ""4"": 14, ""7"": 18, ""8"": 83, ""9"": 176, ""10"": 119, ""11"": 22, ""3"": 4, ""2"": 69}","{""7"": 107, ""8"": 72, ""6"": 35, ""5"": 26, ""4"": 20, ""9"": 57, ""10"": 71, ""11"": 16, ""3"": 38, ""2"": 91, ""1"": 6, ""0"": 4}"
5,255,18,0.0,0.0,3.0555555555555554,0.0,"{""0"": 18}","{""0"": 18}","{""3"": 15, ""2"": 1, ""4"": 2}","{""0"": 18}"
