offset,between_mean_range,within_sd,ratio,mean_04,mean_05,mean_06,mean_0a,mean_0c,mean_0d,mean_0e,mean_ff
9442,196.5403491019479,58.04755353644049,3.32850960507035,198.52542372881356,1.9850746268656716,99.56537753222837,51.65833333333333,124.65595463137996,15.474576271186441,66.2244094488189,63.304761904761904
222,192.9903870478118,57.362722517573005,3.306740650930094,201.16949152542372,8.17910447761194,113.37569060773481,57.7375,131.21361058601136,16.627118644067796,67.02283464566929,65.44761904761904
27802,244.063539445629,73.45135205547986,3.2781612785723095,239.54237288135593,3.8507462686567164,202.09208103130754,226.69583333333333,203.42155009451795,231.77966101694915,126.97086614173229,247.9142857142857
9440,191.04275233999493,57.70879413889732,3.2540738596676473,192.98305084745763,1.9402985074626866,97.50460405156538,48.57083333333333,121.74480151228734,14.576271186440678,66.06692913385827,64.71428571428571
220,188.5689349860865,57.00184816816905,3.2510849385239355,195.38983050847457,6.82089552238806,110.70349907918968,54.8,128.531190926276,15.711864406779661,65.30944881889764,67.0
114,188.6271186440678,58.19819304353604,3.1863661531923118,230.91525423728814,137.55223880597015,138.9318600368324,92.8375,154.07372400756142,42.28813559322034,90.91574803149607,80.86666666666666
112,182.72881355932205,57.87120709605496,3.1038740765274193,223.4406779661017,135.37313432835822,133.88397790055248,87.01666666666667,150.07561436672967,40.71186440677966,88.2527559055118,77.22857142857143
18583,203.864406779661,65.32064537391042,3.073920732078073,203.864406779661,0.0,133.61141804788213,122.5125,136.23629489603024,17.508474576271187,85.71259842519684,62.82857142857143
9406,190.8674424487731,61.111685288630554,3.072971560211571,203.38983050847457,12.522388059701493,105.40147329650092,60.71666666666667,129.92627599243858,25.16949152542373,71.21102362204725,75.4
9404,184.55982797875032,59.73382873265781,3.0388307773441716,196.8135593220339,12.253731343283581,101.76058931860037,55.7375,126.60113421550095,23.864406779661017,69.60551181102362,71.72380952380952
186,182.11864406779662,59.17351771608891,3.0265580438070785,207.20338983050848,35.67164179104478,120.39779005524862,65.47083333333333,136.2514177693762,25.084745762711865,70.68188976377952,69.53333333333333
18582,251.08474576271186,83.43482517101667,2.973710731965842,251.08474576271186,0.0,212.28913443830572,214.94166666666666,211.4102079395085,61.25423728813559,162.851968503937,151.2
184,176.83050847457628,58.55918833653657,2.9689878826991944,200.74576271186442,29.925373134328357,117.40883977900552,60.84583333333333,132.61436672967864,23.915254237288135,68.06062992125985,68.80952380952381
150,183.0,60.97186700826184,2.9529528289926006,217.72881355932202,66.53731343283582,130.78268876611418,74.69583333333334,143.08695652173913,34.728813559322035,78.32283464566929,74.83809523809524
27838,247.10476190476192,83.58160329870108,2.9214953638571743,222.77966101694915,0.0,176.01289134438306,225.41666666666666,191.18336483931947,167.76271186440678,104.16929133858268,247.10476190476192
148,177.25423728813558,60.14774269698096,2.8987862751781863,210.4915254237288,61.95522388059702,126.42541436464089,69.49166666666666,138.18714555765595,33.23728813559322,75.61732283464566,71.38095238095238
18655,203.25423728813558,69.18854867798618,2.895831885919646,203.25423728813558,0.0,127.39226519337016,112.625,139.02646502835537,5.288135593220339,74.14173228346456,44.304761904761904
18654,254.83050847457628,87.95903747951635,2.8645825729988745,254.83050847457628,0.0,201.08471454880294,187.61666666666667,209.30812854442345,21.610169491525422,119.11889763779527,74.44761904761904
76,176.9322033898305,61.871863421927564,2.81417145540055,220.3050847457627,149.044776119403,145.4254143646409,100.81666666666666,156.18336483931947,43.3728813559322,97.93385826771653,92.41904761904762
18690,241.77966101694915,86.05021605326014,2.77747341682668,241.77966101694915,0.0,197.41252302025782,182.3125,200.84120982986767,0.0,113.56614173228347,61.4
9370,178.79661016949152,63.723966498251016,2.7624482837330895,210.88135593220338,111.61194029850746,117.74033149171271,73.04166666666667,137.0907372400756,32.08474576271186,80.17874015748032,77.06666666666666
18618,244.4915254237288,87.95612849118386,2.748450607851707,244.4915254237288,0.0,212.97237569060775,200.26666666666668,208.43100189035917,32.271186440677965,132.25590551181102,117.62857142857143
258,168.0634960789274,60.149358782665736,2.748409785885916,169.40677966101694,1.3432835820895523,104.05340699815838,56.5125,122.62759924385634,14.610169491525424,59.29527559055118,56.2
9478,171.32203389830508,61.449763485295705,2.743357609971481,171.32203389830508,0.0,85.74953959484347,46.53333333333333,116.92249527410208,11.932203389830509,59.59133858267717,62.59047619047619
9368,173.15254237288136,62.39846764388173,2.7311786673694383,203.64406779661016,109.85074626865672,113.59668508287292,67.10416666666667,133.12098298676747,30.491525423728813,77.98110236220472,73.63809523809523
10,152.49982832350094,55.563327349487444,2.696090125343074,36.94915254237288,26.328358208955223,166.4659300184162,114.175,127.94139886578449,13.966101694915254,126.6748031496063,88.48571428571428
256,163.68403743991902,59.740181132505825,2.694823004937033,164.72881355932202,1.044776119402985,101.36648250460405,52.145833333333336,119.57466918714556,13.796610169491526,57.915748031496065,58.87619047619047
9476,167.66101694915255,61.39763047868971,2.6869773044733294,167.66101694915255,0.0,86.94659300184162,42.80416666666667,115.54631379962193,11.11864406779661,59.103937007874016,67.14285714285714
18726,234.64406779661016,86.39010826950361,2.6850186187318585,234.64406779661016,0.0,175.2744014732965,172.74166666666667,197.17391304347825,0.0,103.62204724409449,54.523809523809526
18619,186.74576271186442,68.66645177764528,2.680569455552318,186.74576271186442,0.0,135.7974217311234,124.73333333333333,131.69187145557655,6.983050847457627,75.43700787401575,52.6
294,150.57627118644066,58.62750938761606,2.5252819165664095,150.57627118644066,0.0,77.10313075506446,48.583333333333336,114.64272211720227,11.11864406779661,47.25669291338583,48.476190476190474
9434,241.49911459650897,96.0043352150861,2.489570327563577,245.3050847457627,3.8059701492537314,195.29834254143645,157.2875,203.64083175803404,50.40677966101695,120.74409448818898,186.33333333333334
292,146.40677966101694,58.06978973679401,2.4785390351545735,146.40677966101694,0.0,76.10497237569061,45.3625,112.96030245746692,10.508474576271187,45.968503937007874,46.41904761904762
9398,235.03415127751077,93.8442613235069,2.4781061921693537,253.66101694915255,18.62686567164179,200.84346224677716,167.32916666666668,209.98487712665406,78.71186440677967,123.95984251968504,213.4
18516,144.8908315565032,57.83444890915064,2.4626869842910697,126.40677966101696,206.11940298507463,153.036832412523,149.4125,128.59735349716445,117.30508474576271,166.1220472440945,61.22857142857143
9334,148.6779661016949,59.60637294987434,2.4531737978225796,227.23728813559322,141.98507462686567,125.9815837937385,89.725,146.9546313799622,78.55932203389831,84.65354330708661,85.05714285714286
216,181.44320769036173,73.19297273945044,2.4455578606824497,196.71186440677965,15.26865671641791,134.4972375690608,76.17916666666666,107.83931947069944,32.52542372881356,62.388188976377954,133.10476190476192
9296,149.96610169491527,60.423034741798006,2.441528692376123,231.52542372881356,146.5820895522388,131.51381215469613,94.37083333333334,151.63705103969755,81.55932203389831,91.35984251968505,87.79047619047618
78,162.4406779661017,65.6481725290224,2.4372863021167728,207.6271186440678,152.16417910447763,149.24493554327807,105.54166666666667,152.34404536862004,45.186440677966104,100.94409448818898,95.63809523809523
27876,152.63809523809525,61.75258013929168,2.4323795913934534,56.813559322033896,0.0,69.99263351749539,122.67916666666666,93.52173913043478,30.796610169491526,37.90787401574803,152.63809523809525
27874,222.44761904761904,90.58846124674918,2.4287734068194595,200.0,0.0,164.32412523020258,220.37916666666666,192.88657844990547,51.59322033898305,77.65669291338583,222.44761904761904
27774,168.79661016949152,68.62275969349714,2.424445840880067,31.440677966101696,55.059701492537314,115.9963167587477,144.675,85.07372400756144,200.23728813559322,70.21417322834645,161.2095238095238
18762,205.0677966101695,84.08468462959246,2.410161094242887,205.0677966101695,0.0,164.48434622467772,165.00833333333333,176.63137996219282,0.0,88.64645669291339,41.46666666666667
9332,143.45762711864404,58.668773906138085,2.4042328629763694,219.16949152542372,138.97014925373134,123.11233885819522,83.64583333333333,144.47448015122873,75.71186440677967,83.01023622047244,81.20952380952382
18518,144.572565742715,59.388206515612296,2.3940529796217467,130.8135593220339,211.5820895522388,127.47329650092081,151.11666666666667,127.93950850661626,121.30508474576271,168.99763779527558,67.00952380952381
27738,166.4406779661017,68.82777583728246,2.383588421231593,44.45762711864407,79.91044776119404,125.12338858195211,130.25,91.34593572778827,210.89830508474577,113.63149606299213,167.46666666666667
27736,166.96610169491524,69.512107484866,2.3679068411159196,39.59322033898305,72.68656716417911,126.10865561694291,144.30416666666667,91.16446124763705,206.5593220338983,107.14015748031495,163.67619047619047
27842,156.5047619047619,66.20225818391701,2.328861650399375,51.6271186440678,0.0,75.646408839779,125.42916666666666,89.15500945179583,102.7457627118644,54.922047244094486,156.5047619047619
27840,154.43809523809523,65.58923301074735,2.31926526640079,46.50847457627118,0.0,73.17127071823204,119.9875,84.60113421550095,107.27118644067797,52.971653543307085,154.43809523809523
27803,153.21648898365316,65.07723777754744,2.3187483941060716,141.9322033898305,1.0597014925373134,112.79926335174954,136.70833333333334,100.74858223062382,91.66101694915254,66.70708661417324,154.27619047619046
214,213.7629648368328,92.8045360875521,2.2788126646382856,248.38983050847457,34.62686567164179,222.83977900552486,165.13333333333333,232.64083175803404,47.74576271186441,129.65511811023623,190.04761904761904
9349,105.42499367568935,45.59664464267768,2.2625018278490168,113.55932203389831,8.134328358208956,42.51749539594844,64.18333333333334,48.38185255198488,12.35593220338983,25.766929133858266,24.295238095238094
18730,139.16949152542372,61.56194915850297,2.2245069630556547,139.16949152542372,0.0,103.1657458563536,88.35,122.48015122873346,0.0,57.605511811023625,36.63809523809524
27806,135.68486140724946,60.32742118718434,2.2124664429164627,29.23728813559322,3.6865671641791047,79.56906077348066,115.8125,77.00756143667297,114.94915254237289,58.63858267716535,139.37142857142857
286,209.17958412098298,94.27416554846589,2.19555409293586,204.38983050847457,0.0,173.16390423572744,144.24166666666667,209.17958412098298,34.76271186440678,102.68582677165354,87.42857142857143
215,156.79762205919556,70.68791250326035,2.187225385479936,166.3050847457627,9.507462686567164,138.78453038674033,106.20833333333333,141.97353497164463,32.86440677966102,80.14488188976378,117.06666666666666
250,209.03212749810268,95.07529483639152,2.175711538060513,216.64406779661016,7.611940298507463,213.09576427255985,158.375,215.27599243856332,41.47457627118644,120.20472440944881,129.16190476190476
27839,142.46666666666667,64.8626627686883,2.1630869551541516,86.9322033898305,0.0,102.3646408839779,124.69583333333334,98.48582230623819,64.30508474576271,59.93307086614173,142.46666666666667
18728,130.96610169491527,59.87682148941141,2.151329496033146,130.96610169491527,0.0,96.80294659300183,84.25416666666666,117.52362948960302,0.0,56.14173228346457,35.93333333333333
9298,138.864406779661,63.7542354651622,2.14448376669307,223.64406779661016,149.37313432835822,133.49355432780848,99.23333333333333,154.57844990548205,84.77966101694915,92.56377952755905,90.75238095238095
27781,105.52491778396154,48.32067175181205,2.139567731659789,55.559322033898304,117.25373134328358,57.87845303867403,49.72083333333333,35.61625708884688,11.728813559322035,38.1,22.314285714285713
27804,131.2683724235963,60.381086234801685,2.1385801470090327,22.610169491525422,3.626865671641791,75.15837937384899,110.48333333333333,73.3875236294896,116.9322033898305,55.73149606299213,134.89523809523808
18766,133.89830508474577,61.77438903410975,2.1330084951044186,133.89830508474577,0.0,106.29097605893186,82.27083333333333,111.77126654064273,0.0,52.31732283464567,39.13333333333333
252,153.90437642296988,71.43884017398743,2.124611272810473,156.94915254237287,3.044776119402985,122.11970534069981,67.55833333333334,98.94517958412098,28.423728813559322,60.385039370078744,77.39047619047619
9470,217.01694915254237,101.65030608023747,2.1141383541799597,217.01694915254237,0.0,175.60773480662982,150.54583333333332,193.9054820415879,43.186440677966104,112.75984251968504,162.2
18691,152.4915254237288,71.6541942883742,2.0988674765075443,152.4915254237288,0.0,123.44014732965009,126.08333333333333,122.89035916824197,0.0,74.34488188976378,37.666666666666664
218,160.47179357450037,75.97424229956431,2.0847466474562317,177.57627118644066,17.104477611940297,137.05156537753223,73.775,104.82419659735349,33.355932203389834,61.274015748031495,136.58095238095237
18511,142.8226663293701,67.79739854428786,2.0759893448213593,172.38983050847457,29.567164179104477,131.9097605893186,134.96666666666667,116.28544423440454,53.40677966101695,92.69055118110236,87.01904761904763
18708,144.0,68.48952599208883,2.072254745505013,144.0,0.0,103.07550644567219,91.89166666666667,107.96786389413988,0.0,56.05433070866142,33.61904761904762
27732,102.95770782889427,48.72608548592559,2.070496939841269,22.966101694915253,113.8955223880597,91.55064456721915,115.38333333333334,95.24007561436673,110.59322033898304,81.34409448818897,125.92380952380952
18764,123.96610169491525,58.92795761389872,2.068585458787011,123.96610169491525,0.0,98.35911602209944,76.75416666666666,105.71077504725898,0.0,50.24488188976378,36.86666666666667
18504,7.084745762711865,2.427760804368358,2.066872855796421,9.084745762711865,2.0,7.7845303867403315,7.841666666666667,8.425330812854442,2.4745762711864407,5.583464566929134,4.514285714285714
18806,163.47457627118644,78.15414031449697,2.065268798595571,163.47457627118644,0.0,95.65745856353591,99.39166666666667,114.93950850661626,0.0,53.18740157480315,43.714285714285715
18804,157.5593220338983,75.60356226468832,2.0568145576505112,157.5593220338983,0.0,93.40883977900552,95.54166666666667,112.02079395085066,0.0,50.95196850393701,42.01904761904762
18525,115.89906400202378,55.38421402429359,2.0555232702558865,16.220338983050848,132.11940298507463,46.07734806629834,77.19583333333334,47.27221172022684,47.08474576271186,62.27795275590551,33.476190476190474
27731,115.16007462686568,55.264641835939074,2.0467574460468194,129.11864406779662,34.014925373134325,103.77716390423572,149.175,110.69754253308129,126.54237288135593,93.80787401574803,122.66666666666667
18588,130.05416666666667,62.60464349977602,2.0447275467729753,96.37288135593221,0.0,113.90055248618785,130.05416666666667,93.75425330812854,28.576271186440678,81.05511811023622,29.257142857142856
27910,203.69166666666666,98.62435667224035,2.044597059098741,124.27118644067797,0.0,146.85819521178638,203.69166666666666,169.8241965973535,47.54237288135593,70.2755905511811,177.53333333333333
18720,140.3050847457627,67.68901053635796,2.0426132746736463,140.3050847457627,0.0,100.46408839779005,91.53333333333333,107.11342155009451,0.0,56.91968503937008,36.38095238095238
27911,130.60416666666666,62.94378399610217,2.042484171325049,33.49152542372882,0.0,72.08103130755065,130.60416666666666,84.51984877126654,27.1864406779661,38.02047244094488,92.22857142857143
21,8.040677966101697,2.9553489319341106,2.0328618547870865,14.559322033898304,18.0,19.38305709023941,19.245833333333334,18.850661625708884,22.0,22.58267716535433,22.6
18756,140.0677966101695,68.12575768332394,2.0262750283597946,140.0677966101695,0.0,102.58747697974218,88.8375,103.3742911153119,0.0,54.11102362204724,27.923809523809524
27878,130.22857142857143,63.30933156536048,2.025033821043751,62.898305084745765,0.0,70.94659300184162,127.94583333333334,98.02835538752363,31.610169491525422,39.32283464566929,130.22857142857143
18694,128.135593220339,62.415617910430086,2.020568393756269,128.135593220339,0.0,100.17495395948434,96.32083333333334,119.67296786389414,0.0,62.02047244094488,43.10476190476191
9399,156.22463951429293,76.41141945539704,2.0181084472208464,175.88135593220338,19.65671641791045,135.15653775322284,102.275,130.48393194706995,60.779661016949156,74.6259842519685,129.98095238095237
179,143.0311156083987,69.97682788490211,2.0151804450931747,186.135593220339,43.1044776119403,143.06629834254144,108.42083333333333,137.68241965973536,48.47457627118644,84.01811023622047,119.88571428571429
18590,129.43333333333334,63.57901283488303,2.004263113533048,104.20338983050847,0.0,116.79742173112339,129.43333333333334,94.351606805293,31.0,86.34803149606299,35.4
27772,151.84239817859853,74.81640111744001,2.0027645198219557,54.50847457627118,44.46268656716418,113.05709023941068,142.05416666666667,101.648393194707,196.3050847457627,66.3,156.16190476190476
27734,99.33591606133979,48.78274607190819,1.995388440763292,27.559322033898304,117.6268656716418,95.39410681399632,120.55833333333334,99.2117202268431,114.89830508474576,88.50393700787401,126.8952380952381
9435,153.454591449532,76.11710697236964,1.9898904079027935,155.9322033898305,2.4776119402985075,128.39042357274403,99.16666666666667,139.7618147448015,37.983050847457626,76.87165354330709,114.9047619047619
18740,136.135593220339,67.60061515816643,1.9844660708429955,136.135593220339,0.0,101.26151012891344,89.21666666666667,101.29867674858222,0.0,52.70708661417323,28.704761904761906
27875,134.5875,66.8556471101535,1.9834384569572716,86.45762711864407,0.0,88.08839779005525,134.5875,100.59168241965973,24.83050847457627,44.61417322834646,132.10476190476192
18736,137.32203389830508,68.29396605401928,1.9817314799278969,137.32203389830508,0.0,100.41988950276243,90.60833333333333,104.94706994328922,0.0,55.99370078740157,27.4
18640,148.64406779661016,74.16245220963927,1.9776372833342335,148.64406779661016,0.0,113.45856353591161,105.25833333333334,107.02835538752363,18.1864406779661,64.58346456692914,72.27619047619048
18510,88.24766000505943,43.7303022431571,1.9728831592806793,250.94915254237287,162.70149253731344,223.08103130755063,216.42083333333332,213.8015122873346,174.28813559322035,211.1244094488189,192.17142857142858
18676,140.98305084745763,70.49199781112885,1.9720116259712552,140.98305084745763,0.0,102.9134438305709,102.58333333333333,105.96975425330812,11.677966101694915,60.82992125984252,40.61904761904762
18692,121.57627118644068,60.8302528871923,1.9662910227498736,121.57627118644068,0.0,93.58747697974218,90.42083333333333,115.47637051039698,0.0,62.16535433070866,41.58095238095238
18662,123.34583333333333,62.05912386780071,1.9560346824976467,84.61016949152543,0.0,103.08839779005525,123.34583333333333,93.52173913043478,7.169491525423729,65.80393700787401,13.914285714285715
18624,122.87083333333334,61.839999610002806,1.9552965323980507,85.0677966101695,0.0,105.20626151012891,122.87083333333334,93.03213610586012,13.915254237288135,72.1244094488189,17.17142857142857
18700,136.10169491525423,68.76813233554158,1.950771654036677,136.10169491525423,0.0,103.9134438305709,89.70833333333333,99.91871455576559,0.0,60.50787401574803,33.41904761904762
9393,113.72957247660005,57.69046857298042,1.9377860705811134,115.61016949152543,1.8805970149253732,60.23020257826888,67.6125,56.765595463138,10.186440677966102,43.11259842519685,20.914285714285715
27948,129.9904761904762,66.38499794115518,1.9290714574777024,23.83050847457627,0.0,75.95580110497238,118.70833333333333,72.77126654064273,26.152542372881356,35.880314960629924,129.9904761904762
18600,143.03389830508473,73.29157448307615,1.9253044413221894,143.03389830508473,0.0,110.4622467771639,123.19166666666666,106.93761814744802,37.49152542372882,90.6007874015748,94.43809523809524
18648,142.10169491525423,72.95069615098686,1.921573457876879,142.10169491525423,0.0,113.50644567219153,103.08333333333333,107.98109640831758,18.220338983050848,67.83070866141732,72.04761904761905
27768,104.61662631154155,53.49909906142898,1.9196028579045372,17.28813559322034,116.32835820895522,97.6353591160221,108.2125,93.44234404536861,112.88135593220339,62.118110236220474,121.9047619047619
18664,135.9322033898305,69.98589309725813,1.9149185487261406,135.9322033898305,0.0,109.52486187845304,98.40416666666667,108.02835538752363,12.677966101694915,61.3,41.65714285714286
27950,131.23809523809524,67.73926966332094,1.909215734774143,26.152542372881356,0.0,76.20626151012891,122.65,75.82230623818525,26.593220338983052,37.158267716535434,131.23809523809524
70,134.68985580571717,69.60840093928483,1.9075613385089272,227.91525423728814,254.53731343283582,226.81399631675876,208.57083333333333,235.50661625708884,119.84745762711864,168.7307086614173,218.1238095238095
18658,123.33081285444234,63.74014989798719,1.9050127787590556,119.84745762711864,0.0,100.7145488029466,90.86666666666666,123.33081285444234,11.830508474576272,63.75669291338583,57.38095238095238
146,129.27118644067798,67.0003282316922,1.901037683233269,187.96610169491527,100.5223880597015,134.88213627992633,72.92916666666666,111.85255198487712,58.69491525423729,70.89133858267716,157.77142857142857
74,116.40290556900726,60.91038814164087,1.8801837472363505,172.03389830508473,117.08955223880596,135.65930018416205,114.65833333333333,120.6937618147448,62.25423728813559,90.97007874015748,178.65714285714284
18626,119.94583333333334,62.85024607719816,1.878549272751632,91.94915254237289,0.0,108.6279926335175,119.94583333333334,94.75425330812854,15.271186440677965,73.5992125984252,21.590476190476192
18656,118.39886578449905,62.05192279767948,1.8777994473604938,112.50847457627118,0.0,94.5524861878453,85.9125,118.39886578449905,10.59322033898305,62.78740157480315,54.904761904761905
27810,139.43027718550107,73.26411457596399,1.8774919485895074,17.152542372881356,6.626865671641791,100.86372007366482,143.34166666666667,79.43289224952741,92.86440677966101,57.306299212598425,146.05714285714285
18770,144.79661016949152,76.26729157946077,1.873970307611784,144.79661016949152,0.0,125.11233885819522,115.39583333333333,131.58223062381853,0.0,54.499212598425196,46.161904761904765
27724,6.4031094527363175,2.422761602908252,1.8707436262273491,6.389830508474576,1.955223880597015,6.34622467771639,8.358333333333333,6.982986767485822,4.491525423728813,3.9228346456692913,7.3428571428571425
27946,183.6952380952381,97.31705220552608,1.86839651896025,78.33898305084746,0.0,126.51197053406999,181.67083333333332,141.38374291115312,35.57627118644068,61.65748031496063,183.6952380952381
72,114.85439870863598,60.671348319668894,1.8623623747172944,168.35593220338984,113.68656716417911,136.82872928176795,109.17916666666666,116.86578449905483,60.59322033898305,92.7724409448819,175.44761904761904
106,135.54237288135596,71.86251179799697,1.8602484259276124,246.8135593220339,191.07462686567163,237.08839779005524,234.67083333333332,242.46313799621927,111.27118644067797,168.8795275590551,227.57142857142858
18768,139.4406779661017,74.2451295819713,1.8531522072029447,139.4406779661017,0.0,120.82136279926335,110.625,130.7788279773157,0.0,52.206299212598424,45.03809523809524
18608,142.23728813559322,75.77345403712356,1.8526884053805217,142.23728813559322,0.0,109.29834254143647,116.6875,108.66729678638941,40.779661016949156,86.46692913385827,87.1047619047619
18636,137.05084745762713,73.02034190823916,1.8515295110028678,137.05084745762713,0.0,110.40515653775323,111.73333333333333,105.23629489603024,21.949152542372882,71.0763779527559,62.63809523809524
178,176.54237288135593,94.79357603856245,1.8429458444091014,245.23728813559322,154.82089552238807,224.54327808471456,176.48333333333332,239.11909262759923,68.69491525423729,139.98976377952755,202.2952380952381
18632,135.94915254237287,72.78594489887006,1.8424803359054736,135.94915254237287,0.0,111.3830570902394,106.79166666666667,112.74480151228734,17.372881355932204,70.24173228346457,65.19047619047619
27912,123.52083333333333,66.13653959842391,1.8398450988414228,37.50847457627118,0.0,71.99079189686924,123.52083333333333,80.24574669187146,32.69491525423729,36.32362204724409,107.86666666666666
137,106.16139640779156,56.74303066989731,1.8385144523274182,111.10169491525424,4.940298507462686,66.43646408839778,81.59166666666667,48.45368620037807,6.389830508474576,49.93307086614173,26.771428571428572
144,125.13559322033899,67.09808101336013,1.8375788474243304,182.3728813559322,92.6268656716418,132.195211786372,71.5875,107.71266540642722,57.23728813559322,73.85433070866142,154.0
9444,136.01138375917026,73.10565408339654,1.8353712067112538,136.22033898305085,0.208955223880597,100.02946593001842,81.05833333333334,109.03780718336483,25.54237288135593,62.10629921259842,86.78095238095239
