phase,led0,optical_frames,known_pose_frames,union_mean,union_distribution,valid_fraction,acquisition_trials,acquisitions,acquisition_probability,retention_trials,retentions,retention_probability
0,255,7,7,0.0,"{""0x0"": 7}",0.0,7,0,0.0,0,0,
1,255,3112,3112,2.299164524421594,"{""0x0"": 2197, ""0x7ec0"": 23, ""0x7400"": 1, ""0x7e80"": 2, ""0x7480"": 2, ""0x7c80"": 12, ""0x7cc0"": 7, ""0x54c0"": 3, ""0x5480"": 1, ""0x54c2"": 13, ""0x5482"": 1, ""0x54ca"": 12, ""0x54fa"": 49, ""0x50fa"": 3, ""0x547a"": 126, ""0x507a"": 21, ""0x17e41"": 2, ""0x17f41"": 7, ""0x7f41"": 8, ""0x7fc1"": 3, ""0x7fc0"": 89, ""0x7f40"": 2, ""0x7ee0"": 8, ""0x7e60"": 27, ""0x7c60"": 136, ""0x7c70"": 2, ""0x7478"": 8, ""0x7078"": 2, ""0x5078"": 7, ""0x1078"": 1, ""0x507e"": 4, ""0xd07e"": 1, ""0x407e"": 13, ""0x807e"": 6, ""0x7e"": 16, ""0x407a"": 1, ""0x74f0"": 9, ""0x54f2"": 15, ""0x5472"": 2, ""0x54f0"": 1, ""0x54e0"": 1, ""0x54e2"": 4, ""0x74e0"": 9, ""0x7460"": 10, ""0x7462"": 3, ""0x74e2"": 9, ""0x7470"": 5, ""0x7ce0"": 9, ""0x5ce8"": 2, ""0x54e8"": 37, ""0x54c8"": 5, ""0x54f8"": 14, ""0x54d8"": 2, ""0x54da"": 2, ""0x74e8"": 2, ""0x7ce8"": 10, ""0x7cc8"": 1, ""0x7060"": 1, ""0xf060"": 1, ""0x17c60"": 1, ""0x1fc60"": 1, ""0x17e60"": 1, ""0x1fe61"": 16, ""0x1fe41"": 4, ""0x1ff41"": 1, ""0x7f80"": 82, ""0x7f82"": 11, ""0x5f82"": 5, ""0x1f82"": 1, ""0x5f80"": 1, ""0x7fc2"": 8, ""0x7c40"": 2, ""0x7e40"": 8}",0.307840616966581,2150,1,0.00046511627906976747,958,958,1.0
2,4,60,60,7.416666666666667,"{""0x7e"": 4, ""0x407e"": 5, ""0xc07a"": 2, ""0xc078"": 5, ""0xf078"": 2, ""0x7078"": 4, ""0x7068"": 1, ""0x7c70"": 3, ""0x7c78"": 1, ""0x7c60"": 7, ""0x7ce0"": 6, ""0x7e60"": 3, ""0x7ee0"": 10, ""0x74e0"": 6, ""0x7460"": 1}",1.0,0,0,,60,60,1.0
2,5,67,67,0.43283582089552236,"{""0x30"": 5, ""0x10"": 9, ""0x38"": 2, ""0x0"": 50, ""0x4070"": 1}",1.0,0,0,,67,67,1.0
2,6,544,544,6.759191176470588,"{""0x5478"": 15, ""0x5078"": 17, ""0x507a"": 7, ""0x547a"": 14, ""0x5068"": 1, ""0x7070"": 5, ""0x7478"": 38, ""0x7078"": 16, ""0x7470"": 3, ""0x1f070"": 2, ""0x1f870"": 3, ""0xf070"": 16, ""0xf870"": 8, ""0xf470"": 1, ""0x7c70"": 20, ""0x7c60"": 10, ""0x7ee0"": 16, ""0x7fc0"": 4, ""0x7f80"": 4, ""0x7fc2"": 16, ""0x7f82"": 14, ""0x5070"": 1, ""0x7c78"": 11, ""0x7878"": 1, ""0xf078"": 3, ""0x7870"": 2, ""0x7c68"": 1, ""0x4078"": 2, ""0x78"": 3, ""0x38"": 1, ""0x0"": 73, ""0x7c40"": 1, ""0xd070"": 2, ""0xfc60"": 1, ""0x7e60"": 10, ""0x1fe61"": 2, ""0x1fe41"": 4, ""0x1fe01"": 1, ""0x1ff41"": 1, ""0x1ff01"": 3, ""0x17f01"": 8, ""0x17f81"": 6, ""0x7f81"": 10, ""0x3f81"": 5, ""0x3f83"": 1, ""0x54fa"": 19, ""0x54f8"": 21, ""0x54e8"": 8, ""0x54d8"": 1, ""0x54c8"": 1, ""0x7ce8"": 6, ""0xfc70"": 8, ""0x7e40"": 3, ""0x7ec0"": 13, ""0x5470"": 16, ""0x54f0"": 33, ""0x407a"": 6, ""0x407e"": 23, ""0x74f0"": 1, ""0x74f8"": 1, ""0x7cf8"": 1}",0.9117647058823529,48,1,0.020833333333333332,496,495,0.9979838709677419
2,10,239,239,8.167364016736402,"{""0x7f80"": 36, ""0x7fc0"": 62, ""0x7fc2"": 3, ""0x7ec0"": 2, ""0x1f83"": 3, ""0x1f81"": 4, ""0x1f80"": 1, ""0x1f82"": 3, ""0x3f81"": 6, ""0x3f80"": 1, ""0x7f81"": 7, ""0x7ec2"": 1, ""0x7ee2"": 3, ""0x7ce2"": 2, ""0x74e2"": 13, ""0x74e0"": 1, ""0x7460"": 5, ""0x7470"": 7, ""0x74f0"": 2, ""0x7c70"": 2, ""0x7c60"": 11, ""0x7c40"": 1, ""0x7060"": 2, ""0x7070"": 3, ""0xf070"": 5, ""0x7f01"": 1, ""0x15d01"": 1, ""0x1af41"": 1, ""0x19c41"": 1, ""0x1f861"": 2, ""0x1e061"": 2, ""0x1f061"": 1, ""0x1e071"": 2, ""0x1e031"": 1, ""0x1e011"": 1, ""0x1e001"": 2, ""0x1a001"": 3, ""0x1f801"": 2, ""0x1b801"": 5, ""0x1be01"": 3, ""0x1fe01"": 4, ""0x1fe41"": 5, ""0x17e41"": 5, ""0x17f41"": 4, ""0x1fe61"": 7}",1.0,0,0,,239,239,1.0
2,12,529,529,7.746691871455576,"{""0x7fc0"": 57, ""0x7ec0"": 111, ""0x7e40"": 20, ""0x7e60"": 50, ""0x7c60"": 33, ""0x7c70"": 2, ""0x7c78"": 1, ""0x7078"": 6, ""0xf078"": 2, ""0xc078"": 4, ""0xc07e"": 4, ""0x407e"": 14, ""0x7e"": 10, ""0x7ee0"": 43, ""0x7e61"": 1, ""0x7e41"": 8, ""0x0"": 16, ""0x7040"": 2, ""0x4040"": 11, ""0x4000"": 1, ""0x7c40"": 4, ""0x7e00"": 1, ""0x1fe41"": 11, ""0x1ff41"": 2, ""0x7cc0"": 17, ""0x7ce0"": 11, ""0x7ce8"": 34, ""0x7ee8"": 1, ""0x7cf0"": 1, ""0x7cf8"": 9, ""0x7f80"": 21, ""0x680"": 1, ""0x7f40"": 2, ""0x7fc1"": 4, ""0x7fe0"": 1, ""0x7ec2"": 13}",1.0,0,0,,529,529,1.0
2,13,59,59,4.067796610169491,"{""0x1fe61"": 4, ""0xfe61"": 2, ""0x7e61"": 1, ""0x7c61"": 2, ""0x7861"": 2, ""0x7061"": 1, ""0x6060"": 3, ""0x6061"": 1, ""0x1e061"": 1, ""0x1c061"": 1, ""0x1c060"": 5, ""0xc060"": 3, ""0x8060"": 1, ""0x60"": 29, ""0x40"": 1, ""0x20"": 2}",1.0,0,0,,59,59,1.0
2,14,1270,1270,4.3023622047244094,"{""0x7c60"": 124, ""0x7ee0"": 6, ""0x7ec0"": 31, ""0x7fc0"": 23, ""0x7f40"": 3, ""0x7fc1"": 1, ""0x7f81"": 19, ""0x7f80"": 31, ""0x74e0"": 4, ""0x7460"": 15, ""0x7470"": 6, ""0x74f0"": 1, ""0x7c70"": 46, ""0x7cf0"": 2, ""0xfc60"": 4, ""0xfc70"": 2, ""0x1f860"": 2, ""0x1fc70"": 1, ""0x1f870"": 7, ""0x1f871"": 11, ""0x1e871"": 11, ""0x1f071"": 2, ""0x1e071"": 1, ""0x1f070"": 1, ""0x7440"": 20, ""0x7040"": 7, ""0x5000"": 2, ""0x7400"": 16, ""0x7000"": 22, ""0x3400"": 2, ""0x3c00"": 3, ""0x7c00"": 14, ""0x7800"": 1, ""0x7840"": 1, ""0x7060"": 9, ""0x7c78"": 19, ""0x7478"": 42, ""0x7078"": 26, ""0xf078"": 5, ""0xf070"": 1, ""0xf870"": 2, ""0x7870"": 3, ""0x7e60"": 13, ""0x7860"": 3, ""0x6070"": 1, ""0xe070"": 4, ""0xc070"": 1, ""0x8070"": 2, ""0x8078"": 5, ""0x78"": 1, ""0x38"": 19, ""0x30"": 5, ""0x7ce0"": 18, ""0x7c68"": 9, ""0x7ce8"": 3, ""0x7cf8"": 3, ""0x747a"": 5, ""0x507a"": 17, ""0x547a"": 12, ""0x5078"": 1, ""0x407a"": 2, ""0x407e"": 12, ""0x7e"": 1, ""0xfe"": 4, ""0x40fe"": 6, ""0x5478"": 1, ""0x7c40"": 9, ""0x7ec8"": 2, ""0x7fc2"": 2, ""0x7f82"": 7, ""0x5f82"": 2, ""0x3f82"": 1, ""0x3f80"": 3, ""0x1f80"": 6, ""0x1b80"": 1, ""0x74e8"": 1, ""0x7468"": 1, ""0x7878"": 2, ""0x74ea"": 1, ""0x7cca"": 1, ""0x74e2"": 1, ""0x7cc0"": 7, ""0x74c0"": 1, ""0x5440"": 3, ""0x5400"": 3, ""0x0"": 491, ""0x54f0"": 5, ""0x5470"": 1, ""0x54f8"": 1, ""0x7e00"": 7, ""0x7e80"": 3, ""0x7880"": 1, ""0x3880"": 2, ""0x78c0"": 2, ""0x38c0"": 2, ""0x3800"": 1, ""0x3980"": 1, ""0xe80"": 2}",0.9204724409448819,101,1,0.009900990099009901,1168,1167,0.9991438356164384
2,255,104,104,7.134615384615385,"{""0x507a"": 6, ""0x5478"": 1, ""0x5078"": 2, ""0x7ce0"": 7, ""0x7cc0"": 3, ""0x7c60"": 42, ""0x7460"": 1, ""0x7fc0"": 6, ""0x7ec0"": 2, ""0x7ee0"": 10, ""0x7e40"": 1, ""0x7a40"": 7, ""0x7840"": 8, ""0x7240"": 1, ""0x6a40"": 1, ""0x6e60"": 3, ""0x7e60"": 3}",1.0,0,0,,104,104,1.0
5,255,1,1,0.0,"{""0x0"": 1}",0.0,1,0,0.0,0,0,
