filename,bytes,sha256
camera-0001-event-0000-rel-p00-set-11-ts-23339611.vi,1040640,91a011a2fc695d7f992d3d3237ff5c00a6e40f55fa1b86b67be5604075cfb540
camera-0002-event-0001-rel-m02-set-11-ts-23923227.vi,1040640,bd382e8804e63bbd4732f37c2c984f7a5158b11380b3e1c028844f573a2d720e
camera-0003-event-0001-rel-m01-set-11-ts-23939910.vi,1040640,2731f71cbb21455f89dab0630cd3e7c191381006de534eebc9ce0b1e04c8c240
camera-0004-event-0001-rel-p01-set-11-ts-23956506.vi,1040640,2e5580401cb48c220a22eb6e2f47051ce7e38c947a29b0fc031f1d18c4fdef19
camera-0005-event-0001-rel-p02-set-11-ts-23973189.vi,1040640,a2a4e3184cdeef1802becc6a2dd8ba5b82fb486da38af20b33c23640c1d10412
camera-0006-event-0001-rel-p03-set-11-ts-23989893.vi,1040640,8b914ce246a301d80106c3a554087d2cc919c08c92c728f1dcea7e19fc6b7c5d
camera-0007-event-0002-rel-m02-set-11-ts-24039860.vi,1040640,86b58e695fd98e34153f9d03d8ded24d52c53bc1fc8001d2d4aadec2ac8421ab
camera-0008-event-0002-rel-m01-set-11-ts-24056505.vi,1040640,19f03e7ae28cf8092d6f4f52815d6d71e30cca93d4697e211f3e9b7ef3e38a9a
camera-0009-event-0002-rel-p01-set-11-ts-24073188.vi,1040640,330d8e3349b729b40e376afd2a4ac0a575ff85f73ac8dca5ff629b1554ddfa74
camera-0010-event-0002-rel-p02-set-11-ts-24089993.vi,1040640,da048e43a962f887153cdf8426d6733569f9f619fcac8f139306b09e3455ec84
camera-0011-event-0002-rel-p03-set-11-ts-24106677.vi,1040640,c5455e8dd4e564dae4872102e39625593c56e12aa6bdfc91c1629514a223165b
camera-0012-event-0003-rel-m02-set-11-ts-24156818.vi,1040640,ca8c95e3060d382b7d0c4eb14ec9a00cde6409deb50d389710032e7767233b15
camera-0013-event-0003-rel-m01-set-11-ts-24173501.vi,1040640,b4995b274e311bc4889c3e2641654f4ce55e065735458bc228665748c0565714
camera-0014-event-0003-rel-p01-set-11-ts-24190197.vi,1040640,b16c7c76fec29f323a560b52dfdbf382072d10b5e0e1ef5e3875cae8b8894201
camera-0015-event-0003-rel-p02-set-11-ts-24206880.vi,1040640,7f4a2639606adb9db70c42c4d27c040116d5e3f13282ae40a9f74d87a47628a1
camera-0016-event-0003-rel-p03-set-11-ts-24223406.vi,1040640,2d919f4283a9e8a23cb9ac43c6ed201d26eca279845365f367522c39131060af
camera-0017-event-0000-rel-p00-set-11-ts-24340683.vi,1040640,6b6f65f40119fc8ded2373a4f1611d542c8e5e4fbf90a4840074aa47c4e829bb
camera-0018-event-0004-rel-m02-set-11-ts-24524221.vi,1040640,92202bd24853941702b8cbfc7898b5da7f9d547adc40dcfc25b78558676266fb
camera-0019-event-0004-rel-m01-set-11-ts-24540904.vi,1040640,97d28a0503e4653781c2913f0dbe7fb23c9d4d09f07af261e9eb55250949bfb9
camera-0020-event-0005-rel-m02-set-11-ts-24524221.vi,1040640,92202bd24853941702b8cbfc7898b5da7f9d547adc40dcfc25b78558676266fb
camera-0021-event-0005-rel-m01-set-11-ts-24540904.vi,1040640,97d28a0503e4653781c2913f0dbe7fb23c9d4d09f07af261e9eb55250949bfb9
camera-0022-event-0004-rel-p01-set-11-ts-24557272.vi,1040640,b95a96121a7c0bad33c46dbcf5b8d0d71598ca03960b3aa4da6e632d565392e1
camera-0023-event-0005-rel-p01-set-11-ts-24557272.vi,1040640,b95a96121a7c0bad33c46dbcf5b8d0d71598ca03960b3aa4da6e632d565392e1
camera-0024-event-0004-rel-p02-set-11-ts-24573955.vi,1040640,c622d20f1fa38c70a43abdd248ead563b04ee8c8a874aa7843def89880d4056d
camera-0025-event-0005-rel-p02-set-11-ts-24573955.vi,1040640,c622d20f1fa38c70a43abdd248ead563b04ee8c8a874aa7843def89880d4056d
camera-0026-event-0004-rel-p03-set-11-ts-24590507.vi,1040640,d344366a2fa54291ea27a5da29a86feac06ab349bc5806e3ba3ea4523cd7be8e
camera-0027-event-0005-rel-p03-set-11-ts-24590507.vi,1040640,d344366a2fa54291ea27a5da29a86feac06ab349bc5806e3ba3ea4523cd7be8e
camera-0028-event-0000-rel-p00-set-11-ts-25342686.vi,1040640,fe455ff8b14e7a4606497ce47081de85d10885186d7b902a6a4a9b43aa52d475
camera-0029-event-0000-rel-p00-set-11-ts-26342793.vi,1040640,94cf0fe56625433adc43f82420da449d95a0c29e26da4b3e82349242b1956002
camera-0030-event-0000-rel-p00-set-11-ts-27345043.vi,1040640,0d1ffba0bea048db283d0d66bab389fba51c9b6c96aa24400ca00faac600259a
camera-0031-event-0000-rel-p00-set-11-ts-28344178.vi,1040640,8f114d5bf9afaf8dcb175c5ac73b4b9fd6fe1021de60e327fc8675ab209d32cb
camera-0032-event-0000-rel-p00-set-11-ts-29345046.vi,1040640,95fac835cdcf43102e52b75f2adc60df54958caf8a42fc88a1c25d337882321d
camera-0033-event-0000-rel-p00-set-11-ts-30346064.vi,1040640,6b8b97c62c41865180eaa6d841406869dffe4745b72d1da6433beb6f7159c488
camera-0034-event-0000-rel-p00-set-11-ts-31347015.vi,1040640,3b8802c8396bdb9ab3a82f9c5fa130b3a63b2748902dbdb6925bf4af23c65b13
camera-0035-event-0000-rel-p00-set-11-ts-32348029.vi,1040640,a74a5863a1a71b570ff8ad66afaa8f89490843fe2641b048c1fc1dfc702d9d24
camera-0036-event-0000-rel-p00-set-11-ts-33349003.vi,1040640,7ee454438676f8a14d1a4f8b78dbac69a2fd40ef552049338cdd0a700df804df
camera-0037-event-0000-rel-p00-set-11-ts-34349984.vi,1040640,7e17a7e160fd624635eabaf6fbd8fa607ef5f079fa2e1cb15a84b8671db398eb
camera-0038-event-0000-rel-p00-set-11-ts-35351023.vi,1040640,7cfdaa71bf6e6074f49e39203ada85eeaf9785c42d0cafa735ab121232a2d216
camera-0039-event-0000-rel-p00-set-11-ts-36351908.vi,1040640,808c804c5873d1bdad814f47944d30a493244c30f72176c8f352c9b8ab2c04b6
camera-0040-event-0000-rel-p00-set-11-ts-37352928.vi,1040640,2fb92e20eac8c6ebc005f10258ffe82b2a2cd5a56500b48fcdfe06d72224602c
camera-0041-event-0000-rel-p00-set-11-ts-38353903.vi,1040640,704d873d3ac083beed377d381017052d9d51ba79e1b0429cec77e6ae6fa7238b
camera-0042-event-0000-rel-p00-set-11-ts-39354942.vi,1040640,9533864bdb1f2127025d24cb800fafff2d9abfc5466006443d3da14183737f51
camera-0043-event-0000-rel-p00-set-11-ts-40355898.vi,1040640,4422e6b8c5fbc478eadf30330ab7c9817f093b69ba470879b39074e3194f77e3
camera-0044-event-0000-rel-p00-set-11-ts-41356888.vi,1040640,4cd2744c900ff07b3ecdc049f4faf5ff512ffc41959b3f2f06796813cbd0e419
camera-0045-event-0000-rel-p00-set-11-ts-42357934.vi,1040640,1e609cb729d4ccbb7be91b53f4b174725f5371d9518e0b3b3ca8695c2186ee83
camera-0046-event-0000-rel-p00-set-11-ts-43358857.vi,1040640,5ab7112db0f332e245342ad295920c1721d0b65cd83b4712584cb6af501ed11c
camera-0047-event-0000-rel-p00-set-11-ts-44359798.vi,1040640,088df55dcf47ef1f9621e2a6b7c2a98180e9dafaa6e031a275a2986b189ccd67
camera-0048-event-0000-rel-p00-set-11-ts-45360785.vi,1040640,787a431ce7408091502902649005caa896345a5dcde0f9f824878efd52d770a1
camera-0049-event-0000-rel-p00-set-11-ts-46361779.vi,1040640,c7aa4081017513b3d46eb1b902927ad8ddf1e18e8eb8acb1356ac445c5f7bf0c
camera-0050-event-0000-rel-p00-set-11-ts-47362789.vi,1040640,f7bb5209f6911fe0c727df29605ed85e578ca32bab792e8da0cdf57736dcb2c3
camera-0051-event-0000-rel-p00-set-11-ts-48363803.vi,1040640,2c0f61d055225b2eb171a388397e105b789ad4a2b2c3a37ef4a8b6ab4566c609
camera-0052-event-0000-rel-p00-set-11-ts-49364767.vi,1040640,949602400881e2ffbf8fe3e67438ec3b89b87f3c5a1ff7dfbf685c9328b5722c
camera-0053-event-0000-rel-p00-set-11-ts-51800458.vi,1040640,b9ba824223997a2d5dbb68c2173dd63e7ecc1a60b500288f0cc525d5c64c7c37
camera-0054-event-0000-rel-p00-set-11-ts-52801433.vi,1040640,61ab2ca9e043935c3ec7114e008183d8822c0cbd9e65bc22fa63eaf395b6399d
camera-0055-event-0000-rel-p00-set-11-ts-53802416.vi,1040640,825a423d98523d93b0ab4d3b8b58fb6fbef50e0a0e9fa0893582ab124a2bc2db
camera-0056-event-0000-rel-p00-set-11-ts-54803426.vi,1040640,76bdaf0f7415d89d54c9f819e452c432e00ab3d56b9af16f6a5fbfb352538bd8
camera-0057-event-0000-rel-p00-set-11-ts-55804413.vi,1040640,5903dc9105fbe596ad4486b05a9efc0fe51a820b3cc59b72f5e1c8ab9e88ffbb
camera-0058-event-0000-rel-p00-set-11-ts-56805599.vi,1040640,8a4efe59bff90be1ba96bb0a47ae6d7141e9677b366bdaeef13afb5f63dbc8c8
camera-0059-event-0000-rel-p00-set-11-ts-57806364.vi,1040640,695f048a509f49bc8888c5e5dbc1347eff143a42a49f293ee7ee75b4ad836f48
camera-0060-event-0000-rel-p00-set-11-ts-58807414.vi,1040640,f804b9be84ef68a3b5e0a12601e1deab5ceb8e164797c3fdf90f2fa8bea9005a
camera-0061-event-0000-rel-p00-set-11-ts-59808342.vi,1040640,b9501b134de7f1059202bd182fdb42570740c1041dc2a9ef3d347f4ee6f44cc6
camera-0062-event-0000-rel-p00-set-11-ts-60809324.vi,1040640,b1aec333d0693e6b228fcbb93421da31b18fc073c0299265668e28db5c815f0a
camera-0063-event-0000-rel-p00-set-11-ts-62344168.vi,1040640,3fc5cf28804f027829ad5dba9c7519e122cd6d2f140733b18979bbeeffb006cc
camera-0064-event-0042-rel-m02-set-11-ts-62995712.vi,1040640,4d317e11c4fcadbfafd66211e32603a026931e38f39b85d01ad8837cca72577a
camera-0065-event-0042-rel-m01-set-11-ts-63012395.vi,1040640,e77c5803458f064f3ee029c3f6b0c02a5ba32ee33562c5f6c55e46ab26d50296
camera-0066-event-0042-rel-p01-set-11-ts-63029151.vi,1040640,8c6c7d433643aa1af8344c34e32b37e3da87980989ca17baad6e7b3d6350882a
camera-0067-event-0042-rel-p02-set-11-ts-63045834.vi,1040640,fc5a7a200763404a052426f6e726dd6887d6ebee7e3746cafb76dad1a02a8731
camera-0068-event-0042-rel-p03-set-11-ts-63062165.vi,1040640,0957139f1822317d4e3268809fec8f10c1aff3685f2444ba8a3e8e067e4e9fb5
camera-0069-event-0000-rel-p00-set-11-ts-63347127.vi,1040640,9cb009a7ca65f7cdf9a9ff72fdd5b1fdeadac521a67a231c0a133d7e0a6ffed6
camera-0070-event-0000-rel-p00-set-11-ts-64348093.vi,1040640,44adf48f41259ab625f3895f7a7d281537c2255b0c58eb5990d7d8b8aedb803b
camera-0071-event-0000-rel-p00-set-11-ts-65349074.vi,1040640,58a928a0591f1cba8775528f62d96dc69b97a755a6838df0216d2a892509c6ac
camera-0072-event-0046-rel-m02-set-11-ts-65999696.vi,1040640,81768243240ada0029ea245739bb96636d98744a7840a73edb6f1820cf12f3a1
camera-0073-event-0046-rel-m01-set-11-ts-66016379.vi,1040640,01d1b845d460663cdfc32012bbfa4a23d604978e54b219060f20334a641efc4e
camera-0074-event-0046-rel-p01-set-11-ts-66033089.vi,1040640,fd75775032e4a38493573815ae59daadc29c38fab8c550d49e17ad64d25c2a99
camera-0075-event-0046-rel-p02-set-11-ts-66049772.vi,1040640,82e99fc4f3e392957cb925078122fa9ae8c38279c0a831824d37aed484e69d08
camera-0076-event-0046-rel-p03-set-11-ts-66066468.vi,1040640,c5bbe55761d1216158c5a59527f56a57ffbdbc34b2e38c61c8f8300531d1df0a
camera-0077-event-0047-rel-m02-set-11-ts-66148812.vi,1040640,19da2a1433b855cc5ec623f3f0a41dc99b32f92f1c73785df536c8d05cbc3230
camera-0078-event-0047-rel-m01-set-11-ts-66165569.vi,1040640,e1b518c6e73f7ecb48da9a3cc93c6752b8a751ecd106227df5ff725816ee59ca
camera-0079-event-0047-rel-p01-set-11-ts-66182253.vi,1040640,446b6b0530014219712746cd30936dd83ef65a44b01bd4666e3936103a2f6ad9
camera-0080-event-0047-rel-p02-set-11-ts-66198805.vi,1040640,0e1aa448060855f8fdb78f7bcde7e2c2841b679adaf905e03d7effdf90968929
camera-0081-event-0047-rel-p03-set-11-ts-66215488.vi,1040640,a8536e5c4f2d6f152a3f643ba3189e583ff6b68226496c5313ae8acca75d5f25
camera-0082-event-0000-rel-p00-set-11-ts-66349090.vi,1040640,4bb924c05db277654069d3c870d03a914bd61ea4d8ca5e31923aa7ebbe9c542a
camera-0083-event-0048-rel-m02-set-11-ts-67017403.vi,1040640,e77abe4d35dff7d0f5eb3588ac7647e2c12f78e9e53c71e5db3c02b770e2d606
camera-0084-event-0048-rel-m01-set-11-ts-67034086.vi,1040640,eccdafac4a7d12f862705d61ccaa90dc122876610a9a63e2656744c05f6362a6
camera-0085-event-0048-rel-p01-set-11-ts-67050769.vi,1040640,d73cdb1f151b36566b9a3e29b1273ffd8ccd6e7936261ecd43f9e94d0b343e97
camera-0086-event-0048-rel-p02-set-11-ts-67067452.vi,1040640,bb697805fdfecf031a5a663a2012edbcf93eaad0a9db6f9c439bf9a66e62e31f
camera-0087-event-0048-rel-p03-set-11-ts-67084135.vi,1040640,fc3cd4c80b6420a62b9d04690b97806c6f5ee829d8746188abc8b7f1c3f9e5a3
camera-0088-event-0000-rel-p00-set-11-ts-67349343.vi,1040640,9a97eb5702fa997d978304b7a513725cdda5905d0bf35d2b0563ff7692805147
camera-0089-event-0049-rel-m02-set-11-ts-68016914.vi,1040640,a4d009532a6370283690317b806813e78e488c4a2bf9c5f283eae9651149776f
camera-0090-event-0049-rel-m01-set-11-ts-68033379.vi,1040640,d6b38284d4be03626f6b8de2003f7c5e010c4eab6a0036b5520b39085478e6e4
camera-0091-event-0049-rel-p01-set-11-ts-68050062.vi,1040640,af568248369522cc9f6f1c912f375b00a3a9f197d6b7e97f07bdc97f7e6229ab
camera-0092-event-0049-rel-p02-set-11-ts-68066668.vi,1040640,15bb775bf49ff74c4b5b9525c9ddc08d6e284b809c24ab40ada7f83deaa67193
camera-0093-event-0049-rel-p03-set-11-ts-68083352.vi,1040640,0ba3256b36465d78547fdd6929d616155d0e86447e6dcda5fc810dec5c2c5d62
camera-0094-event-0000-rel-p00-set-11-ts-68350302.vi,1040640,7e4de23049899bcc35d8ea7c66b4ceaa7d385c1c004a6f63283315f3bfff8c9f
camera-0095-event-0050-rel-m02-set-11-ts-69017444.vi,1040640,022976e57d0c579a87ab2eaaa02f3de3b2d211d4b006d0f17db8b0b2c497815b
camera-0096-event-0050-rel-m01-set-11-ts-69034103.vi,1040640,d6b46b3600fa9ccef88c9a117e753ad75377b8c2cf9486fa93cda02b53bda913
camera-0097-event-0050-rel-p01-set-11-ts-69050786.vi,1040640,1ada169c8e783069430b7c4cc46d66bfd271ddc08b03a5e91c578ac3c2e2ac9f
camera-0098-event-0050-rel-p02-set-11-ts-69067508.vi,1040640,2a60d990b4a7eaa7d3b0c8c64df62447c9849f1ca372e15df22b496b878f5bae
camera-0099-event-0050-rel-p03-set-11-ts-69084190.vi,1040640,ae34d6ebc3f9c2ab6dd1fbdae0c7b58b1b916cc600205ef39a32ac7e61991ea5
camera-0100-event-0000-rel-p00-set-11-ts-69351129.vi,1040640,120fc72e9b10425d83477aeca675523803d1ecee24d1c939911c93ff1aa4e53f
camera-0101-event-0051-rel-m02-set-11-ts-70018435.vi,1040640,a9a80c60f86aac1a4cde1c1c761a3d94bedcdf58e25ceab0564f322fcc1b3053
camera-0102-event-0051-rel-m01-set-11-ts-70035119.vi,1040640,ad7fdb4e4afa129b2535bcc1998934b26e34e763094608fe55cb38e414f24e2e
camera-0103-event-0051-rel-p01-set-11-ts-70051802.vi,1040640,29f447e2392249d0d918d3338988b82fc0b270f35775f2533c32c975360c0e54
camera-0104-event-0051-rel-p02-set-11-ts-70068467.vi,1040640,4f08142d8c7c72f4792f27efec5faae4299d46740936b7998d7317fe71a0adbe
camera-0105-event-0051-rel-p03-set-11-ts-70085150.vi,1040640,a0f57ca0e766fb50fece195f393b97bb076895ca2a4129c08c0aa85401a53b91
camera-0106-event-0000-rel-p00-set-11-ts-70352123.vi,1040640,10b80e5941073923a625517121243880fe461d21bd13e7d4ee91456bf92101c1
camera-0107-event-0052-rel-m02-set-11-ts-71019372.vi,1040640,b06880c06138cf307b6a3c9eb1f96675b37b13587223a745d426a5c33ced4523
camera-0108-event-0052-rel-m01-set-11-ts-71036235.vi,1040640,2698170db635ec236849283ae307860f00db9c999e6ab84b19e26bd508ccf013
camera-0109-event-0052-rel-p01-set-11-ts-71052918.vi,1040640,3376578fb4c422c050e2f8c309f0307f24e91e3286be66dea8b19c0ee6847e79
camera-0110-event-0052-rel-p02-set-11-ts-71069587.vi,1040640,bc5a34e41d2ec429d76921c3411693548ff8739fcce41ad4a4724279a0d0e968
camera-0111-event-0052-rel-p03-set-11-ts-71086271.vi,1040640,3c6edd19e6313d390a2f083c9cabe75bb2aadfa23b01d6826bc380b6ca453851
camera-0112-event-0000-rel-p00-set-11-ts-71353028.vi,1040640,5440fd1b5fd8b0489998139c1e12b36e4be104565e3d2bf7c22c6c72b36dd368
camera-0113-event-0053-rel-m02-set-11-ts-72021003.vi,1040640,018197fa1410e55a003c5ff931ae0d0ed667d4eeceee60270b385db3fa929eb2
camera-0114-event-0053-rel-m01-set-11-ts-72037699.vi,1040640,51e772f084f58bbd27143e9145cfa4a061e4174dd1b60f65d340e1ccb271d9a8
camera-0115-event-0053-rel-p01-set-11-ts-72054382.vi,1040640,d96a8cb70496c867d67051588a1d34d4e44d2cad0f59ecd7dce9b966fcc38eb7
camera-0116-event-0053-rel-p02-set-11-ts-72071053.vi,1040640,74a5a84703db8e3166f10bb766c7ac68fd42859b885c789aad600a05fbad8830
camera-0117-event-0053-rel-p03-set-11-ts-72087737.vi,1040640,81bff0f0392a933ed91f3186d3f50d3e31563d3f4443b4756926c14fad28d3b7
camera-0118-event-0000-rel-p00-set-11-ts-72354224.vi,1040640,127fb12bfe0cefc00145429aa2a7a4320b98ec2878de1887a52605acc119a49b
camera-0119-event-0054-rel-m02-set-11-ts-73022361.vi,1040640,7ec754957f757143a506604946b1b212674f7b2263c960ed6c87a2cd6fecd35a
camera-0120-event-0054-rel-m01-set-11-ts-73038834.vi,1040640,90304eb35d09d5d4a1ae34fd9f3e4637b8903ccec5cb00103af4095aa120a873
camera-0121-event-0054-rel-p01-set-11-ts-73055517.vi,1040640,ce553c0ce9d2949001c57024dc446f710b292e69c8981d981a42336ac29f43d1
camera-0122-event-0054-rel-p02-set-11-ts-73072190.vi,1040640,eec5ee7f65b234557224e388354c590f6fe4c694f14d950cbab1ffe78a67361e
camera-0123-event-0054-rel-p03-set-11-ts-73088873.vi,1040640,41e290a995b4a856dc1e53abd3cf1b8122798e76941fdc9d695db0d4cb434893
camera-0124-event-0000-rel-p00-set-11-ts-73355400.vi,1040640,77dbd322fef029e28ce2ffeb409640bb8e829bc558309c221630b91e58ba867d
camera-0125-event-0055-rel-m02-set-11-ts-74022769.vi,1040640,726ea9073dc0ff1567c5a57420db069d87cc20c6d5677e75d66721b0fc6ce441
camera-0126-event-0055-rel-m01-set-11-ts-74039567.vi,1040640,02c4a3c7787133ff00b3162236ac61779c19febccee9be7867fc910e6b0b4f9f
camera-0127-event-0055-rel-p01-set-11-ts-74056249.vi,1040640,aecc23593d83ff050ad5c8a32feee0f6703b69f8012be0dda69cd62eb8a04015
camera-0128-event-0055-rel-p02-set-11-ts-74073021.vi,1040640,df776ffd44c202731bb72a9380a5179bc5aad0367e7df5bd52ed04be071c2999
camera-0129-event-0055-rel-p03-set-11-ts-74089705.vi,1040640,1ee30de5c0d9986709aa9548956e24423982b370d6cd893479cd90b3c9572d7a
camera-0130-event-0000-rel-p00-set-11-ts-74356538.vi,1040640,36beeed9948a8d9eccc2c9165d1265a4725678e1fc4d1ff8aab188a854ff4a13
camera-0131-event-0056-rel-m02-set-11-ts-75024261.vi,1040640,f44ca376fd851b8326a72b18853cf1dc78ecde317b9ffeea4201867b9e73aea9
camera-0132-event-0056-rel-m01-set-11-ts-75041606.vi,1040640,ecef22c2c11018e74d46f5f470d92f82cc2414b38d32b5b99e425073f8831e78
camera-0133-event-0056-rel-p01-set-11-ts-75058289.vi,1040640,eed75900077d344acb58aef2765ad88bc604b90ef3b9f335da788a09da6b0ea8
camera-0134-event-0056-rel-p02-set-11-ts-75074976.vi,1040640,73ca3ddeb980d6eb7c798ef72fabd05e8ed8c6d4217a2fe064341372507e1534
camera-0135-event-0056-rel-p03-set-11-ts-75091659.vi,1040640,b347adb6451e7bc2c1338fdf3dafea03a94b7b10158f1d08c4c35b05acf0f045
camera-0136-event-0000-rel-p00-set-11-ts-75358935.vi,1040640,9c4017e5577a523e620ab68ba1b55c487c8b3cdfc917c22775dbcc6422514d77
camera-0137-event-0057-rel-m02-set-11-ts-76008085.vi,1040640,a13f89500347ab391ef1843f345c0f596949743819e8b56e2f397aeccd578e2c
camera-0138-event-0057-rel-m01-set-11-ts-76024768.vi,1040640,ff101d6da2a6f516dd991d84397c98fc4f6df9d415f4f6d170be91c364201563
camera-0139-event-0057-rel-p01-set-11-ts-76041384.vi,1040640,645652bc4e315d350fc16dd72bebd334b435cb87fa65076d361bf89f3e28fdfc
camera-0140-event-0057-rel-p02-set-11-ts-76058067.vi,1040640,938bc0805ddd734321fc99b57069d4675637b76f7124ecd63bd919606539ad37
camera-0141-event-0057-rel-p03-set-11-ts-76074552.vi,1040640,b422c27f4fe4f4031716002a53acb94ee87def1d44899a1dc29287fb3e9e4a3b
camera-0142-event-0000-rel-p00-set-11-ts-76359422.vi,1040640,6b73fa99bad344be12313e065d77d38b6b2753be7dd960f5169304f032d0af36
camera-0143-event-0000-rel-p00-set-11-ts-77358985.vi,1040640,5c3382de23ce4675e2c1924d0b759830989253c198ac77118e79782995d143b4
camera-0144-event-0000-rel-p00-set-11-ts-78360221.vi,1040640,85a16584df8c383dc462fc2155cfdf5ea314b3f28897450fe7ea7b05fb828a8f
camera-0145-event-0060-rel-m02-set-11-ts-79029208.vi,1040640,edcefc48f49e636f54ee3f735f66c3ebe3923cbc4037c9a7d871e2e6a23a0de2
camera-0146-event-0060-rel-m01-set-11-ts-79045892.vi,1040640,9cab6bd1723450e739656389c23524a89fc783ab010233f6570e93f599d8e962
camera-0147-event-0060-rel-p01-set-11-ts-79062575.vi,1040640,f4f63a9ff5797da0edca95e3b03db0511c540767c73416c37f7a946ca5f0eb49
camera-0148-event-0060-rel-p02-set-11-ts-79079258.vi,1040640,f1edbdd6d6032343a41727dec3580281175ec76b815d0306f2080b01721659af
camera-0149-event-0060-rel-p03-set-11-ts-79095941.vi,1040640,9d322009c8800eb5cc2d03317082c048d87cc4defe497338648317932a0abf82
camera-0150-event-0061-rel-m02-set-11-ts-79246088.vi,1040640,19b17e94e15f0b3e4faed9a2012b81251e7a3b6aa972a14543cd23068bdafe1b
camera-0151-event-0061-rel-m01-set-11-ts-79262771.vi,1040640,fce9980bc8715089ccd7a17e681f4612c473ccc0b8d200bf67d7ffe6e111f758
camera-0152-event-0061-rel-p01-set-11-ts-79279455.vi,1040640,3811dc68be0c84fc17f6b430d7f4f3cc053c84d4cb441a7c038b02dbffbe3389
camera-0153-event-0061-rel-p02-set-11-ts-79296138.vi,1040640,ed05dbcc22778b87c7d1a04d6e135db0baece6ff9dd0c672af66d0ea0e42558a
camera-0154-event-0061-rel-p03-set-11-ts-79312820.vi,1040640,629ff94c2b97c8c70720dcf321fdb89bf69b8a294d6a16aa07a38911a17af226
camera-0155-event-0000-rel-p00-set-11-ts-79362870.vi,1040640,d8b787abd9622b5733b98865bff3bc173ef40d7897d668c6892305e13944350f
camera-0156-event-0062-rel-m02-set-11-ts-80046512.vi,1040640,58a2fce2523a735a871bd3df6fb09c718c8d819df74fe8d6368ad89e4ded4207
camera-0157-event-0062-rel-m01-set-11-ts-80063195.vi,1040640,b1d421bd14faf18ee935bc5cf7325db20dcfeae4e98edf4b95b02531b8d5b963
camera-0158-event-0062-rel-p01-set-11-ts-80080242.vi,1040640,63bb982400024eaca259d42afd0cb898d483e57c32be9046906e13f147906d22
camera-0159-event-0062-rel-p02-set-11-ts-80096925.vi,1040640,37bc62c629400f20784482bd077fd86a04c09e6de79f2b2ade4c3213561f6a06
camera-0160-event-0062-rel-p03-set-11-ts-80113608.vi,1040640,e91bd26830b9b68f93e233f764ee1b92ea3205190554c995de9015255f42d030
camera-0161-event-0000-rel-p00-set-11-ts-80362671.vi,1040640,534dcf5940b0399d6dea5c8e7e8712600b4315508f77ecf9b86fd7449abe2bf2
camera-0162-event-0064-rel-m02-set-11-ts-81146782.vi,1040640,b51ea18b3bf62256547bba0357b7ab1677addbbbd4a6f4fd048aa00b1d21cbba
camera-0163-event-0064-rel-m01-set-11-ts-81163466.vi,1040640,e5acb3fe795b1553d3196c8d2bae77599b501f6de491e328750fab046996bcf9
camera-0164-event-0064-rel-p01-set-11-ts-81180146.vi,1040640,0ef3d11d0451ddc8a32096ce1d50fd95e3cf050de149523eeee86d635aa16559
camera-0165-event-0064-rel-p02-set-11-ts-81196829.vi,1040640,90c4a5dc8d607ee391a33e1cc7930a67ab0c2d5b1cb4d5fd23c80b7240c338d7
camera-0166-event-0064-rel-p03-set-11-ts-81213319.vi,1040640,573d691332ac4f47d4ac8896498bcd71cffe479f30bcb18ffc2d873304a7c280
camera-0167-event-0000-rel-p00-set-11-ts-81363086.vi,1040640,4827e23930fcb2aa3761b6dd54fbf4b6e66c18e6f47f8a2c25f05c2ceb2fd378
camera-0168-event-0065-rel-m02-set-11-ts-81947068.vi,1040640,8f70a2c5a7b7275a47bcbd644b7b30ddff9f52d6a4ec8bc4add260e82acbb1ff
camera-0169-event-0065-rel-m01-set-11-ts-81963751.vi,1040640,6a2ed83ed85febbe4092acf8c3cf9a16acaa83ca21b06f49ba24080310e93c2c
camera-0170-event-0066-rel-m02-set-11-ts-81947068.vi,1040640,8f70a2c5a7b7275a47bcbd644b7b30ddff9f52d6a4ec8bc4add260e82acbb1ff
camera-0171-event-0066-rel-m01-set-11-ts-81963751.vi,1040640,6a2ed83ed85febbe4092acf8c3cf9a16acaa83ca21b06f49ba24080310e93c2c
camera-0172-event-0065-rel-p01-set-11-ts-81980589.vi,1040640,acccf00942523522a34558c660c270bad07468709b80ddf0ef684d3497183e3c
camera-0173-event-0066-rel-p01-set-11-ts-81980589.vi,1040640,acccf00942523522a34558c660c270bad07468709b80ddf0ef684d3497183e3c
camera-0174-event-0065-rel-p02-set-11-ts-81997272.vi,1040640,92fd6927e9eb56280f5e05a7ac211782993ec45b47212ad79831a5852c2f0375
camera-0175-event-0066-rel-p02-set-11-ts-81997272.vi,1040640,92fd6927e9eb56280f5e05a7ac211782993ec45b47212ad79831a5852c2f0375
camera-0176-event-0065-rel-p03-set-11-ts-82013907.vi,1040640,c610e696143faab045fce95dade327438b13921bfda31f3987b0e5287e8b7278
camera-0177-event-0066-rel-p03-set-11-ts-82013907.vi,1040640,c610e696143faab045fce95dade327438b13921bfda31f3987b0e5287e8b7278
camera-0178-event-0000-rel-p00-set-11-ts-82364020.vi,1040640,9f6be18fb48e9e7689d16910c48aedd2a162f3a6450281344f344a2beade3227
camera-0179-event-0068-rel-m02-set-11-ts-83047929.vi,1040640,cb8f39da1bc9ea15345f37e3dff1a921d53aed358503748c184c1e21e851b75b
camera-0180-event-0068-rel-m01-set-11-ts-83064612.vi,1040640,15506e93ea030b5917926640a39cf386be828b0f47c7fa47fa148b581097acbb
camera-0181-event-0068-rel-p01-set-11-ts-83081269.vi,1040640,6a79a8721641456e7dc2802b6b8d988b03572cb4302752dffaa85138b6d2ad8f
camera-0182-event-0068-rel-p02-set-11-ts-83097952.vi,1040640,e828969e2be46ff3d0e2099e007d39b9d347fc2a4978a2dbb0202354771e6e79
camera-0183-event-0068-rel-p03-set-11-ts-83114683.vi,1040640,4d7f8968675a5e7f5465ef9182e68f36ca40829f32c5b3d401b66bf1f6ae09da
camera-0184-event-0000-rel-p00-set-11-ts-83364877.vi,1040640,9e9b9e7c6f8d3436cf498be9cb677551f624cf6942a0af5423115ab684747072
camera-0185-event-0000-rel-p00-set-11-ts-84366398.vi,1040640,38c6c6cc836407eb79d616e38dd34ce4c0426ec76207d33f81433c8e7b0a187f
camera-0186-event-0070-rel-m02-set-11-ts-85050022.vi,1040640,2b634dade25f962bdd1b1c56abcf42ae7887fe8dc60c6d1b66c9357f661d72b1
camera-0187-event-0070-rel-m01-set-11-ts-85066705.vi,1040640,8dc87a054916104be91198fd9eaef01305e73a511b3cc27cc538859a1c89b10d
camera-0188-event-0070-rel-p01-set-11-ts-85083598.vi,1040640,025d30cdc275bbccc51512b74d6fe355b558e46d829cd9567154acd4bf6a1f41
camera-0189-event-0070-rel-p02-set-11-ts-85100281.vi,1040640,e31e1776c5312178c0efe5794a7b9027588750de042b4b2a7b2d0ddcd27a5d4b
camera-0190-event-0070-rel-p03-set-11-ts-85117113.vi,1040640,1b6e6b2d7ee166d65948b1a0ed7993bfdf974dedf279b91a35d09887ee995e34
camera-0191-event-0000-rel-p00-set-11-ts-85368244.vi,1040640,9df23daf78c532baac66785119ed30139a8958943b46e12809d5afb7ed4d1966
camera-0192-event-0072-rel-m02-set-11-ts-86167835.vi,1040640,d190fdd494fb92fdcc77aca33fb79765049e31e2035d521b7b7331ad2413c4e7
camera-0193-event-0072-rel-m01-set-11-ts-86184431.vi,1040640,b5ef4fb85c4cf763c3ad9e702025e3bfe0d344ef75597674373973ef48a4587c
camera-0194-event-0072-rel-p01-set-11-ts-86201114.vi,1040640,7b54669330bac76f95c46bc62137a0f0497aaa1ede70cc69e2bd18975539ea87
camera-0195-event-0072-rel-p02-set-11-ts-86217773.vi,1040640,2ca394f3455a43802ff79a34aecc944761d881930477350b196d7b70fd9c09e4
camera-0196-event-0072-rel-p03-set-11-ts-86234456.vi,1040640,f8e51be9c35312ec7dce173c1b5a28098a160e4ee674a24119d292a3813cda55
camera-0197-event-0000-rel-p00-set-11-ts-86367809.vi,1040640,ed1d80a685d64a745d0f4a36bcbd0ae262912aa58544a433205a188f2cc17621
camera-0198-event-0073-rel-m02-set-11-ts-87051849.vi,1040640,c55406e25d27b82a114336a6f6e1054256e07f8dd5374779c90678b7b99a34a4
camera-0199-event-0073-rel-m01-set-11-ts-87068532.vi,1040640,6dc2a0f5dd312e8b4c39f5be5aa13c168fc47a89de5d87bf5506e19dfa3cbbc1
camera-0200-event-0073-rel-p01-set-11-ts-87085247.vi,1040640,93de3439dfccd1bae030f272f68cf636539eca03adbd80abb4e7091e09b38a52
camera-0201-event-0073-rel-p02-set-11-ts-87101930.vi,1040640,7d15ee1ef93292e6ac1f2227ca47aee48729816dba5f666e8b21cf80c81747d0
camera-0202-event-0073-rel-p03-set-11-ts-87118519.vi,1040640,3fce3160fbfe3a60b31e43a46762fe4b2716e9b384e3f3a2c4a4a2e8f54e3e81
camera-0203-event-0000-rel-p00-set-11-ts-87368873.vi,1040640,ab6c3f2dbfcd24b0c08af6ac653b81b8262b159e34014f54d1219582f8e5e875
camera-0204-event-0074-rel-m02-set-11-ts-88052926.vi,1040640,21d9f0aea3f6c94d5f9054daff155f1664c2fc0bb7fa3a2776279e15108c6cf2
camera-0205-event-0074-rel-m01-set-11-ts-88069609.vi,1040640,0e139d04f72b30a2c449cd488ac15a174155fc616f18db73a3a07ede0550f668
camera-0206-event-0074-rel-p01-set-11-ts-88086155.vi,1040640,c20d30883505713248cb625ec0172ad6cdb6afbde2212298336af88631e91bc3
camera-0207-event-0074-rel-p02-set-11-ts-88102838.vi,1040640,0487c8725c71dde67a00f981f55addb80c4d4de2528f19f4dc17a2b7998993cd
camera-0208-event-0074-rel-p03-set-11-ts-88119557.vi,1040640,e9faa29aa5fd9ddfa8e3c64a9e62ab9a12bed6f41f2a4eb2d6cd63a047be59d2
camera-0209-event-0000-rel-p00-set-11-ts-88369863.vi,1040640,3f382605f06799f49d785f7c052fa41a617f67fc8e9740edc98b6e819bfea4e6
camera-0210-event-0075-rel-m02-set-11-ts-89037128.vi,1040640,ab06c2fecb4381b75e197a68189b7e56b584d18c0162c0b50720c3a49149d611
camera-0211-event-0075-rel-m01-set-11-ts-89053879.vi,1040640,fdaf8fdeb1b3639ace4185bbc8954fe3d260d616482e1ff8e13ef60f5fb84902
camera-0212-event-0075-rel-p01-set-11-ts-89070562.vi,1040640,d5a94a093db3db88fc619015ec86ddba1ae60ff0d69005abff01b98a592b2dc7
camera-0213-event-0075-rel-p02-set-11-ts-89087111.vi,1040640,f1dcd2d9153f4b564bf93b3282a64e2702eef18b444fea2a598a8691d22c79aa
camera-0214-event-0075-rel-p03-set-11-ts-89103794.vi,1040640,2f46a368909d82af00ce4f336bf5cbe104467fe966e692561dd16d0bf8bd58c1
camera-0215-event-0000-rel-p00-set-11-ts-89370771.vi,1040640,3d0bf58924e0ce2f51b2097f6e049f37a917b8b47d1128243dca376a38794722
camera-0216-event-0000-rel-p00-set-11-ts-90371751.vi,1040640,1a04a2971178f04985b9a4fce8b2a53111e78aa536417c78f22ddb0a6f6a13ec
camera-0217-event-0000-rel-p00-set-11-ts-91372721.vi,1040640,8bc3791304f3a64554d35b5f3444eaca599f58ec99315aa8bfa457239eac569f
camera-0218-event-0078-rel-m02-set-11-ts-92056842.vi,1040640,498bdd72dad40b00541a25bd2478fced64caa7c9b8a080bf86a128e804fee5af
camera-0219-event-0078-rel-m01-set-11-ts-92073525.vi,1040640,fddf977b491ac49b3ee273eb0f3096fbba0cc1b6a93dd4cf02cf7fbf7db72526
camera-0220-event-0078-rel-p01-set-11-ts-92090167.vi,1040640,4f85a52ac6ae0c950a13fa36d568dc78ef44f96b2231dcaba345841755dc4810
camera-0221-event-0078-rel-p02-set-11-ts-92106850.vi,1040640,c925af6077c7459a1b8e1c7f9ac0bbf34e466ca7748285090bfddbe4100ff1f6
camera-0222-event-0078-rel-p03-set-11-ts-92123453.vi,1040640,815a571df96f6d5ea8c9e949964e74afa57694ad30047b46c449a28268a49d2d
camera-0223-event-0000-rel-p00-set-11-ts-92373693.vi,1040640,c26b2673df8473a9f76e6bfa0d70fbec02d0bd768545001681d979dafe811bdf
camera-0224-event-0079-rel-m02-set-11-ts-92407055.vi,1040640,c363378474b5f110d24226f5a71d0b7ee73001e6637a541c29651de2a903de32
camera-0225-event-0079-rel-m01-set-11-ts-92423816.vi,1040640,628c1c88bc2a39ff5fe5d70e64e9d616b207de4820c13ae1f1268e97d52db84c
camera-0226-event-0079-rel-p01-set-11-ts-92440500.vi,1040640,e26d76fa347c5c38bca46555f5448369dd13a6a1b93309af55b8ffe1ad490d19
camera-0227-event-0079-rel-p02-set-11-ts-92457139.vi,1040640,a5bcb6f803117be00d4bfa7df4b2fff7d1ccf6da202d6662aa3db06039422712
camera-0228-event-0079-rel-p03-set-11-ts-92473822.vi,1040640,c38901382d8894f58f98e02ee0cc888e12f9fc6a0f798750c2052a69740cd553
camera-0229-event-0080-rel-m02-set-11-ts-93074424.vi,1040640,ac05c80c0266b2c830759ed1be47d2f979327b69865ef9b926804af5e411ce95
camera-0230-event-0080-rel-m01-set-11-ts-93091060.vi,1040640,ced94ba6a1e6b48c0937aa27bc3a286180f5e087b5ae73cb38a452dac956e54c
camera-0231-event-0080-rel-p01-set-11-ts-93107743.vi,1040640,9ea8f9725163e24163c1659635424f4c1aca74cc2af62c465ed533b243b33c1e
camera-0232-event-0080-rel-p02-set-11-ts-93124437.vi,1040640,7a9a1b4d6cae30d2ede148c0fd54fc4092bb46feb63b464ecee20c088bcddd5a
camera-0233-event-0080-rel-p03-set-11-ts-93141120.vi,1040640,acd7542691d37ebf83b4db020ecba993308cef7f732b47c5385f30e8628a22ed
camera-0234-event-0000-rel-p00-set-11-ts-93374706.vi,1040640,4e1ea18ce0c8590d785df65c25a2cc03a802e400919bf1752c9160eb7cce831a
camera-0235-event-0082-rel-m02-set-11-ts-94292266.vi,1040640,fa911c4f5f4cc482e3578af4ee801ed5f264dacce15894197373c0f030103194
camera-0236-event-0082-rel-m01-set-11-ts-94308949.vi,1040640,4ba7e6e5efb6cc823742e8be0435d9b266ca54abcea3e3fe813d93ce3ca31c2d
camera-0237-event-0082-rel-p01-set-11-ts-94325625.vi,1040640,509efc4874c8e9fc15a66904bc23927167badf543a8216a2ba567c15405b3177
camera-0238-event-0082-rel-p02-set-11-ts-94342306.vi,1040640,21b69e17587f47f7d8d609481b268f9e4c3d097a1d90225d111e21472529543e
camera-0239-event-0082-rel-p03-set-11-ts-94359013.vi,1040640,b8e3deb43e91e91657e2ed3822a6bc85140ff3992486f8d1b2b9fda41646a2bb
camera-0240-event-0000-rel-p00-set-11-ts-94375696.vi,1040640,ded5f81efbff63dad86b2660631e6da8b4fb3e9bf1989a24886385bab313ec03
camera_frames.csv,28088,b94c6ac5de4a57c75b69b61d23fae3e040cd7b0a6d81723080a0ea30842f53c6
clock_sync.csv,3240,82fffc7f76ba6af7db856ae14c4d964d76a385a5188274f6322fb18f020ef047
events.csv,4052,8467c7138d88b83b3287f4b0c63648c7f662b1474eb60c14c75e558f3a142e4e
poses.csv,21808380,8ff5a458fe3c2de6fab7393e814ab87ed5328e9d48f3504d65f91d7da3cb30e5
sony_led_ground_truth.csv,1810130,7a6422761396ed9fe678008c0b17012b42d3e48613e737dda1bc00ff76a8f8b6
usb-if8-led-detector.bin,229398584,f9c1cffeda6153d9a1604902f0c22fc8886c23e8e1bcbcb7c7e26f22382495c9
..\sense-research\steamvr-succes-2.pcapng.gz,1806763,26bbdb4ca0a17d050c7c02b19df1fa9441ed264bc0d13746bcf365a22b87321b
