host_us,from_phase,to_phase,from_led0,to_led0,run_id,pre_frames,pre_union_mean,pre_valid_fraction,pre_if8_nonzero,post_frames,post_union_mean,post_valid_fraction,post_if8_nonzero
402863318039.5692,0,5,0,255,2,0,,,108.33333333333333,0,,,99.66666666666667
402863618131.3693,5,0,255,255,3,1,0.0,0.0,105.33333333333333,6,0.0,0.0,103.0
402863736846.2903,0,1,255,255,4,6,0.0,0.0,103.0,6,0.0,0.0,93.5
402864224624.9654,1,1,255,255,5,6,0.0,0.0,96.5,2,0.0,0.0,294.5
402865229358.29626,1,1,255,255,6,6,0.0,0.0,167.16666666666666,6,0.0,0.0,165.33333333333334
402866234351.6269,1,1,255,255,7,6,0.0,0.0,219.33333333333334,6,0.0,0.0,189.83333333333334
402867239323.9576,1,1,255,255,8,6,0.0,0.0,284.6666666666667,6,0.0,0.0,307.1666666666667
402868244346.2882,1,1,255,255,9,6,0.0,0.0,276.8333333333333,6,0.0,0.0,274.8333333333333
402869249301.61884,1,1,255,255,10,6,0.0,0.0,274.5,6,0.0,0.0,272.5
402870254303.9495,1,1,255,255,11,6,0.0,0.0,277.1666666666667,6,0.0,0.0,273.5
402871259199.2802,1,1,255,255,12,6,0.0,0.0,285.8333333333333,6,0.0,0.0,286.0
402872260332.61346,1,1,255,255,13,6,0.0,0.0,257.1666666666667,6,0.0,0.0,263.1666666666667
402873261705.94653,1,1,255,255,14,6,0.0,0.0,261.0,6,0.0,0.0,264.5
402874266820.2771,1,1,255,255,15,6,0.0,0.0,258.1666666666667,6,0.0,0.0,260.6666666666667
402875271695.6078,1,1,255,255,16,6,0.0,0.0,252.5,6,0.0,0.0,255.66666666666666
402876276865.93835,1,1,255,255,17,6,0.0,0.0,264.0,6,0.0,0.0,264.0
402877281925.269,1,1,255,255,18,6,0.0,0.0,261.1666666666667,6,0.0,0.0,261.1666666666667
402878287050.59955,1,1,255,255,19,6,0.0,0.0,253.66666666666666,6,0.0,0.0,264.3333333333333
402879293723.9291,1,1,255,255,20,5,0.0,0.0,300.6666666666667,7,0.0,0.0,299.6666666666667
402880296982.26086,1,1,255,255,21,6,0.0,0.0,309.8333333333333,6,0.0,0.0,313.6666666666667
402881309559.5865,1,1,255,255,22,6,0.0,0.0,313.0,6,0.0,0.0,305.5
402882315051.9168,1,1,255,255,23,6,0.0,0.0,302.6666666666667,6,0.0,0.0,313.1666666666667
402883319489.2478,1,1,255,255,24,6,0.0,0.0,312.3333333333333,6,0.0,0.0,312.5
402884324330.57855,1,1,255,255,25,6,0.0,0.0,304.3333333333333,6,0.0,0.0,304.1666666666667
402885329342.9092,1,1,255,255,26,6,0.0,0.0,312.5,6,0.0,0.0,311.8333333333333
402886334380.2398,1,1,255,255,27,6,0.0,0.0,305.8333333333333,5,0.0,0.0,307.1666666666667
402887339078.5707,1,1,255,255,28,6,0.0,0.0,289.3333333333333,6,0.0,0.0,289.0
402888343994.90137,1,1,255,255,29,6,0.0,0.0,280.8333333333333,6,0.0,0.0,283.3333333333333
402889348918.23206,1,1,255,255,30,0,,,,0,,,
402890353873.56274,1,1,255,255,31,6,0.0,0.0,283.3333333333333,6,0.0,0.0,283.6666666666667
402891358952.8934,1,1,255,255,32,6,0.0,0.0,282.5,6,0.0,0.0,287.3333333333333
402892362149.2252,1,1,255,255,33,6,0.0,0.0,284.6666666666667,6,0.0,0.0,289.6666666666667
402893368841.5547,1,1,255,255,34,6,0.0,0.0,280.8333333333333,6,0.0,0.0,288.6666666666667
402894373820.8854,1,1,255,255,35,6,0.0,0.0,295.0,6,0.0,0.0,299.1666666666667
402895378855.216,1,1,255,255,36,6,0.0,0.0,289.1666666666667,6,0.0,0.0,286.0
402896383764.5467,1,1,255,255,37,6,0.0,0.0,310.3333333333333,6,0.0,0.0,310.6666666666667
402897388759.8774,1,1,255,255,38,6,0.0,0.0,312.5,6,0.0,0.0,311.5
402898393810.20795,1,1,255,255,39,6,0.0,0.0,311.6,6,0.0,0.0,312.6666666666667
402899398754.53864,1,1,255,255,40,6,0.0,0.0,302.6666666666667,6,0.0,0.0,302.8333333333333
402900403708.8693,1,1,255,255,41,0,,,,0,,,
402901408651.2,1,1,255,255,42,6,0.0,0.0,312.3333333333333,6,0.0,0.0,307.5
402902411586.53204,1,1,255,255,43,6,7.0,1.0,375.0,6,6.333333333333333,1.0,385.3333333333333
402903412368.8655,1,1,255,255,44,6,7.833333333333333,1.0,469.5,6,7.166666666666667,1.0,558.6666666666666
402904423642.19196,1,1,255,255,45,6,8.0,1.0,699.0,6,8.0,1.0,694.6666666666666
402905098610.74243,1,2,255,255,46,6,7.666666666666667,1.0,594.1666666666666,6,6.833333333333333,1.0,605.5
402905241140.6475,2,2,255,6,47,6,6.666666666666667,1.0,612.8333333333334,6,6.666666666666667,1.0,599.6666666666666
402906104869.0722,2,2,6,14,48,5,7.8,1.0,714.0,7,8.285714285714286,1.0,709.8333333333334
402907108561.40375,2,2,14,12,49,6,9.0,1.0,789.5,6,8.5,1.0,792.1666666666666
402908121120.7294,2,2,12,4,50,6,6.833333333333333,1.0,642.1666666666666,6,6.333333333333333,1.0,646.1666666666666
402909111084.07,2,2,4,14,51,6,6.833333333333333,1.0,726.5,6,7.166666666666667,1.0,739.0
402910109567.405,2,2,14,6,52,5,8.6,1.0,757.8333333333334,7,8.285714285714286,1.0,720.0
402911114906.7354,2,2,6,10,53,6,8.666666666666666,1.0,606.1666666666666,6,8.5,1.0,534.0
402912112195.0712,2,2,10,12,54,5,8.6,1.0,818.8333333333334,7,8.142857142857142,1.0,806.8333333333334
402913116717.40216,2,2,12,14,55,6,7.0,1.0,440.1666666666667,6,7.666666666666667,1.0,452.8333333333333
402914137257.7225,2,2,14,12,56,6,3.5,1.0,224.5,6,2.5,1.0,190.66666666666666
402915099174.08185,2,1,12,255,57,6,10.333333333333334,1.0,754.3333333333334,6,9.5,1.0,837.1666666666666
402916100916.4146,1,1,255,255,58,6,7.0,1.0,648.0,6,7.5,1.0,688.8333333333334
402917135886.72534,1,1,255,255,59,6,7.833333333333333,1.0,661.3333333333334,6,8.0,1.0,643.5
402918118310.071,1,2,255,255,60,6,8.0,1.0,589.6666666666666,6,7.5,1.0,459.5
402918336980.92535,2,2,255,14,61,6,6.833333333333333,1.0,396.5,6,6.333333333333333,1.0,358.8333333333333
402919156787.37933,2,2,14,6,62,6,5.0,1.0,393.8333333333333,6,7.5,1.0,525.1666666666666
402921043269.1229,2,2,6,12,63,6,1.0,0.0,627.0,6,6.833333333333333,1.0,696.6666666666666
402922145800.3886,2,2,12,14,64,6,8.5,1.0,748.8333333333334,6,8.166666666666666,1.0,760.0
402924141851.0592,2,2,14,5,65,6,2.5,1.0,253.33333333333334,6,1.6666666666666667,1.0,245.16666666666666
402925266774.31,2,2,5,6,66,6,0.6666666666666666,1.0,342.5,6,7.0,1.0,498.6666666666667
402926143552.726,2,2,6,10,67,6,8.333333333333334,1.0,777.0,6,7.166666666666667,1.0,769.8333333333334
402927148228.0569,2,2,10,12,68,6,9.0,1.0,878.6666666666666,6,8.833333333333334,1.0,840.1666666666666
402928130604.4026,2,1,12,255,69,6,9.0,1.0,785.8333333333334,6,7.166666666666667,1.0,771.6666666666666
402929143516.72797,1,1,255,255,70,7,9.0,1.0,707.5,6,9.0,1.0,716.5
402930147076.0596,1,1,255,255,71,6,9.0,1.0,725.6666666666666,6,8.0,1.0,689.6666666666666
402931145589.39453,1,2,255,255,72,6,9.0,1.0,898.3333333333334,5,9.0,1.0,877.3333333333334
402931505553.1548,2,2,255,14,73,6,8.5,1.0,759.1666666666666,6,8.0,1.0,769.3333333333334
402932172013.71094,2,2,14,6,74,6,7.666666666666667,1.0,721.6666666666666,6,7.5,1.0,694.1666666666666
402933388106.901,2,2,6,12,75,6,9.0,1.0,761.0,6,7.5,1.0,750.1666666666666
402934169193.38074,2,2,12,10,76,6,9.0,1.0,816.6666666666666,6,9.833333333333334,1.0,754.0
402935165626.7171,2,2,10,6,77,6,6.833333333333333,1.0,493.5,6,7.0,1.0,540.5
402936208005.0229,2,2,6,12,78,6,8.333333333333334,1.0,541.6666666666666,6,7.0,1.0,710.5
402937167929.38354,2,2,12,14,79,6,8.0,1.0,681.5,6,7.5,1.0,685.5
402939170470.0498,2,2,14,10,80,6,8.0,1.0,687.6666666666666,6,8.5,1.0,596.1666666666666
402940183426.3751,2,2,10,13,81,6,11.0,1.0,742.3333333333334,6,10.666666666666666,1.0,658.8333333333334
402941165386.7211,2,1,13,255,82,6,1.6666666666666667,1.0,223.66666666666666,6,0.0,1.0,247.83333333333334
402942177881.0468,1,1,255,255,83,6,9.0,1.0,639.5,6,10.666666666666666,1.0,800.0
402943190321.3725,1,1,255,255,84,6,8.333333333333334,1.0,607.0,6,8.333333333333334,1.0,586.0
402944196499.70233,1,1,255,255,85,6,8.0,1.0,839.1666666666666,6,8.0,1.0,847.0
402945089183.1078,1,2,255,255,86,6,7.333333333333333,1.0,646.1666666666666,6,7.666666666666667,1.0,640.1666666666666
402945109599.09424,2,2,255,14,87,6,7.333333333333333,1.0,649.3333333333334,6,7.833333333333333,1.0,644.0
402946092773.4394,2,2,14,12,88,6,8.0,1.0,538.3333333333334,6,9.0,1.0,536.1666666666666
402948102748.1007,2,2,12,14,89,6,7.666666666666667,1.0,827.5,6,8.0,1.0,781.6666666666666
402950930267.2175,2,2,14,6,90,6,7.0,1.0,666.1666666666666,6,6.666666666666667,1.0,621.8333333333334
402953105101.76904,2,2,6,14,91,6,8.0,1.0,659.5,6,8.333333333333334,1.0,663.5
402955094486.44403,2,1,14,255,92,6,7.0,1.0,509.6666666666667,6,7.0,1.0,512.6666666666666
402956112659.7659,1,1,255,255,93,6,7.0,1.0,542.6666666666666,6,7.0,1.0,550.0
402957117598.0966,1,1,255,255,94,6,7.0,1.0,540.0,6,7.0,1.0,538.0
402958107514.4373,1,2,255,255,95,6,7.666666666666667,1.0,635.0,6,5.833333333333333,1.0,426.3333333333333
402959105141.7729,2,2,255,14,96,5,7.0,1.0,568.1666666666666,7,7.0,1.0,581.3333333333334
402965983186.19196,2,0,14,0,97,6,0.0,1.0,113.66666666666667,0,,,114.0
