filename,vi_sequence,vi_vts,same_counter_packet,same_counter_vts,same_counter_host_dt_us,vts_delta_us,nearest_packet,nearest_counter,nearest_vts_delta_us
camera-0001-event-0000-rel-p00-set-11-ts-23339611.vi,1073,23339611,61,23350948,2026,11337,61,1073,11337
camera-0002-event-0001-rel-m02-set-11-ts-23923227.vi,1108,23923227,96,23934855,1848,11628,96,1108,11628
camera-0003-event-0001-rel-m01-set-11-ts-23939910.vi,1109,23939910,97,23951539,1943,11629,97,1109,11629
camera-0004-event-0001-rel-p01-set-11-ts-23956506.vi,1110,23956506,98,23968222,2152,11716,98,1110,11716
camera-0005-event-0001-rel-p02-set-11-ts-23973189.vi,1111,23973189,99,23984904,2118,11715,99,1111,11715
camera-0006-event-0001-rel-p03-set-11-ts-23989893.vi,1112,23989893,100,24001588,2120,11695,100,1112,11695
camera-0007-event-0002-rel-m02-set-11-ts-24039860.vi,1115,24039860,103,24051637,1975,11777,103,1115,11777
camera-0008-event-0002-rel-m01-set-11-ts-24056505.vi,1116,24056505,104,24068320,2176,11815,104,1116,11815
camera-0009-event-0002-rel-p01-set-11-ts-24073188.vi,1117,24073188,105,24085003,1734,11815,105,1117,11815
camera-0010-event-0002-rel-p02-set-11-ts-24089993.vi,1118,24089993,106,24101686,3539,11693,106,1118,11693
camera-0011-event-0002-rel-p03-set-11-ts-24106677.vi,1119,24106677,107,24118369,2124,11692,107,1119,11692
camera-0012-event-0003-rel-m02-set-11-ts-24156818.vi,1122,24156818,110,24168418,2101,11600,110,1122,11600
camera-0013-event-0003-rel-m01-set-11-ts-24173501.vi,1123,24173501,111,24185101,2167,11600,111,1123,11600
camera-0014-event-0003-rel-p01-set-11-ts-24190197.vi,1124,24190197,112,24201785,2033,11588,112,1124,11588
camera-0015-event-0003-rel-p02-set-11-ts-24206880.vi,1125,24206880,113,24218467,2107,11587,113,1125,11587
camera-0016-event-0003-rel-p03-set-11-ts-24223406.vi,1126,24223406,114,24235150,2003,11744,114,1126,11744
camera-0017-event-0000-rel-p00-set-11-ts-24340683.vi,1133,24340683,121,24351932,2427,11249,121,1133,11249
camera-0018-event-0004-rel-m02-set-11-ts-24524221.vi,1144,24524221,132,24535445,1804,11224,132,1144,11224
camera-0019-event-0004-rel-m01-set-11-ts-24540904.vi,1145,24540904,133,24552129,2154,11225,133,1145,11225
camera-0020-event-0005-rel-m02-set-11-ts-24524221.vi,1144,24524221,132,24535445,1804,11224,132,1144,11224
camera-0021-event-0005-rel-m01-set-11-ts-24540904.vi,1145,24540904,133,24552129,2154,11225,133,1145,11225
camera-0022-event-0004-rel-p01-set-11-ts-24557272.vi,1146,24557272,134,24568812,1756,11540,134,1146,11540
camera-0023-event-0005-rel-p01-set-11-ts-24557272.vi,1146,24557272,134,24568812,1756,11540,134,1146,11540
camera-0024-event-0004-rel-p02-set-11-ts-24573955.vi,1147,24573955,135,24585495,2682,11540,135,1147,11540
camera-0025-event-0005-rel-p02-set-11-ts-24573955.vi,1147,24573955,135,24585495,2682,11540,135,1147,11540
camera-0026-event-0004-rel-p03-set-11-ts-24590507.vi,1148,24590507,136,24602178,2314,11671,136,1148,11671
camera-0027-event-0005-rel-p03-set-11-ts-24590507.vi,1148,24590507,136,24602178,2314,11671,136,1148,11671
camera-0028-event-0000-rel-p00-set-11-ts-25342686.vi,1193,25342686,181,25352916,2185,10230,181,1193,10230
camera-0029-event-0000-rel-p00-set-11-ts-26342793.vi,1253,26342793,239,26353900,2241,11107,239,1253,11107
camera-0030-event-0000-rel-p00-set-11-ts-27345043.vi,1313,27345043,299,27354884,2038,9841,299,1313,9841
camera-0031-event-0000-rel-p00-set-11-ts-28344178.vi,1373,28344178,359,28355869,2112,11691,359,1373,11691
camera-0032-event-0000-rel-p00-set-11-ts-29345046.vi,1433,29345046,419,29356854,2021,11808,419,1433,11808
camera-0033-event-0000-rel-p00-set-11-ts-30346064.vi,1493,30346064,479,30357838,1892,11774,479,1493,11774
camera-0034-event-0000-rel-p00-set-11-ts-31347015.vi,1553,31347015,539,31358822,2256,11807,539,1553,11807
camera-0035-event-0000-rel-p00-set-11-ts-32348029.vi,1613,32348029,599,32359807,2103,11778,599,1613,11778
camera-0036-event-0000-rel-p00-set-11-ts-33349003.vi,1673,33349003,659,33360792,2212,11789,659,1673,11789
camera-0037-event-0000-rel-p00-set-11-ts-34349984.vi,1733,34349984,719,34361778,2349,11794,719,1733,11794
camera-0038-event-0000-rel-p00-set-11-ts-35351023.vi,1793,35351023,779,35362762,2427,11739,779,1793,11739
camera-0039-event-0000-rel-p00-set-11-ts-36351908.vi,1853,36351908,839,36363747,2114,11839,839,1853,11839
camera-0040-event-0000-rel-p00-set-11-ts-37352928.vi,1913,37352928,899,37364732,2318,11804,899,1913,11804
camera-0041-event-0000-rel-p00-set-11-ts-38353903.vi,1973,38353903,959,38365718,2220,11815,959,1973,11815
camera-0042-event-0000-rel-p00-set-11-ts-39354942.vi,2033,39354942,1019,39366702,2260,11760,1019,2033,11760
camera-0043-event-0000-rel-p00-set-11-ts-40355898.vi,2093,40355898,1079,40367687,1883,11789,1079,2093,11789
camera-0044-event-0000-rel-p00-set-11-ts-41356888.vi,2153,41356888,1139,41368672,2242,11784,1139,2153,11784
camera-0045-event-0000-rel-p00-set-11-ts-42357934.vi,2213,42357934,1199,42369657,2145,11723,1199,2213,11723
camera-0046-event-0000-rel-p00-set-11-ts-43358857.vi,2273,43358857,1259,43370641,2815,11784,1259,2273,11784
camera-0047-event-0000-rel-p00-set-11-ts-44359798.vi,2333,44359798,1319,44371626,1798,11828,1319,2333,11828
camera-0048-event-0000-rel-p00-set-11-ts-45360785.vi,2393,45360785,1379,45372611,2819,11826,1379,2393,11826
camera-0049-event-0000-rel-p00-set-11-ts-46361779.vi,2453,46361779,1439,46373597,2973,11818,1439,2453,11818
camera-0050-event-0000-rel-p00-set-11-ts-47362789.vi,2513,47362789,1499,47374580,3453,11791,1499,2513,11791
camera-0051-event-0000-rel-p00-set-11-ts-48363803.vi,2573,48363803,1559,48375566,2921,11763,1559,2573,11763
camera-0052-event-0000-rel-p00-set-11-ts-49364767.vi,2633,49364767,1619,49376551,2220,11784,1619,2633,11784
camera-0053-event-0000-rel-p00-set-11-ts-51800458.vi,2779,51800458,1677,51812280,2240,11822,1677,2779,11822
camera-0054-event-0000-rel-p00-set-11-ts-52801433.vi,2839,52801433,1737,52813264,2381,11831,1737,2839,11831
camera-0055-event-0000-rel-p00-set-11-ts-53802416.vi,2899,53802416,1797,53814249,2543,11833,1797,2899,11833
camera-0056-event-0000-rel-p00-set-11-ts-54803426.vi,2959,54803426,1857,54815234,2703,11808,1857,2959,11808
camera-0057-event-0000-rel-p00-set-11-ts-55804413.vi,3019,55804413,1917,55816219,2474,11806,1917,3019,11806
camera-0058-event-0000-rel-p00-set-11-ts-56805599.vi,3079,56805599,1977,56817202,2523,11603,1977,3079,11603
camera-0059-event-0000-rel-p00-set-11-ts-57806364.vi,3139,57806364,2037,57818188,2460,11824,2037,3139,11824
camera-0060-event-0000-rel-p00-set-11-ts-58807414.vi,3199,58807414,2097,58819173,2438,11759,2097,3199,11759
camera-0061-event-0000-rel-p00-set-11-ts-59808342.vi,3259,59808342,2157,59820157,2299,11815,2157,3259,11815
camera-0062-event-0000-rel-p00-set-11-ts-60809324.vi,3319,60809324,2217,60821142,2834,11818,2217,3319,11818
camera-0063-event-0000-rel-p00-set-11-ts-62344168.vi,3411,62344168,2274,62355984,2633,11816,2274,3411,11816
camera-0064-event-0042-rel-m02-set-11-ts-62995712.vi,3450,62995712,2313,63006624,2224,10912,2313,3450,10912
camera-0065-event-0042-rel-m01-set-11-ts-63012395.vi,3451,63012395,2314,63023307,2136,10912,2314,3451,10912
camera-0066-event-0042-rel-p01-set-11-ts-63029151.vi,3452,63029151,2315,63039990,2438,10839,2315,3452,10839
camera-0067-event-0042-rel-p02-set-11-ts-63045834.vi,3453,63045834,2316,63056673,2660,10839,2316,3453,10839
camera-0068-event-0042-rel-p03-set-11-ts-63062165.vi,3454,63062165,2317,63073356,3125,11191,2317,3454,11191
camera-0069-event-0000-rel-p00-set-11-ts-63347127.vi,3471,63347127,2334,63356969,3005,9842,2334,3471,9842
camera-0070-event-0000-rel-p00-set-11-ts-64348093.vi,3531,64348093,2394,64357953,2317,9860,2394,3531,9860
camera-0071-event-0000-rel-p00-set-11-ts-65349074.vi,3591,65349074,2454,65358937,3726,9863,2454,3591,9863
camera-0072-event-0046-rel-m02-set-11-ts-65999696.vi,3630,65999696,2493,66009577,1986,9881,2493,3630,9881
camera-0073-event-0046-rel-m01-set-11-ts-66016379.vi,3631,66016379,2494,66026260,2781,9881,2494,3631,9881
camera-0074-event-0046-rel-p01-set-11-ts-66033089.vi,3632,66033089,2495,66042943,1851,9854,2495,3632,9854
camera-0075-event-0046-rel-p02-set-11-ts-66049772.vi,3633,66049772,2496,66059626,2608,9854,2496,3633,9854
camera-0076-event-0046-rel-p03-set-11-ts-66066468.vi,3634,66066468,2497,66076309,3616,9841,2497,3634,9841
camera-0077-event-0047-rel-m02-set-11-ts-66148812.vi,3639,66148812,2502,66159725,2511,10913,2502,3639,10913
camera-0078-event-0047-rel-m01-set-11-ts-66165569.vi,3640,66165569,2503,66176408,2217,10839,2503,3640,10839
camera-0079-event-0047-rel-p01-set-11-ts-66182253.vi,3641,66182253,2504,66193091,2770,10838,2504,3641,10838
camera-0080-event-0047-rel-p02-set-11-ts-66198805.vi,3642,66198805,2505,66209774,2693,10969,2505,3642,10969
camera-0081-event-0047-rel-p03-set-11-ts-66215488.vi,3643,66215488,2506,66226457,2580,10969,2506,3643,10969
camera-0082-event-0000-rel-p00-set-11-ts-66349090.vi,3651,66349090,2514,66359922,1760,10832,2514,3651,10832
camera-0083-event-0048-rel-m02-set-11-ts-67017403.vi,3691,67017403,2554,67027244,925,9841,2554,3691,9841
camera-0084-event-0048-rel-m01-set-11-ts-67034086.vi,3692,67034086,2555,67043928,2109,9842,2555,3692,9842
camera-0085-event-0048-rel-p01-set-11-ts-67050769.vi,3693,67050769,2556,67060610,3614,9841,2556,3693,9841
camera-0086-event-0048-rel-p02-set-11-ts-67067452.vi,3694,67067452,2557,67077293,2962,9841,2557,3694,9841
camera-0087-event-0048-rel-p03-set-11-ts-67084135.vi,3695,67084135,2558,67093977,3463,9842,2558,3695,9842
camera-0088-event-0000-rel-p00-set-11-ts-67349343.vi,3711,67349343,2574,67360906,3296,11563,2574,3711,11563
camera-0089-event-0049-rel-m02-set-11-ts-68016914.vi,3751,68016914,2614,68028228,2410,11314,2614,3751,11314
camera-0090-event-0049-rel-m01-set-11-ts-68033379.vi,3752,68033379,2615,68044912,2632,11533,2615,3752,11533
camera-0091-event-0049-rel-p01-set-11-ts-68050062.vi,3753,68050062,2616,68061595,2391,11533,2616,3753,11533
camera-0092-event-0049-rel-p02-set-11-ts-68066668.vi,3754,68066668,2617,68078278,2664,11610,2617,3754,11610
camera-0093-event-0049-rel-p03-set-11-ts-68083352.vi,3755,68083352,2618,68094961,-482,11609,2618,3755,11609
camera-0094-event-0000-rel-p00-set-11-ts-68350302.vi,3771,68350302,2634,68361890,1665,11588,2634,3771,11588
camera-0095-event-0050-rel-m02-set-11-ts-69017444.vi,3811,69017444,2674,69029213,1503,11769,2674,3811,11769
camera-0096-event-0050-rel-m01-set-11-ts-69034103.vi,3812,69034103,2675,69045896,1984,11793,2675,3812,11793
camera-0097-event-0050-rel-p01-set-11-ts-69050786.vi,3813,69050786,2676,69062579,2741,11793,2676,3813,11793
camera-0098-event-0050-rel-p02-set-11-ts-69067508.vi,3814,69067508,2677,69079262,2687,11754,2677,3814,11754
camera-0099-event-0050-rel-p03-set-11-ts-69084190.vi,3815,69084190,2678,69095945,1273,11755,2678,3815,11755
camera-0100-event-0000-rel-p00-set-11-ts-69351129.vi,3831,69351129,2694,69362874,2249,11745,2694,3831,11745
camera-0101-event-0051-rel-m02-set-11-ts-70018435.vi,3871,70018435,2734,70030197,2047,11762,2734,3871,11762
camera-0102-event-0051-rel-m01-set-11-ts-70035119.vi,3872,70035119,2735,70046880,2434,11761,2735,3872,11761
camera-0103-event-0051-rel-p01-set-11-ts-70051802.vi,3873,70051802,2736,70063563,2368,11761,2736,3873,11761
camera-0104-event-0051-rel-p02-set-11-ts-70068467.vi,3874,70068467,2737,70080246,2454,11779,2737,3874,11779
camera-0105-event-0051-rel-p03-set-11-ts-70085150.vi,3875,70085150,2738,70096929,2320,11779,2738,3875,11779
camera-0106-event-0000-rel-p00-set-11-ts-70352123.vi,3891,70352123,2754,70363858,1211,11735,2754,3891,11735
camera-0107-event-0052-rel-m02-set-11-ts-71019372.vi,3931,71019372,2794,71031180,2500,11808,2794,3931,11808
camera-0108-event-0052-rel-m01-set-11-ts-71036235.vi,3932,71036235,2795,71047864,2358,11629,2795,3932,11629
camera-0109-event-0052-rel-p01-set-11-ts-71052918.vi,3933,71052918,2796,71064547,1836,11629,2796,3933,11629
camera-0110-event-0052-rel-p02-set-11-ts-71069587.vi,3934,71069587,2797,71081230,3225,11643,2797,3934,11643
camera-0111-event-0052-rel-p03-set-11-ts-71086271.vi,3935,71086271,2798,71097913,-36,11642,2798,3935,11642
camera-0112-event-0000-rel-p00-set-11-ts-71353028.vi,3951,71353028,2814,71364842,2320,11814,2814,3951,11814
camera-0113-event-0053-rel-m02-set-11-ts-72021003.vi,3991,72021003,2854,72032164,1936,11161,2854,3991,11161
camera-0114-event-0053-rel-m01-set-11-ts-72037699.vi,3992,72037699,2855,72048848,2429,11149,2855,3992,11149
camera-0115-event-0053-rel-p01-set-11-ts-72054382.vi,3993,72054382,2856,72065531,-685,11149,2856,3993,11149
camera-0116-event-0053-rel-p02-set-11-ts-72071053.vi,3994,72071053,2857,72082214,2325,11161,2857,3994,11161
camera-0117-event-0053-rel-p03-set-11-ts-72087737.vi,3995,72087737,2858,72098897,2143,11160,2858,3995,11160
camera-0118-event-0000-rel-p00-set-11-ts-72354224.vi,4011,72354224,2874,72365826,2891,11602,2874,4011,11602
camera-0119-event-0054-rel-m02-set-11-ts-73022361.vi,4051,73022361,2914,73033148,2443,10787,2914,4051,10787
camera-0120-event-0054-rel-m01-set-11-ts-73038834.vi,4052,73038834,2915,73049832,2807,10998,2915,4052,10998
camera-0121-event-0054-rel-p01-set-11-ts-73055517.vi,4053,73055517,2916,73066515,2165,10998,2916,4053,10998
camera-0122-event-0054-rel-p02-set-11-ts-73072190.vi,4054,73072190,2917,73083198,2518,11008,2917,4054,11008
camera-0123-event-0054-rel-p03-set-11-ts-73088873.vi,4055,73088873,2918,73099880,1401,11007,2918,4055,11007
camera-0124-event-0000-rel-p00-set-11-ts-73355400.vi,4071,73355400,2934,73366809,2385,11409,2934,4071,11409
camera-0125-event-0055-rel-m02-set-11-ts-74022769.vi,4111,74022769,2974,74034132,2711,11363,2974,4111,11363
camera-0126-event-0055-rel-m01-set-11-ts-74039567.vi,4112,74039567,2975,74050815,2279,11248,2975,4112,11248
camera-0127-event-0055-rel-p01-set-11-ts-74056249.vi,4113,74056249,2976,74067498,2661,11249,2976,4113,11249
camera-0128-event-0055-rel-p02-set-11-ts-74073021.vi,4114,74073021,2977,74084181,2006,11160,2977,4114,11160
camera-0129-event-0055-rel-p03-set-11-ts-74089705.vi,4115,74089705,2978,74100864,2329,11159,2978,4115,11159
camera-0130-event-0000-rel-p00-set-11-ts-74356538.vi,4131,74356538,2994,74367793,2245,11255,2994,4131,11255
camera-0131-event-0056-rel-m02-set-11-ts-75024261.vi,4171,75024261,3034,75035115,2281,10854,3034,4171,10854
camera-0132-event-0056-rel-m01-set-11-ts-75041606.vi,4172,75041606,3035,75051798,2053,10192,3035,4172,10192
camera-0133-event-0056-rel-p01-set-11-ts-75058289.vi,4173,75058289,3036,75068482,2605,10193,3036,4173,10193
camera-0134-event-0056-rel-p02-set-11-ts-75074976.vi,4174,75074976,3037,75085165,2087,10189,3037,4174,10189
camera-0135-event-0056-rel-p03-set-11-ts-75091659.vi,4175,75091659,3038,75101848,1730,10189,3038,4175,10189
camera-0136-event-0000-rel-p00-set-11-ts-75358935.vi,4191,75358935,3054,75368777,-329,9842,3054,4191,9842
camera-0137-event-0057-rel-m02-set-11-ts-76008085.vi,4230,76008085,3093,76019416,2593,11331,3093,4230,11331
camera-0138-event-0057-rel-m01-set-11-ts-76024768.vi,4231,76024768,3094,76036099,2594,11331,3094,4231,11331
camera-0139-event-0057-rel-p01-set-11-ts-76041384.vi,4232,76041384,3095,76052782,2358,11398,3095,4232,11398
camera-0140-event-0057-rel-p02-set-11-ts-76058067.vi,4233,76058067,3096,76069465,3234,11398,3096,4233,11398
camera-0141-event-0057-rel-p03-set-11-ts-76074552.vi,4234,76074552,3097,76086148,3762,11596,3097,4234,11596
camera-0142-event-0000-rel-p00-set-11-ts-76359422.vi,4251,76359422,3114,76369761,2591,10339,3114,4251,10339
camera-0143-event-0000-rel-p00-set-11-ts-77358985.vi,4311,77358985,3174,77370744,2440,11759,3174,4311,11759
camera-0144-event-0000-rel-p00-set-11-ts-78360221.vi,4371,78360221,3234,78371728,1776,11507,3234,4371,11507
camera-0145-event-0060-rel-m02-set-11-ts-79029208.vi,4411,79029208,3274,79039050,2370,9842,3274,4411,9842
camera-0146-event-0060-rel-m01-set-11-ts-79045892.vi,4412,79045892,3275,79055733,1744,9841,3275,4412,9841
camera-0147-event-0060-rel-p01-set-11-ts-79062575.vi,4413,79062575,3276,79072416,2359,9841,3276,4413,9841
camera-0148-event-0060-rel-p02-set-11-ts-79079258.vi,4414,79079258,3277,79089099,3412,9841,3277,4414,9841
camera-0149-event-0060-rel-p03-set-11-ts-79095941.vi,4415,79095941,3278,79105782,2668,9841,3278,4415,9841
camera-0150-event-0061-rel-m02-set-11-ts-79246088.vi,4424,79246088,3287,79255930,2167,9842,3287,4424,9842
camera-0151-event-0061-rel-m01-set-11-ts-79262771.vi,4425,79262771,3288,79272613,1425,9842,3288,4425,9842
camera-0152-event-0061-rel-p01-set-11-ts-79279455.vi,4426,79279455,3289,79289296,2467,9841,3289,4426,9841
camera-0153-event-0061-rel-p02-set-11-ts-79296138.vi,4427,79296138,3290,79305979,2988,9841,3290,4427,9841
camera-0154-event-0061-rel-p03-set-11-ts-79312820.vi,4428,79312820,3291,79322662,2647,9842,3291,4428,9842
camera-0155-event-0000-rel-p00-set-11-ts-79362870.vi,4431,79362870,3294,79372711,2203,9841,3294,4431,9841
camera-0156-event-0062-rel-m02-set-11-ts-80046512.vi,4472,80046512,3335,80056717,2582,10205,3335,4472,10205
camera-0157-event-0062-rel-m01-set-11-ts-80063195.vi,4473,80063195,3336,80073400,-52,10205,3336,4473,10205
camera-0158-event-0062-rel-p01-set-11-ts-80080242.vi,4474,80080242,3337,80090083,2184,9841,3337,4474,9841
camera-0159-event-0062-rel-p02-set-11-ts-80096925.vi,4475,80096925,3338,80106766,1758,9841,3338,4475,9841
camera-0160-event-0062-rel-p03-set-11-ts-80113608.vi,4476,80113608,3339,80123449,2794,9841,3339,4476,9841
camera-0161-event-0000-rel-p00-set-11-ts-80362671.vi,4491,80362671,3354,80373695,-338,11024,3354,4491,11024
camera-0162-event-0064-rel-m02-set-11-ts-81146782.vi,4538,81146782,3401,81157799,2418,11017,3401,4538,11017
camera-0163-event-0064-rel-m01-set-11-ts-81163466.vi,4539,81163466,3402,81174482,2276,11016,3402,4539,11016
camera-0164-event-0064-rel-p01-set-11-ts-81180146.vi,4540,81180146,3403,81191165,3438,11019,3403,4540,11019
camera-0165-event-0064-rel-p02-set-11-ts-81196829.vi,4541,81196829,3404,81207848,3277,11019,3404,4541,11019
camera-0166-event-0064-rel-p03-set-11-ts-81213319.vi,4542,81213319,3405,81224531,2410,11212,3405,4542,11212
camera-0167-event-0000-rel-p00-set-11-ts-81363086.vi,4551,81363086,3414,81374679,2668,11593,3414,4551,11593
camera-0168-event-0065-rel-m02-set-11-ts-81947068.vi,4586,81947068,3449,81958586,2306,11518,3449,4586,11518
camera-0169-event-0065-rel-m01-set-11-ts-81963751.vi,4587,81963751,3450,81975269,2817,11518,3450,4587,11518
camera-0170-event-0066-rel-m02-set-11-ts-81947068.vi,4586,81947068,3449,81958586,2306,11518,3449,4586,11518
camera-0171-event-0066-rel-m01-set-11-ts-81963751.vi,4587,81963751,3450,81975269,2817,11518,3450,4587,11518
camera-0172-event-0065-rel-p01-set-11-ts-81980589.vi,4588,81980589,3451,81991952,3777,11363,3451,4588,11363
camera-0173-event-0066-rel-p01-set-11-ts-81980589.vi,4588,81980589,3451,81991952,3777,11363,3451,4588,11363
camera-0174-event-0065-rel-p02-set-11-ts-81997272.vi,4589,81997272,3452,82008635,5027,11363,3452,4589,11363
camera-0175-event-0066-rel-p02-set-11-ts-81997272.vi,4589,81997272,3452,82008635,5027,11363,3452,4589,11363
camera-0176-event-0065-rel-p03-set-11-ts-82013907.vi,4590,82013907,3453,82025318,8383,11411,3453,4590,11411
camera-0177-event-0066-rel-p03-set-11-ts-82013907.vi,4590,82013907,3453,82025318,8383,11411,3453,4590,11411
camera-0178-event-0000-rel-p00-set-11-ts-82364020.vi,4611,82364020,3474,82375662,1744,11642,3474,4611,11642
camera-0179-event-0068-rel-m02-set-11-ts-83047929.vi,4652,83047929,3515,83059667,2334,11738,3515,4652,11738
camera-0180-event-0068-rel-m01-set-11-ts-83064612.vi,4653,83064612,3516,83076351,2523,11739,3516,4653,11739
camera-0181-event-0068-rel-p01-set-11-ts-83081269.vi,4654,83081269,3517,83093034,2878,11765,3517,4654,11765
camera-0182-event-0068-rel-p02-set-11-ts-83097952.vi,4655,83097952,3518,83109717,2017,11765,3518,4655,11765
camera-0183-event-0068-rel-p03-set-11-ts-83114683.vi,4656,83114683,3519,83126400,2532,11717,3519,4656,11717
camera-0184-event-0000-rel-p00-set-11-ts-83364877.vi,4671,83364877,3534,83376646,2937,11769,3534,4671,11769
camera-0185-event-0000-rel-p00-set-11-ts-84366398.vi,4731,84366398,3594,84377629,2131,11231,3594,4731,11231
camera-0186-event-0070-rel-m02-set-11-ts-85050022.vi,4772,85050022,3635,85061634,2079,11612,3635,4772,11612
camera-0187-event-0070-rel-m01-set-11-ts-85066705.vi,4773,85066705,3636,85078318,2231,11613,3636,4773,11613
camera-0188-event-0070-rel-p01-set-11-ts-85083598.vi,4774,85083598,3637,85095001,3962,11403,3637,4774,11403
camera-0189-event-0070-rel-p02-set-11-ts-85100281.vi,4775,85100281,3638,85111684,3107,11403,3638,4775,11403
camera-0190-event-0070-rel-p03-set-11-ts-85117113.vi,4776,85117113,3639,85128367,1774,11254,3639,4776,11254
camera-0191-event-0000-rel-p00-set-11-ts-85368244.vi,4791,85368244,3654,85378612,-367,10368,3654,4791,10368
camera-0192-event-0072-rel-m02-set-11-ts-86167835.vi,4839,86167835,3702,86179399,761,11564,3702,4839,11564
camera-0193-event-0072-rel-m01-set-11-ts-86184431.vi,4840,86184431,3703,86196082,2061,11651,3703,4840,11651
camera-0194-event-0072-rel-p01-set-11-ts-86201114.vi,4841,86201114,3704,86212765,6160,11651,3704,4841,11651
camera-0195-event-0072-rel-p02-set-11-ts-86217773.vi,4842,86217773,3705,86229448,2897,11675,3705,4842,11675
camera-0196-event-0072-rel-p03-set-11-ts-86234456.vi,4843,86234456,3706,86246131,2663,11675,3706,4843,11675
camera-0197-event-0000-rel-p00-set-11-ts-86367809.vi,4851,86367809,3714,86379595,2343,11786,3714,4851,11786
camera-0198-event-0073-rel-m02-set-11-ts-87051849.vi,4892,87051849,3755,87063601,2480,11752,3755,4892,11752
camera-0199-event-0073-rel-m01-set-11-ts-87068532.vi,4893,87068532,3756,87080284,500,11752,3756,4893,11752
camera-0200-event-0073-rel-p01-set-11-ts-87085247.vi,4894,87085247,3757,87096966,2718,11719,3757,4894,11719
camera-0201-event-0073-rel-p02-set-11-ts-87101930.vi,4895,87101930,3758,87113649,8166,11719,3758,4895,11719
camera-0202-event-0073-rel-p03-set-11-ts-87118519.vi,4896,87118519,3759,87130333,3345,11814,3759,4896,11814
camera-0203-event-0000-rel-p00-set-11-ts-87368873.vi,4911,87368873,3774,87380579,560,11706,3774,4911,11706
camera-0204-event-0074-rel-m02-set-11-ts-88052926.vi,4952,88052926,3815,88064583,2561,11657,3815,4952,11657
camera-0205-event-0074-rel-m01-set-11-ts-88069609.vi,4953,88069609,3816,88081267,994,11658,3816,4953,11658
camera-0206-event-0074-rel-p01-set-11-ts-88086155.vi,4954,88086155,3817,88097950,2532,11795,3817,4954,11795
camera-0207-event-0074-rel-p02-set-11-ts-88102838.vi,4955,88102838,3818,88114633,3005,11795,3818,4955,11795
camera-0208-event-0074-rel-p03-set-11-ts-88119557.vi,4956,88119557,3819,88131316,2624,11759,3819,4956,11759
camera-0209-event-0000-rel-p00-set-11-ts-88369863.vi,4971,88369863,3834,88381562,2454,11699,3834,4971,11699
camera-0210-event-0075-rel-m02-set-11-ts-89037128.vi,5011,89037128,3874,89048883,2482,11755,3874,5011,11755
camera-0211-event-0075-rel-m01-set-11-ts-89053879.vi,5012,89053879,3875,89065566,2338,11687,3875,5012,11687
camera-0212-event-0075-rel-p01-set-11-ts-89070562.vi,5013,89070562,3876,89082250,2449,11688,3876,5013,11688
camera-0213-event-0075-rel-p02-set-11-ts-89087111.vi,5014,89087111,3877,89098933,2448,11822,3877,5014,11822
camera-0214-event-0075-rel-p03-set-11-ts-89103794.vi,5015,89103794,3878,89115616,1740,11822,3878,5015,11822
camera-0215-event-0000-rel-p00-set-11-ts-89370771.vi,5031,89370771,3894,89382545,1054,11774,3894,5031,11774
camera-0216-event-0000-rel-p00-set-11-ts-90371751.vi,5091,90371751,3954,90383527,1272,11776,3954,5091,11776
camera-0217-event-0000-rel-p00-set-11-ts-91372721.vi,5151,91372721,4014,91384510,2506,11789,4014,5151,11789
camera-0218-event-0078-rel-m02-set-11-ts-92056842.vi,5192,92056842,4055,92068514,2489,11672,4055,5192,11672
camera-0219-event-0078-rel-m01-set-11-ts-92073525.vi,5193,92073525,4056,92085197,2417,11672,4056,5193,11672
camera-0220-event-0078-rel-p01-set-11-ts-92090167.vi,5194,92090167,4057,92101881,2572,11714,4057,5194,11714
camera-0221-event-0078-rel-p02-set-11-ts-92106850.vi,5195,92106850,4058,92118564,3277,11714,4058,5195,11714
camera-0222-event-0078-rel-p03-set-11-ts-92123453.vi,5196,92123453,4059,92135247,2812,11794,4059,5196,11794
camera-0223-event-0000-rel-p00-set-11-ts-92373693.vi,5211,92373693,4074,92385493,2797,11800,4074,5211,11800
camera-0224-event-0079-rel-m02-set-11-ts-92407055.vi,5213,92407055,4076,92418859,8156,11804,4076,5213,11804
camera-0225-event-0079-rel-m01-set-11-ts-92423816.vi,5214,92423816,4077,92435542,2391,11726,4077,5214,11726
camera-0226-event-0079-rel-p01-set-11-ts-92440500.vi,5215,92440500,4078,92452225,2546,11725,4078,5215,11725
camera-0227-event-0079-rel-p02-set-11-ts-92457139.vi,5216,92457139,4079,92468907,2807,11768,4079,5216,11768
camera-0228-event-0079-rel-p03-set-11-ts-92473822.vi,5217,92473822,4080,92485590,2166,11768,4080,5217,11768
camera-0229-event-0080-rel-m02-set-11-ts-93074424.vi,5253,93074424,4116,93086180,2409,11756,4116,5253,11756
camera-0230-event-0080-rel-m01-set-11-ts-93091060.vi,5254,93091060,4117,93102864,1982,11804,4117,5254,11804
camera-0231-event-0080-rel-p01-set-11-ts-93107743.vi,5255,93107743,4118,93119547,2584,11804,4118,5255,11804
camera-0232-event-0080-rel-p02-set-11-ts-93124437.vi,5256,93124437,4119,93136230,3125,11793,4119,5256,11793
camera-0233-event-0080-rel-p03-set-11-ts-93141120.vi,5257,93141120,4120,93152913,2442,11793,4120,5257,11793
camera-0234-event-0000-rel-p00-set-11-ts-93374706.vi,5271,93374706,4134,93386475,2347,11769,4134,5271,11769
camera-0235-event-0082-rel-m02-set-11-ts-94292266.vi,5326,94292266,4189,94304043,2177,11777,4189,5326,11777
camera-0236-event-0082-rel-m01-set-11-ts-94308949.vi,5327,94308949,4190,94320726,2576,11777,4190,5327,11777
camera-0237-event-0082-rel-p01-set-11-ts-94325625.vi,5328,94325625,4191,94337408,5029,11783,4191,5328,11783
camera-0238-event-0082-rel-p02-set-11-ts-94342306.vi,5329,94342306,4192,94354092,3755,11786,4192,5329,11786
camera-0239-event-0082-rel-p03-set-11-ts-94359013.vi,5330,94359013,4193,94370774,1795,11761,4193,5330,11761
camera-0240-event-0000-rel-p00-set-11-ts-94375696.vi,5331,94375696,4194,94387457,1876,11761,4194,5331,11761
