run_id,start_qpc_us,end_qpc_us,reports,phase,sequence,period,cycle_position,cycle_length,led0,led1,led2,led3,last_report_qpc_us,duration_s,rows,mean_matched,matched_mask_distribution,assigned_mask_distribution,led_0_matched_fraction,led_1_matched_fraction,led_2_matched_fraction,led_3_matched_fraction,led_4_matched_fraction,led_5_matched_fraction,led_6_matched_fraction,led_7_matched_fraction,led_8_matched_fraction,led_9_matched_fraction,led_10_matched_fraction,led_11_matched_fraction,led_12_matched_fraction,led_13_matched_fraction,led_14_matched_fraction,led_15_matched_fraction,led_16_matched_fraction,pose_samples,pose_valid_fraction
1,409017818560.2771,409017892323.2853,1,0,0,0,0,0,0,0,0,0,409017818560.2771,0.07376300817871094,0,0,{},{},0,0,0,0,0,0,0,0,0,0,0,0,0,0,0,0,0,0,
2,409017892323.2853,409017936327.29016,4,5,0,0,0,50050050,255,255,255,255,409017924721.2889,0.0440040048828125,4,0.0,"{""0x0"": 4}","{""0x1ffff"": 4}",0.0,0.0,0.0,0.0,0.0,0.0,0.0,0.0,0.0,0.0,0.0,0.0,0.0,0.0,0.0,0.0,0.0,6,0.0
3,409017936327.29016,409018303560.33093,29,0,0,40,0,50050050,255,255,255,255,409018288593.3293,0.3672330407714844,88,0.0,"{""0x0"": 88}","{""0x1ffff"": 88}",0.0,0.0,0.0,0.0,0.0,0.0,0.0,0.0,0.0,0.0,0.0,0.0,0.0,0.0,0.0,0.0,0.0,180,0.0
4,409018303560.33093,409018821232.3884,33,1,0,40,0,50050050,255,255,255,255,409018806094.3868,0.5176720574951171,112,0.0,"{""0x0"": 112}","{""0x1ffff"": 112}",0.0,0.0,0.0,0.0,0.0,0.0,0.0,0.0,0.0,0.0,0.0,0.0,0.0,0.0,0.0,0.0,0.0,197,0.0
5,409018821232.3884,409019826242.50006,75,1,1,40,7838382,50050050,255,255,255,255,409019811261.4984,1.0050101116333008,240,5.016666666666667,"{""0x0"": 67, ""0x7c60"": 100, ""0x7e60"": 30, ""0x7c40"": 37, ""0x7e40"": 6}","{""0x1ffff"": 8, ""0x0"": 59, ""0x7c60"": 94, ""0x7e60"": 39, ""0x7c40"": 36, ""0x7e40"": 4}",0.0,0.0,0.0,0.0,0.0,0.5416666666666666,0.7208333333333333,0.0,0.0,0.15,0.7208333333333333,0.7208333333333333,0.7208333333333333,0.7208333333333333,0.7208333333333333,0.0,0.0,461,0.5531453362255966
6,409019826242.50006,409020831193.61163,77,1,2,40,10841220,50050050,255,255,255,255,409020823629.6108,1.0049511115722656,244,5.204918032786885,"{""0x7c60"": 136, ""0x0"": 61, ""0x7460"": 11, ""0x7470"": 36}","{""0x7c60"": 135, ""0x0"": 61, ""0x7460"": 5, ""0x7470"": 42, ""0x7c70"": 1}",0.0,0.0,0.0,0.0,0.14754098360655737,0.75,0.75,0.0,0.0,0.0,0.75,0.5573770491803278,0.75,0.75,0.75,0.0,0.0,411,1.0
7,409020831193.61163,409021837291.7234,77,1,3,40,13894353,50050050,255,255,255,255,409021827471.7223,1.0060981117553711,240,5.233333333333333,"{""0x7c60"": 120, ""0x7470"": 56, ""0x0"": 60, ""0x7460"": 4}","{""0x7c60"": 120, ""0x7470"": 58, ""0x0"": 60, ""0x7460"": 2}",0.0,0.0,0.0,0.0,0.23333333333333334,0.75,0.75,0.0,0.0,0.0,0.75,0.5,0.75,0.75,0.75,0.0,0.0,361,1.0
8,409021837291.7234,409021868046.7268,3,1,4,40,16895058,50050050,255,255,255,255,409021858826.72577,0.03075500341796875,8,5.25,"{""0x7c60"": 4, ""0x7470"": 2, ""0x0"": 2}","{""0x7c60"": 4, ""0x7470"": 2, ""0x0"": 2}",0.0,0.0,0.0,0.0,0.25,0.75,0.75,0.0,0.0,0.0,0.75,0.5,0.75,0.75,0.75,0.0,0.0,10,1.0
9,409021868046.7268,409022871142.8382,77,2,5,42,0,50050050,255,255,255,255,409022856139.8365,1.00309611138916,240,6.0375,"{""0x7c60"": 26, ""0x7470"": 4, ""0x0"": 31, ""0x7460"": 8, ""0x7c40"": 19, ""0x7cc0"": 6, ""0x7ec0"": 33, ""0x7fc0"": 34, ""0x7040"": 2, ""0x7840"": 2, ""0x5e80"": 1, ""0x7e40"": 5, ""0x7f80"": 2, ""0x7e80"": 7, ""0x7ce0"": 1, ""0x6060"": 1, ""0x4060"": 1, ""0x60"": 1, ""0x20"": 1, ""0x7078"": 9, ""0x7070"": 10, ""0x7860"": 20, ""0x7060"": 16}","{""0x7c60"": 27, ""0x7470"": 9, ""0x0"": 31, ""0x7460"": 3, ""0x7e60"": 1, ""0x7cc0"": 6, ""0x7ec0"": 34, ""0x7fc0"": 39, ""0x7040"": 2, ""0x7840"": 2, ""0x5fc0"": 1, ""0x7c40"": 17, ""0x7e40"": 5, ""0x7e80"": 3, ""0x7ce0"": 1, ""0x6060"": 1, ""0x4060"": 1, ""0x60"": 1, ""0x20"": 1, ""0x7078"": 12, ""0x7860"": 22, ""0x7070"": 12, ""0x7060"": 8, ""0x7068"": 1}",0.0,0.0,0.0,0.0375,0.09583333333333334,0.4083333333333333,0.825,0.35,0.15,0.3416666666666667,0.6083333333333333,0.65,0.8541666666666666,0.8541666666666666,0.8625,0.0,0.0,317,1.0
10,409022871142.8382,409031878579.8384,675,2,6,42,0,50050050,14,255,255,255,409031863768.83673,9.007437000183106,2144,3.7583955223880596,"{""0x7060"": 1590, ""0x7070"": 18, ""0x0"": 536}","{""0x7060"": 1584, ""0x7070"": 24, ""0x0"": 536}",0.0,0.0,0.0,0.0,0.008395522388059701,0.75,0.75,0.0,0.0,0.0,0.0,0.0,0.75,0.75,0.75,0.0,0.0,2571,1.0
11,409031878579.8384,409032886962.9504,70,1,7,40,47026953,50050050,255,255,255,255,409032875930.94916,1.0083831119995117,220,3.809090909090909,"{""0x7060"": 156, ""0x0"": 55, ""0x7078"": 4, ""0x7068"": 5}","{""0x7060"": 149, ""0x0"": 55, ""0x7068"": 7, ""0x7078"": 9}",0.0,0.0,0.0,0.04090909090909091,0.01818181818181818,0.75,0.75,0.0,0.0,0.0,0.0,0.0,0.75,0.75,0.75,0.0,0.0,268,1.0
12,409032886962.9504,409033888277.0616,76,1,8,40,50029851,50050050,255,255,255,255,409033873246.0599,1.0013141112060546,240,4.054166666666666,"{""0x7060"": 118, ""0x7078"": 29, ""0x0"": 56, ""0x7070"": 4, ""0x7068"": 13, ""0x7040"": 18, ""0x6040"": 2}","{""0x7060"": 116, ""0x7078"": 38, ""0x0"": 56, ""0x7070"": 1, ""0x7068"": 11, ""0x7040"": 16, ""0x6040"": 2}",0.0,0.0,0.0,0.175,0.1375,0.6833333333333333,0.7666666666666667,0.0,0.0,0.0,0.0,0.0,0.7583333333333333,0.7666666666666667,0.7666666666666667,0.0,0.0,365,1.0
13,409033888277.0616,409034893267.17316,78,1,9,40,53033478,50050050,255,255,255,255,409034878269.1715,1.0049901115722657,240,3.8208333333333333,"{""0x7040"": 102, ""0x7060"": 44, ""0x6040"": 2, ""0x4040"": 3, ""0x40"": 1, ""0x60"": 5, ""0x5060"": 13, ""0x20"": 1, ""0x0"": 31, ""0x5068"": 13, ""0x5040"": 3, ""0x5078"": 8, ""0x5048"": 2, ""0x507a"": 11, ""0x407a"": 1}","{""0x7040"": 93, ""0x7060"": 53, ""0x6040"": 2, ""0x4040"": 3, ""0x40"": 1, ""0x60"": 5, ""0x5068"": 18, ""0x20"": 1, ""0x5060"": 5, ""0x0"": 31, ""0x5040"": 3, ""0x5078"": 11, ""0x5048"": 2, ""0x507a"": 11, ""0x407a"": 1}",0.0,0.05,0.0,0.14583333333333334,0.08333333333333333,0.4,0.8666666666666667,0.0,0.0,0.0,0.0,0.0,0.8166666666666667,0.6166666666666667,0.8416666666666667,0.0,0.0,450,1.0
14,409034893267.17316,409034900716.174,1,1,10,40,56086407,50050050,255,255,255,255,409034893267.17316,0.007449000854492188,4,3.75,"{""0x5060"": 1, ""0x407a"": 1, ""0x7060"": 1, ""0x0"": 1}","{""0x5068"": 1, ""0x407a"": 1, ""0x7060"": 1, ""0x0"": 1}",0.0,0.25,0.0,0.25,0.25,0.75,0.75,0.0,0.0,0.0,0.0,0.0,0.5,0.25,0.75,0.0,0.0,3,1.0
15,409034900716.174,409034916878.1758,2,2,11,42,0,50050050,255,255,255,255,409034908258.1748,0.01616200177001953,4,3.75,"{""0x5060"": 1, ""0x407a"": 1, ""0x7060"": 1, ""0x0"": 1}","{""0x5068"": 1, ""0x407a"": 1, ""0x7060"": 1, ""0x0"": 1}",0.0,0.25,0.0,0.25,0.25,0.75,0.75,0.0,0.0,0.0,0.0,0.0,0.5,0.25,0.75,0.0,0.0,7,1.0
16,409034916878.1758,409044911418.28564,763,2,12,42,0,50050050,14,255,255,255,409044898090.2841,9.994540109863282,2388,4.011725293132328,"{""0x5060"": 171, ""0x407a"": 452, ""0x7060"": 597, ""0x0"": 597, ""0x5078"": 95, ""0x5068"": 246, ""0x4078"": 15, ""0x5070"": 77, ""0x5050"": 7, ""0x7a"": 2, ""0x5058"": 1, ""0x507a"": 128}","{""0x5068"": 292, ""0x407a"": 443, ""0x7060"": 597, ""0x0"": 597, ""0x5070"": 36, ""0x5078"": 216, ""0x4078"": 15, ""0x5060"": 45, ""0x5058"": 6, ""0x7a"": 2, ""0x5050"": 2, ""0x507a"": 137}",0.0,0.24371859296482412,0.0,0.39321608040201006,0.32537688442211055,0.7466499162479062,0.75,0.0,0.0,0.0,0.0,0.0,0.5536013400335008,0.25,0.7491624790619765,0.0,0.0,4315,1.0
17,409044911418.28564,409045925570.39825,77,1,13,40,86116269,50050050,255,255,255,255,409045910580.3966,1.0141521126098634,244,4.036885245901639,"{""0x5060"": 11, ""0x507a"": 21, ""0x7060"": 95, ""0x0"": 61, ""0x5068"": 17, ""0x5078"": 38, ""0x7068"": 1}","{""0x5068"": 26, ""0x507a"": 22, ""0x7060"": 90, ""0x0"": 61, ""0x5078"": 37, ""0x5060"": 2, ""0x7068"": 6}",0.0,0.0860655737704918,0.0,0.3155737704918033,0.24180327868852458,0.75,0.75,0.0,0.0,0.0,0.0,0.0,0.75,0.39344262295081966,0.75,0.0,0.0,451,1.0
18,409045925570.39825,409046930515.5098,77,1,14,40,89169615,50050050,255,255,255,255,409046915630.5082,1.0049451115722656,240,3.995833333333333,"{""0x7060"": 115, ""0x5078"": 45, ""0x0"": 55, ""0x5070"": 1, ""0x5068"": 14, ""0x7040"": 5, ""0x4060"": 3, ""0x5060"": 1, ""0x7068"": 1}","{""0x7060"": 115, ""0x5078"": 50, ""0x0"": 55, ""0x5070"": 1, ""0x5068"": 9, ""0x7040"": 5, ""0x4060"": 3, ""0x5060"": 1, ""0x7068"": 1}",0.0,0.0,0.0,0.25,0.19166666666666668,0.75,0.7708333333333334,0.0,0.0,0.0,0.0,0.0,0.7583333333333333,0.5041666666666667,0.7708333333333334,0.0,0.0,450,1.0
19,409046930515.5098,409047928049.6206,77,1,15,40,92172726,50050050,255,255,255,255,409047913061.61896,0.9975341107788086,240,5.416666666666667,"{""0x7040"": 74, ""0x5068"": 14, ""0x7060"": 36, ""0x5060"": 6, ""0x7840"": 16, ""0x7860"": 2, ""0x7c40"": 19, ""0x7ce0"": 2, ""0x7c60"": 43, ""0x7e40"": 15, ""0x7ec0"": 4, ""0x7cc0"": 2, ""0x7e60"": 7}","{""0x7040"": 72, ""0x5068"": 12, ""0x7060"": 38, ""0x5060"": 6, ""0x5078"": 2, ""0x7840"": 15, ""0x7860"": 3, ""0x7c40"": 12, ""0x7ce0"": 2, ""0x7c60"": 49, ""0x7e40"": 10, ""0x7ec0"": 7, ""0x7cc0"": 2, ""0x7e60"": 10}",0.0,0.0,0.0,0.058333333333333334,0.0,0.4583333333333333,1.0,0.03333333333333333,0.0,0.10833333333333334,0.38333333333333336,0.4583333333333333,1.0,0.9166666666666666,1.0,0.0,0.0,459,1.0
20,409047928049.6206,409048926387.73145,75,2,16,42,0,50050050,255,255,255,255,409048910435.7297,0.9983381108398437,236,6.1991525423728815,"{""0x7c60"": 69, ""0x7e60"": 12, ""0x7c40"": 40, ""0x7e40"": 36, ""0x7e00"": 19, ""0x7c00"": 12, ""0x3c00"": 3, ""0x3e00"": 5, ""0x7860"": 16, ""0x2c00"": 2, ""0x2800"": 1, ""0x7840"": 5, ""0x7060"": 4, ""0x6060"": 4, ""0x6040"": 1, ""0x4060"": 1, ""0x60"": 3, ""0x20"": 2, ""0x3000"": 1}","{""0x7c60"": 82, ""0x7e60"": 24, ""0x7e40"": 34, ""0x7c40"": 17, ""0x7e00"": 21, ""0x3e00"": 6, ""0x7860"": 16, ""0x3c00"": 2, ""0x2c00"": 2, ""0x2800"": 1, ""0x7840"": 5, ""0x7060"": 4, ""0x7c00"": 10, ""0x6060"": 4, ""0x6040"": 1, ""0x4060"": 1, ""0x60"": 3, ""0x20"": 2, ""0x3000"": 1}",0.0,0.0,0.0,0.0,0.0,0.4703389830508475,0.809322033898305,0.0,0.0,0.3050847457627119,0.8389830508474576,0.9322033898305084,0.940677966101695,0.9745762711864406,0.9279661016949152,0.0,0.0,438,1.0
21,409048926387.73145,409057947749.7332,702,2,17,42,0,50050050,14,255,255,255,409057932747.73157,9.021362001770019,2164,3.1839186691312387,"{""0x7840"": 2, ""0x7c60"": 2, ""0x3000"": 47, ""0x0"": 541, ""0x7060"": 556, ""0x7860"": 4, ""0x7040"": 932, ""0x7000"": 4, ""0x3040"": 76}","{""0x7860"": 6, ""0x7c60"": 2, ""0x3000"": 47, ""0x0"": 541, ""0x7060"": 701, ""0x7040"": 787, ""0x7000"": 4, ""0x3040"": 76}",0.0,0.0,0.0,0.0,0.0,0.25970425138632164,0.7264325323475046,0.0,0.0,0.0,0.0009242144177449168,0.0036968576709796672,0.75,0.75,0.6931608133086876,0.0,0.0,3880,1.0
22,409057947749.7332,409058952777.84485,79,1,18,40,125202009,50050050,255,255,255,255,409058938992.8433,1.0050281116333009,244,3.25,"{""0x7040"": 122, ""0x7060"": 61, ""0x0"": 61}","{""0x7040"": 118, ""0x7060"": 65, ""0x0"": 61}",0.0,0.0,0.0,0.0,0.0,0.25,0.75,0.0,0.0,0.0,0.0,0.0,0.75,0.75,0.75,0.0,0.0,440,1.0
23,409058952777.84485,409059965288.9573,80,1,19,40,128254947,50050050,255,255,255,255,409059951369.95575,1.0125111124267578,240,3.279166666666667,"{""0x7040"": 113, ""0x7060"": 67, ""0x0"": 60}","{""0x7040"": 105, ""0x7060"": 75, ""0x0"": 60}",0.0,0.0,0.0,0.0,0.0,0.2791666666666667,0.75,0.0,0.0,0.0,0.0,0.0,0.75,0.75,0.75,0.0,0.0,445,1.0
24,409059965288.9573,409060955349.0672,75,1,20,40,131258586,50050050,255,255,255,255,409060940201.06555,0.9900601099243164,240,3.275,"{""0x7040"": 114, ""0x7060"": 66, ""0x0"": 60}","{""0x7040"": 104, ""0x7060"": 76, ""0x0"": 60}",0.0,0.0,0.0,0.0,0.0,0.275,0.75,0.0,0.0,0.0,0.0,0.0,0.75,0.75,0.75,0.0,0.0,437,1.0
25,409060955349.0672,409061975229.1805,79,2,21,42,0,50050050,255,255,255,255,409061953843.1781,1.01988011328125,244,3.2950819672131146,"{""0x7040"": 111, ""0x7060"": 72, ""0x0"": 61}","{""0x7060"": 95, ""0x7040"": 88, ""0x0"": 61}",0.0,0.0,0.0,0.0,0.0,0.29508196721311475,0.75,0.0,0.0,0.0,0.0,0.0,0.75,0.75,0.75,0.0,0.0,447,1.0
26,409061975229.1805,409070967590.179,706,2,22,42,0,50050050,14,255,255,255,409070952480.17737,8.992360998535156,2156,3.3460111317254175,"{""0x7040"": 861, ""0x7060"": 751, ""0x0"": 539, ""0x3040"": 5}","{""0x7060"": 913, ""0x7040"": 699, ""0x0"": 539, ""0x3040"": 5}",0.0,0.0,0.0,0.0,0.0,0.34833024118738404,0.75,0.0,0.0,0.0,0.0,0.0,0.75,0.75,0.7476808905380334,0.0,0.0,3922,1.0
27,409070967590.179,409071980001.29144,76,1,23,40,164290755,50050050,255,255,255,255,409071964940.2898,1.0124111124267579,244,3.8360655737704916,"{""0x7060"": 163, ""0x0"": 61, ""0x7070"": 19, ""0x7078"": 1}","{""0x7060"": 161, ""0x0"": 61, ""0x7070"": 21, ""0x7078"": 1}",0.0,0.0,0.0,0.004098360655737705,0.08196721311475409,0.75,0.75,0.0,0.0,0.0,0.0,0.0,0.75,0.75,0.75,0.0,0.0,444,1.0
28,409071980001.29144,409072984956.4031,79,1,24,40,167343804,50050050,255,255,255,255,409072970041.40137,1.0049551116333009,240,3.7625,"{""0x7060"": 177, ""0x0"": 60, ""0x7070"": 3}","{""0x7060"": 177, ""0x0"": 60, ""0x7070"": 3}",0.0,0.0,0.0,0.0,0.0125,0.75,0.75,0.0,0.0,0.0,0.0,0.0,0.75,0.75,0.75,0.0,0.0,445,1.0
29,409072984956.4031,409073990020.51465,77,1,25,40,170346816,50050050,255,255,255,255,409073974977.513,1.0050641115722656,240,3.7583333333333333,"{""0x7060"": 178, ""0x0"": 60, ""0x7070"": 2}","{""0x7060"": 176, ""0x0"": 60, ""0x7070"": 4}",0.0,0.0,0.0,0.0,0.008333333333333333,0.75,0.75,0.0,0.0,0.0,0.0,0.0,0.75,0.75,0.75,0.0,0.0,439,1.0
30,409073990020.51465,409074994954.6262,78,2,26,42,0,50050050,255,255,255,255,409074980082.6246,1.0049341115722656,240,3.85,"{""0x7060"": 156, ""0x0"": 60, ""0x7070"": 24}","{""0x7060"": 153, ""0x0"": 60, ""0x7070"": 27}",0.0,0.0,0.0,0.0,0.1,0.75,0.75,0.0,0.0,0.0,0.0,0.0,0.75,0.75,0.75,0.0,0.0,429,1.0
31,409074994954.6262,409084002260.62646,687,2,27,42,0,50050050,14,255,255,255,409083987388.6248,9.00730600024414,2160,3.810648148148148,"{""0x7060"": 1489, ""0x7070"": 129, ""0x0"": 540, ""0x7078"": 1, ""0x6070"": 1}","{""0x7060"": 1472, ""0x7070"": 141, ""0x0"": 540, ""0x7068"": 1, ""0x7078"": 5, ""0x6070"": 1}",0.0,0.0,0.0,0.000462962962962963,0.060648148148148145,0.75,0.75,0.0,0.0,0.0,0.0,0.0,0.749537037037037,0.75,0.75,0.0,0.0,3582,1.0
32,409084002260.62646,409085007328.7381,77,1,28,40,203379813,50050050,255,255,255,255,409084993576.7366,1.0050681116333007,240,3.7625,"{""0x7060"": 177, ""0x0"": 60, ""0x7070"": 3}","{""0x7060"": 177, ""0x0"": 60, ""0x7070"": 3}",0.0,0.0,0.0,0.0,0.0125,0.75,0.75,0.0,0.0,0.0,0.0,0.0,0.75,0.75,0.75,0.0,0.0,410,1.0
33,409085007328.7381,409086019834.8505,78,1,29,40,206382813,50050050,255,255,255,255,409086004783.8488,1.0125061124267578,244,3.7540983606557377,"{""0x7060"": 182, ""0x0"": 61, ""0x7070"": 1}","{""0x7060"": 181, ""0x0"": 61, ""0x7070"": 2}",0.0,0.0,0.0,0.0,0.004098360655737705,0.75,0.75,0.0,0.0,0.0,0.0,0.0,0.75,0.75,0.75,0.0,0.0,399,1.0
34,409086019834.8505,409087017305.96124,78,1,30,40,209435862,50050050,255,255,255,255,409087002281.9596,0.9974711107177734,240,3.775,"{""0x7060"": 174, ""0x0"": 60, ""0x7070"": 6}","{""0x7060"": 174, ""0x0"": 60, ""0x7070"": 6}",0.0,0.0,0.0,0.0,0.025,0.75,0.75,0.0,0.0,0.0,0.0,0.0,0.75,0.75,0.75,0.0,0.0,353,1.0
35,409087017305.96124,409088014750.072,77,2,31,42,0,50050050,255,255,255,255,409087999728.0704,0.9974441107788086,240,3.754166666666667,"{""0x7060"": 179, ""0x0"": 60, ""0x7070"": 1}","{""0x7060"": 176, ""0x0"": 60, ""0x7070"": 4}",0.0,0.0,0.0,0.0,0.004166666666666667,0.75,0.75,0.0,0.0,0.0,0.0,0.0,0.75,0.75,0.75,0.0,0.0,344,1.0
36,409088014750.072,409097035411.0737,693,2,32,42,0,50050050,14,255,255,255,409097022125.07227,9.020661001708984,2160,3.7958333333333334,"{""0x7060"": 1519, ""0x0"": 540, ""0x7070"": 100, ""0x5060"": 1}","{""0x7060"": 1500, ""0x0"": 540, ""0x7070"": 119, ""0x5060"": 1}",0.0,0.0,0.0,0.0,0.046296296296296294,0.75,0.75,0.0,0.0,0.0,0.0,0.0,0.75,0.749537037037037,0.75,0.0,0.0,3080,1.0
37,409097035411.0737,409098049711.18634,78,1,33,40,242468874,50050050,255,255,255,255,409098034611.1847,1.0143001126098632,244,3.75,"{""0x7060"": 183, ""0x0"": 61}","{""0x7060"": 183, ""0x0"": 61}",0.0,0.0,0.0,0.0,0.0,0.75,0.75,0.0,0.0,0.0,0.0,0.0,0.75,0.75,0.75,0.0,0.0,316,1.0
38,409098049711.18634,409099062477.2988,77,1,34,40,245521926,50050050,255,255,255,255,409099047049.2971,1.012766112487793,244,3.7704918032786887,"{""0x7060"": 178, ""0x0"": 61, ""0x7070"": 5}","{""0x7060"": 177, ""0x0"": 61, ""0x7070"": 6}",0.0,0.0,0.0,0.0,0.020491803278688523,0.75,0.75,0.0,0.0,0.0,0.0,0.0,0.75,0.75,0.75,0.0,0.0,323,1.0
39,409099062477.2988,409100052122.4087,76,1,35,40,248574987,50050050,255,255,255,255,409100037098.40704,0.9896451098632812,236,3.75,"{""0x7060"": 177, ""0x0"": 59}","{""0x7060"": 176, ""0x0"": 59, ""0x7070"": 1}",0.0,0.0,0.0,0.0,0.0,0.75,0.75,0.0,0.0,0.0,0.0,0.0,0.75,0.75,0.75,0.0,0.0,319,1.0
40,409100052122.4087,409100067120.4104,1,2,36,42,0,50050050,255,255,255,255,409100052122.4087,0.014998001708984375,4,3.75,"{""0x7060"": 3, ""0x0"": 1}","{""0x7060"": 3, ""0x0"": 1}",0.0,0.0,0.0,0.0,0.0,0.75,0.75,0.0,0.0,0.0,0.0,0.0,0.75,0.75,0.75,0.0,0.0,6,1.0
41,409100067120.4104,409106074441.07745,459,2,37,42,0,50050050,14,255,255,255,409106059518.0758,6.007320667053222,1440,3.504166666666667,"{""0x7060"": 559, ""0x0"": 497, ""0x7070"": 225, ""0x7078"": 51, ""0x7068"": 5, ""0x6060"": 13, ""0x2060"": 2, ""0x60"": 18, ""0x20"": 6, ""0x7470"": 11, ""0x7460"": 6, ""0x7478"": 2, ""0x7860"": 4, ""0x7040"": 5, ""0x7840"": 6, ""0x7c40"": 9, ""0x7c60"": 2, ""0x7e40"": 11, ""0x7ec0"": 2, ""0x7fc0"": 4, ""0x7e80"": 2}","{""0x7060"": 483, ""0x0"": 497, ""0x7070"": 257, ""0x7068"": 16, ""0x7078"": 86, ""0x6060"": 12, ""0x2060"": 2, ""0x60"": 18, ""0x20"": 6, ""0x7470"": 13, ""0x7460"": 2, ""0x7478"": 4, ""0x6860"": 1, ""0x7860"": 4, ""0x7040"": 3, ""0x7840"": 6, ""0x7c40"": 8, ""0x7c60"": 3, ""0x7e40"": 10, ""0x7e60"": 1, ""0x7ec0"": 2, ""0x7fc0"": 4, ""0x7e80"": 2}",0.0,0.0,0.0,0.04027777777777778,0.20069444444444445,0.6277777777777778,0.6493055555555556,0.005555555555555556,0.002777777777777778,0.013194444444444444,0.034027777777777775,0.027777777777777776,0.6277777777777778,0.6381944444444444,0.6368055555555555,0.0,0.0,1982,1.0
42,409106074441.07745,409110064371.5205,302,2,38,42,0,50050050,12,255,255,255,409110049449.51886,3.9899304430541993,956,7.116108786610878,"{""0x7e80"": 125, ""0x7e40"": 86, ""0x7fc0"": 31, ""0x7c40"": 161, ""0x7e00"": 19, ""0x7ec0"": 209, ""0x7f40"": 6, ""0x7f80"": 57, ""0x7cc0"": 62, ""0x7c60"": 150, ""0x3e80"": 26, ""0x3e00"": 8, ""0x3f80"": 15, ""0x3f00"": 1}","{""0x7e80"": 126, ""0x7e40"": 90, ""0x7fc0"": 41, ""0x7c40"": 121, ""0x7f00"": 1, ""0x7f40"": 6, ""0x7f80"": 53, ""0x7ec0"": 217, ""0x7cc0"": 76, ""0x7c60"": 160, ""0x7e00"": 14, ""0x3e80"": 29, ""0x3e00"": 5, ""0x7e60"": 1, ""0x3f80"": 16}",0.0,0.0,0.0,0.0,0.0,0.15690376569037656,0.7374476987447699,0.549163179916318,0.11506276150627615,0.6098326359832636,1.0,1.0,1.0,1.0,0.9476987447698745,0.0,0.0,1282,1.0
43,409110064371.5205,409111069493.63214,77,1,39,40,281558208,50050050,255,255,255,255,409111054598.6305,1.0051221116333007,240,6.670833333333333,"{""0x7ec0"": 60, ""0x7e40"": 39, ""0x3e80"": 51, ""0x7c60"": 3, ""0x7c40"": 70, ""0x7cc0"": 3, ""0x3e00"": 9, ""0x7e80"": 5}","{""0x7ec0"": 65, ""0x7e40"": 36, ""0x3e80"": 59, ""0x7c60"": 3, ""0x7c40"": 68, ""0x7cc0"": 3, ""0x7e80"": 4, ""0x3e00"": 1, ""0x7f80"": 1}",0.0,0.0,0.0,0.0,0.0,0.0125,0.7291666666666666,0.49583333333333335,0.0,0.6833333333333333,1.0,1.0,1.0,1.0,0.75,0.0,0.0,324,1.0
44,409111069493.63214,409112081872.74457,76,1,40,40,284611245,50050050,255,255,255,255,409112067073.7429,1.0123791124267578,244,6.721311475409836,"{""0x7ec0"": 61, ""0x7e40"": 39, ""0x3e80"": 38, ""0x7c40"": 83, ""0x3e00"": 4, ""0x7e80"": 19}","{""0x7ec0"": 63, ""0x7e40"": 43, ""0x3e80"": 42, ""0x7c40"": 74, ""0x7cc0"": 3, ""0x7e80"": 19}",0.0,0.0,0.0,0.0,0.0,0.0,0.75,0.48360655737704916,0.0,0.6598360655737705,1.0,1.0,1.0,1.0,0.8278688524590164,0.0,0.0,331,1.0
45,409112081872.74457,409113086754.85614,76,1,41,40,287614245,50050050,255,255,255,255,409113071791.8545,1.0048821115722657,240,6.875,"{""0x7ec0"": 50, ""0x7c40"": 84, ""0x7e80"": 46, ""0x7e00"": 13, ""0x7e40"": 31, ""0x7fc0"": 9, ""0x7cc0"": 6, ""0x3e80"": 1}","{""0x7ec0"": 36, ""0x7c40"": 71, ""0x7e80"": 58, ""0x7e40"": 35, ""0x7e00"": 1, ""0x7fc0"": 24, ""0x7cc0"": 14, ""0x3e80"": 1}",0.0,0.0,0.0,0.0,0.0,0.0,0.75,0.4666666666666667,0.0375,0.625,1.0,1.0,1.0,1.0,0.9958333333333333,0.0,0.0,325,1.0
46,409113086754.85614,409113101807.8578,1,2,42,42,0,50050050,255,255,255,255,409113086754.85614,0.015053001647949218,4,7.25,"{""0x7fc0"": 1, ""0x7e40"": 2, ""0x7e00"": 1}","{""0x7fc0"": 1, ""0x7ec0"": 1, ""0x7e80"": 1, ""0x7e40"": 1}",0.0,0.0,0.0,0.0,0.0,0.0,0.75,0.25,0.25,1.0,1.0,1.0,1.0,1.0,1.0,0.0,0.0,5,1.0
47,409113101807.8578,409123084089.9663,760,2,43,42,0,50050050,12,255,255,255,409123069130.96466,9.982282108520508,2396,6.775876460767947,"{""0x7ec0"": 548, ""0x7e40"": 361, ""0x7e00"": 268, ""0x7f80"": 1, ""0x7e80"": 331, ""0x7c40"": 864, ""0x7fc0"": 23}","{""0x7ec0"": 537, ""0x7e80"": 594, ""0x7e40"": 393, ""0x7f80"": 1, ""0x7c40"": 830, ""0x7fc0"": 36, ""0x7e00"": 5}",0.0,0.0,0.0,0.0,0.0,0.0,0.7495826377295493,0.3768781302170284,0.01001669449081803,0.6393989983305509,1.0,1.0,1.0,1.0,1.0,0.0,0.0,3205,1.0
48,409123084089.9663,409124096682.07874,76,1,44,40,320647404,50050050,255,255,255,255,409124081553.0771,1.0125921124267578,240,6.829166666666667,"{""0x7ec0"": 55, ""0x7c40"": 78, ""0x7e00"": 18, ""0x7e40"": 46, ""0x7e80"": 42, ""0x7c60"": 1}","{""0x7ec0"": 55, ""0x7c40"": 69, ""0x7e80"": 55, ""0x7e40"": 55, ""0x7c60"": 1, ""0x7e00"": 5}",0.0,0.0,0.0,0.0,0.0,0.004166666666666667,0.75,0.4041666666666667,0.0,0.6708333333333333,1.0,1.0,1.0,1.0,1.0,0.0,0.0,312,1.0
49,409124096682.07874,409125101719.19037,77,1,45,40,323700441,50050050,255,255,255,255,409125087733.1888,1.0050371116333008,244,6.69672131147541,"{""0x7ec0"": 60, ""0x7e40"": 30, ""0x7e00"": 44, ""0x7c40"": 90, ""0x7c60"": 3, ""0x7e80"": 17}","{""0x7ec0"": 60, ""0x7e40"": 36, ""0x7e80"": 61, ""0x7c40"": 84, ""0x7c60"": 3}",0.0,0.0,0.0,0.0,0.0,0.012295081967213115,0.75,0.3155737704918033,0.0,0.6188524590163934,1.0,1.0,1.0,1.0,1.0,0.0,0.0,369,1.0
50,409125101719.19037,409126106460.30194,77,1,46,40,326703480,50050050,255,255,255,255,409126091509.30023,1.0047411115722655,240,6.720833333333333,"{""0x7ec0"": 60, ""0x7e40"": 48, ""0x7e00"": 55, ""0x7c40"": 72, ""0x7e80"": 5}","{""0x7ec0"": 60, ""0x7e40"": 48, ""0x7e80"": 60, ""0x7c40"": 72}",0.0,0.0,0.0,0.0,0.0,0.0,0.75,0.2708333333333333,0.0,0.7,1.0,1.0,1.0,1.0,1.0,0.0,0.0,378,1.0
51,409126106460.30194,409127103937.41266,76,2,47,42,0,50050050,255,255,255,255,409127088999.411,0.9974771107177735,240,6.766666666666667,"{""0x7ec0"": 51, ""0x7e40"": 53, ""0x7e80"": 29, ""0x7c40"": 76, ""0x7e00"": 31}","{""0x7ec0"": 51, ""0x7e40"": 53, ""0x7e80"": 50, ""0x7c40"": 76, ""0x7e00"": 10}",0.0,0.0,0.0,0.0,0.0,0.0,0.75,0.3333333333333333,0.0,0.6833333333333333,1.0,1.0,1.0,1.0,1.0,0.0,0.0,370,1.0
52,409127103937.41266,409136112826.4131,692,2,48,42,0,50050050,12,255,255,255,409136096564.41125,9.008889000427246,2160,6.723611111111111,"{""0x7e40"": 301, ""0x7c40"": 675, ""0x7e80"": 190, ""0x7ec0"": 453, ""0x7e00"": 291, ""0x7c60"": 23, ""0x7f80"": 40, ""0x7fc0"": 6, ""0x7f00"": 2, ""0x7cc0"": 1, ""0x7f40"": 1, ""0x3f80"": 9, ""0x1f80"": 42, ""0x1f82"": 43, ""0xf82"": 71, ""0xf80"": 12}","{""0x7e40"": 376, ""0x7c40"": 600, ""0x7e80"": 402, ""0x7ec0"": 453, ""0x7e00"": 78, ""0x7c60"": 23, ""0x7fc0"": 9, ""0x7f80"": 40, ""0x7cc0"": 1, ""0x7f40"": 1, ""0x3f80"": 9, ""0x1f80"": 40, ""0x1f82"": 57, ""0xf82"": 59, ""0xf80"": 12}",0.0,0.05277777777777778,0.0,0.0,0.0,0.010648148148148148,0.6759259259259259,0.4013888888888889,0.10462962962962963,0.6763888888888889,1.0,1.0,0.961574074074074,0.9222222222222223,0.9180555555555555,0.0,0.0,3175,1.0
53,409136112826.4131,409137116723.52454,78,1,49,40,359736621,50050050,255,255,255,255,409137101217.5228,1.0038971114501953,240,6.275,"{""0x1f82"": 67, ""0x1f80"": 109, ""0xf82"": 63, ""0xf80"": 1}","{""0x1f82"": 79, ""0x1f80"": 98, ""0xf82"": 62, ""0xf80"": 1}",0.0,0.5416666666666666,0.0,0.0,0.0,0.0,0.0,1.0,1.0,1.0,1.0,1.0,0.7333333333333333,0.0,0.0,0.0,0.0,370,1.0
54,409137116723.52454,409138129975.6371,78,1,50,40,362739612,50050050,255,255,255,255,409138113828.63525,1.013252112548828,244,6.278688524590164,"{""0x1f82"": 68, ""0x1f80"": 115, ""0xf82"": 61}","{""0x1f82"": 76, ""0x1f80"": 107, ""0xf82"": 61}",0.0,0.5286885245901639,0.0,0.0,0.0,0.0,0.0,1.0,1.0,1.0,1.0,1.0,0.75,0.0,0.0,0.0,0.0,375,1.0
55,409138129975.6371,409139134925.74866,76,1,51,40,365792649,50050050,255,255,255,255,409139118758.7469,1.0049501115722657,240,6.466666666666667,"{""0x1f82"": 110, ""0x1f80"": 101, ""0xf82"": 27, ""0x5f80"": 2}","{""0x1f82"": 115, ""0x1f80"": 99, ""0xf82"": 24, ""0x5f80"": 2}",0.0,0.5708333333333333,0.0,0.0,0.0,0.0,0.0,1.0,1.0,1.0,1.0,1.0,0.8875,0.0,0.008333333333333333,0.0,0.0,365,1.0
56,409139134925.74866,409139163711.75183,3,2,52,42,0,50050050,255,255,255,255,409139162764.7518,0.028786003173828126,4,6.75,"{""0x1f82"": 3, ""0x1f80"": 1}","{""0x1f82"": 3, ""0x1f80"": 1}",0.0,0.75,0.0,0.0,0.0,0.0,0.0,1.0,1.0,1.0,1.0,1.0,1.0,0.0,0.0,0.0,0.0,14,1.0
57,409139163711.75183,409149153484.86115,774,2,53,42,0,50050050,10,255,255,255,409149138462.8595,9.989773109313965,2384,6.782298657718121,"{""0x1f82"": 1054, ""0x1f80"": 83, ""0x5f80"": 561, ""0x5f82"": 66, ""0xf82"": 560, ""0x7f80"": 59, ""0x1b82"": 1}","{""0x1f82"": 675, ""0x1f80"": 18, ""0x5f80"": 591, ""0x5f82"": 483, ""0xf82"": 557, ""0x7f80"": 59, ""0x5b82"": 1}",0.0,0.7051174496644296,0.0,0.0,0.0,0.0,0.0,1.0,1.0,1.0,0.9995805369127517,1.0,0.7651006711409396,0.024748322147651006,0.287751677852349,0.0,0.0,3557,1.0
58,409149153484.86115,409150166038.97363,81,1,54,40,398825706,50050050,255,255,255,255,409150151040.9719,1.012554112487793,244,6.692622950819672,"{""0x1f82"": 80, ""0xf82"": 55, ""0x7f80"": 13, ""0x5f80"": 57, ""0x1f80"": 27, ""0x5f82"": 6, ""0xf80"": 6}","{""0x1f82"": 61, ""0x5f82"": 33, ""0xf82"": 55, ""0x7f80"": 13, ""0x5f80"": 66, ""0x1f80"": 10, ""0xf80"": 6}",0.0,0.5778688524590164,0.0,0.0,0.0,0.0,0.0,1.0,1.0,1.0,1.0,1.0,0.75,0.05327868852459016,0.3114754098360656,0.0,0.0,366,1.0
59,409150166038.97363,409151178529.08606,78,1,55,40,401878749,50050050,255,255,255,255,409151163548.08435,1.0124901124267578,244,6.872950819672131,"{""0x1f82"": 70, ""0x5f80"": 51, ""0xf82"": 61, ""0x7f80"": 22, ""0x5f82"": 24, ""0x1f80"": 16}","{""0x1f82"": 68, ""0x5f82"": 44, ""0xf82"": 61, ""0x5f80"": 49, ""0x7f80"": 22}",0.0,0.6352459016393442,0.0,0.0,0.0,0.0,0.0,1.0,1.0,1.0,1.0,1.0,0.75,0.09016393442622951,0.3975409836065574,0.0,0.0,345,1.0
60,409151178529.08606,409152160953.1951,77,1,56,40,404931816,50050050,255,255,255,255,409152146657.19354,0.9824241090698242,236,6.661016949152542,"{""0x1f82"": 82, ""0x1f80"": 32, ""0xf82"": 56, ""0x5f80"": 49, ""0x7f80"": 14, ""0xf80"": 3}","{""0x1f82"": 59, ""0x5f82"": 52, ""0xf82"": 56, ""0x5f80"": 51, ""0x7f80"": 14, ""0xf80"": 3, ""0x1f80"": 1}",0.0,0.5847457627118644,0.0,0.0,0.0,0.0,0.0,1.0,1.0,1.0,1.0,1.0,0.75,0.059322033898305086,0.2669491525423729,0.0,0.0,369,1.0
61,409152160953.1951,409153174422.3077,79,2,57,42,0,50050050,255,255,255,255,409153158911.30597,1.0134691125488282,240,6.8125,"{""0x1f82"": 89, ""0xf82"": 57, ""0x7f80"": 45, ""0x1f80"": 28, ""0x5f82"": 1, ""0x5f80"": 17, ""0xf80"": 3}","{""0x1f82"": 60, ""0x5f82"": 51, ""0xf82"": 57, ""0x7f80"": 45, ""0x1f80"": 5, ""0x5f80"": 19, ""0xf80"": 3}",0.0,0.6125,0.0,0.0,0.0,0.0,0.0,1.0,1.0,1.0,1.0,1.0,0.75,0.1875,0.2625,0.0,0.0,353,1.0
62,409153174422.3077,409162174306.30707,710,2,58,42,0,50050050,10,255,255,255,409162158275.3053,8.999883999389649,2160,6.815740740740741,"{""0x1f82"": 696, ""0x5f80"": 308, ""0xf82"": 440, ""0x7f80"": 361, ""0x1f80"": 331, ""0x5f82"": 20, ""0xf80"": 4}","{""0x1f82"": 685, ""0x5f82"": 180, ""0xf82"": 407, ""0x5f80"": 473, ""0x7f80"": 361, ""0x1f80"": 50, ""0xf80"": 4}",0.0,0.5351851851851852,0.0,0.0,0.0,0.0,0.0,1.0,1.0,1.0,1.0,1.0,0.7944444444444444,0.16712962962962963,0.3189814814814815,0.0,0.0,3273,1.0
63,409162174306.30707,409163178278.4185,79,1,59,40,437914788,50050050,255,255,255,255,409163168731.4175,1.0039721114501954,240,6.958333333333333,"{""0x1f82"": 113, ""0x1f80"": 53, ""0x7f80"": 43, ""0x5f80"": 31}","{""0x1f82"": 116, ""0x5f80"": 72, ""0x7f80"": 43, ""0x1f80"": 6, ""0x5f82"": 3}",0.0,0.4708333333333333,0.0,0.0,0.0,0.0,0.0,1.0,1.0,1.0,1.0,1.0,1.0,0.17916666666666667,0.30833333333333335,0.0,0.0,358,1.0
64,409163178278.4185,409164190794.531,78,1,60,40,440917785,50050050,255,255,255,255,409164175772.5293,1.012516112487793,244,6.799180327868853,"{""0x1f82"": 96, ""0x1f80"": 33, ""0x7f80"": 54, ""0x5f80"": 27, ""0xf82"": 4, ""0x382"": 2, ""0x180"": 1, ""0x0"": 10, ""0x3f80"": 3, ""0x7f81"": 3, ""0x7f01"": 5, ""0x7e01"": 3, ""0x7e41"": 2, ""0x17f01"": 1}","{""0x1f82"": 96, ""0x5f80"": 53, ""0x7f80"": 55, ""0x5f82"": 6, ""0xf82"": 3, ""0x1f80"": 2, ""0x382"": 2, ""0x180"": 1, ""0x0"": 10, ""0x3f80"": 2, ""0x7f81"": 3, ""0x7f01"": 5, ""0x7e01"": 3, ""0x7e41"": 2, ""0x17f01"": 1}",0.05737704918032787,0.4180327868852459,0.0,0.0,0.0,0.0,0.00819672131147541,0.9139344262295082,0.9385245901639344,0.9549180327868853,0.9467213114754098,0.9467213114754098,0.930327868852459,0.29098360655737704,0.38934426229508196,0.0,0.004098360655737705,354,1.0
65,409164190794.531,409165195850.6426,76,1,61,40,443970843,50050050,255,255,255,255,409165180929.6409,1.0050561115722656,240,1.275,"{""0x17f01"": 1, ""0x7e01"": 1, ""0x0"": 187, ""0x7e41"": 1, ""0x13e01"": 1, ""0x17e41"": 2, ""0x7c41"": 1, ""0x1be01"": 3, ""0x16061"": 1, ""0x1fc60"": 1, ""0x1c060"": 1, ""0x1fc61"": 1, ""0x8060"": 4, ""0x1bc01"": 1, ""0x1f861"": 1, ""0x1a801"": 1, ""0x1f860"": 1, ""0x1a020"": 1, ""0xf860"": 1, ""0x20"": 1, ""0x7860"": 2, ""0x60"": 3, ""0x7c70"": 1, ""0x7470"": 4, ""0x70"": 7, ""0x7078"": 1, ""0x7478"": 4, ""0x7460"": 3, ""0x5460"": 1, ""0x1460"": 1, ""0x420"": 1}","{""0x17f01"": 1, ""0x7e01"": 1, ""0x0"": 51, ""0x7e41"": 1, ""0x13e01"": 1, ""0x17e41"": 2, ""0x7c41"": 1, ""0x1be01"": 3, ""0x16061"": 1, ""0x1fc60"": 1, ""0x1c060"": 1, ""0x1fc61"": 1, ""0x8060"": 4, ""0x1bc01"": 1, ""0x1f861"": 1, ""0x1a801"": 1, ""0x1f860"": 1, ""0x1a020"": 1, ""0xf860"": 1, ""0x20"": 1, ""0x7860"": 2, ""0x60"": 3, ""0x7c70"": 1, ""0x7470"": 4, ""0x70"": 7, ""0x7078"": 1, ""0x7478"": 4, ""0x7460"": 3, ""0x5460"": 1, ""0x1460"": 1, ""0x420"": 1, ""0x1ffff"": 136}",0.0625,0.0,0.0,0.020833333333333332,0.07083333333333333,0.17083333333333334,0.175,0.0,0.004166666666666667,0.0375,0.11666666666666667,0.08333333333333333,0.1375,0.14166666666666666,0.12083333333333333,0.06666666666666667,0.06666666666666667,342,1.0
66,409165195850.6426,409166208248.755,79,1,62,40,446973867,50050050,255,255,255,255,409166193416.75336,1.0123981124267578,244,0.0,"{""0x0"": 244}","{""0x1ffff"": 244}",0.0,0.0,0.0,0.0,0.0,0.0,0.0,0.0,0.0,0.0,0.0,0.0,0.0,0.0,0.0,0.0,0.0,363,1.0
67,409166208248.755,409167220857.86743,79,1,63,40,450026949,50050050,255,255,255,255,409167205688.8658,1.0126091124267578,240,0.0,"{""0x0"": 240}","{""0x1ffff"": 240}",0.0,0.0,0.0,0.0,0.0,0.0,0.0,0.0,0.0,0.0,0.0,0.0,0.0,0.0,0.0,0.0,0.0,354,1.0
68,409167220857.86743,409168225699.97906,79,1,64,40,453029955,50050050,255,255,255,255,409168211798.9775,1.0048421116333008,244,0.0,"{""0x0"": 244}","{""0x1ffff"": 244}",0.0,0.0,0.0,0.0,0.0,0.0,0.0,0.0,0.0,0.0,0.0,0.0,0.0,0.0,0.0,0.0,0.0,348,1.0
69,409168225699.97906,409169230924.09064,77,1,65,40,456083037,50050050,255,255,255,255,409169215708.089,1.0052241115722655,240,0.0,"{""0x0"": 240}","{""0x1ffff"": 240}",0.0,0.0,0.0,0.0,0.0,0.0,0.0,0.0,0.0,0.0,0.0,0.0,0.0,0.0,0.0,0.0,0.0,363,1.0
70,409169230924.09064,409170235683.2022,77,1,66,40,459086058,50050050,255,255,255,255,409170220637.20056,1.0047591115722656,240,2.1125,"{""0x0"": 167, ""0x7ec0"": 3, ""0x6040"": 2, ""0x7e40"": 9, ""0x7040"": 2, ""0x7840"": 1, ""0x7860"": 2, ""0x7e60"": 5, ""0x7c60"": 14, ""0x60"": 1, ""0x4060"": 1, ""0x6060"": 1, ""0x7e41"": 7, ""0x7c40"": 1, ""0x7f01"": 5, ""0x7e01"": 2, ""0x7f81"": 5, ""0x7f80"": 6, ""0x7e00"": 5, ""0x301"": 1}","{""0x1ffff"": 124, ""0x0"": 43, ""0x7ec0"": 3, ""0x6040"": 2, ""0x7e40"": 9, ""0x7040"": 2, ""0x7840"": 1, ""0x7860"": 2, ""0x7e60"": 5, ""0x7c60"": 14, ""0x60"": 1, ""0x4060"": 1, ""0x6060"": 1, ""0x7e41"": 7, ""0x7c40"": 1, ""0x7f01"": 5, ""0x7e01"": 2, ""0x7f81"": 5, ""0x7f80"": 6, ""0x7e00"": 5, ""0x301"": 1}",0.08333333333333333,0.0,0.0,0.0,0.0,0.1,0.20416666666666666,0.058333333333333334,0.07083333333333333,0.2,0.25833333333333336,0.2708333333333333,0.2791666666666667,0.2916666666666667,0.29583333333333334,0.0,0.0,360,1.0
71,409170235683.2022,409171248147.31464,77,1,67,40,462089100,50050050,255,255,255,255,409171233118.313,1.0124641124267577,244,6.717213114754099,"{""0x7f80"": 10, ""0xf01"": 1, ""0x7e40"": 97, ""0x7fc0"": 3, ""0x3f01"": 1, ""0x3f00"": 2, ""0x7f40"": 1, ""0x3f80"": 1, ""0x7f00"": 6, ""0x7e80"": 1, ""0x7ec0"": 1, ""0x7e00"": 50, ""0x7c40"": 38, ""0x7c60"": 27, ""0x7e60"": 5}","{""0x7f80"": 11, ""0x7fc0"": 8, ""0xf01"": 1, ""0x7e40"": 85, ""0x3f01"": 1, ""0x3f00"": 2, ""0x7f40"": 2, ""0x3f80"": 1, ""0x7ec0"": 1, ""0x7f00"": 2, ""0x7e00"": 50, ""0x7c40"": 28, ""0x7e60"": 24, ""0x7c60"": 28}",0.00819672131147541,0.0,0.0,0.0,0.0,0.13114754098360656,0.7049180327868853,0.06557377049180328,0.10245901639344263,0.7336065573770492,1.0,1.0,0.9959016393442623,0.9959016393442623,0.9795081967213115,0.0,0.0,365,1.0
72,409171248147.31464,409172253111.4263,77,1,68,40,465142161,50050050,255,255,255,255,409172238337.4246,1.0049641116333008,240,6.779166666666667,"{""0x7c40"": 39, ""0x7e60"": 12, ""0x7e00"": 26, ""0x7c60"": 59, ""0x7e40"": 104}","{""0x7c40"": 24, ""0x7e60"": 56, ""0x7e00"": 24, ""0x7c60"": 51, ""0x7e40"": 85}",0.0,0.0,0.0,0.0,0.0,0.29583333333333334,0.8916666666666667,0.0,0.0,0.5916666666666667,1.0,1.0,1.0,1.0,1.0,0.0,0.0,333,1.0
73,409172253111.4263,409172778028.48456,40,1,69,40,468145173,50050050,255,255,255,255,409172763234.4829,0.5249170582885743,124,6.846774193548387,"{""0x7e40"": 58, ""0x7e60"": 8, ""0x7c60"": 31, ""0x7c40"": 27}","{""0x7e40"": 55, ""0x7e60"": 28, ""0x7c60"": 28, ""0x7c40"": 13}",0.0,0.0,0.0,0.0,0.0,0.31451612903225806,1.0,0.0,0.0,0.532258064516129,1.0,1.0,1.0,1.0,1.0,0.0,0.0,182,1.0
74,409172778028.48456,409173783053.5961,78,2,70,42,0,50050050,255,255,255,255,409173768013.5945,1.0050251115722657,244,6.89344262295082,"{""0x7c40"": 32, ""0x7c60"": 90, ""0x7e40"": 116, ""0x7e60"": 6}","{""0x7c40"": 27, ""0x7e60"": 53, ""0x7e40"": 100, ""0x7c60"": 64}",0.0,0.0,0.0,0.0,0.0,0.39344262295081966,1.0,0.0,0.0,0.5,1.0,1.0,1.0,1.0,1.0,0.0,0.0,351,1.0
75,409173783053.5961,409174788637.7078,76,2,71,42,0,50050050,14,255,255,255,409174774226.70624,1.005584111694336,240,6.795833333333333,"{""0x7e40"": 113, ""0x7c60"": 66, ""0x7c40"": 52, ""0x3c40"": 2, ""0x7e60"": 7}","{""0x7e40"": 110, ""0x7e60"": 55, ""0x7c60"": 56, ""0x7c40"": 17, ""0x3c40"": 2}",0.0,0.0,0.0,0.0,0.0,0.30416666666666664,1.0,0.0,0.0,0.5,1.0,1.0,1.0,1.0,0.9916666666666667,0.0,0.0,338,1.0
76,409174788637.7078,409176797903.9309,153,2,72,42,0,50050050,12,255,255,255,409176783019.92926,2.009266223083496,480,6.914583333333334,"{""0x7c40"": 69, ""0x7c60"": 146, ""0x7e40"": 229, ""0x7e60"": 32, ""0x6c60"": 4}","{""0x7c40"": 29, ""0x7e60"": 103, ""0x7e40"": 222, ""0x7c60"": 122, ""0x6c60"": 4}",0.0,0.0,0.0,0.0,0.0,0.37916666666666665,1.0,0.0,0.0,0.54375,1.0,1.0,0.9916666666666667,1.0,1.0,0.0,0.0,714,1.0
77,409176797903.9309,409177795493.0417,77,2,73,42,0,50050050,14,255,255,255,409177782297.0402,0.9975891107788086,240,6.975,"{""0x7e40"": 98, ""0x7e60"": 29, ""0x7c60"": 78, ""0x7c40"": 32, ""0x3c60"": 3}","{""0x7e40"": 96, ""0x7e60"": 59, ""0x7c60"": 51, ""0x7c40"": 31, ""0x3c60"": 3}",0.0,0.0,0.0,0.0,0.0,0.4583333333333333,1.0,0.0,0.0,0.5291666666666667,1.0,1.0,1.0,1.0,0.9875,0.0,0.0,348,1.0
78,409177795493.0417,409180795383.3748,229,2,74,42,0,50050050,12,255,255,255,409180780361.37317,2.999890333129883,720,6.866666666666666,"{""0x7e40"": 364, ""0x7c40"": 103, ""0x7c60"": 231, ""0x6c60"": 3, ""0x7e60"": 16, ""0x6c40"": 3}","{""0x7e40"": 354, ""0x7e60"": 169, ""0x7c60"": 169, ""0x7c40"": 22, ""0x6c60"": 3, ""0x6c40"": 3}",0.0,0.0,0.0,0.0,0.0,0.3472222222222222,1.0,0.0,0.0,0.5277777777777778,1.0,1.0,0.9916666666666667,1.0,1.0,0.0,0.0,1066,1.0
79,409180795383.3748,409181792887.4856,76,2,75,42,0,50050050,14,255,255,255,409181778244.48395,0.9975041107788086,240,6.966666666666667,"{""0x7e40"": 90, ""0x7e60"": 33, ""0x7c60"": 76, ""0x7c40"": 40, ""0x3c60"": 1}","{""0x7e40"": 90, ""0x7e60"": 33, ""0x7c60"": 76, ""0x7c40"": 40, ""0x3c60"": 1}",0.0,0.0,0.0,0.0,0.0,0.4583333333333333,1.0,0.0,0.0,0.5125,1.0,1.0,1.0,1.0,0.9958333333333333,0.0,0.0,359,1.0
80,409181792887.4856,409182775303.59467,77,2,76,42,0,50050050,12,255,255,255,409182760432.593,0.9824161090698242,236,6.9025423728813555,"{""0x7c40"": 44, ""0x7e40"": 90, ""0x7c60"": 59, ""0x6c60"": 11, ""0x7e60"": 32}","{""0x7c40"": 43, ""0x7e40"": 90, ""0x7c60"": 57, ""0x6c60"": 11, ""0x7e60"": 35}",0.0,0.0,0.0,0.0,0.0,0.4322033898305085,1.0,0.0,0.0,0.5169491525423728,1.0,1.0,0.9533898305084746,1.0,1.0,0.0,0.0,355,1.0
81,409182775303.59467,409183788108.70715,78,1,77,40,499726986,50050050,255,255,255,255,409183773414.7055,1.012805112487793,240,6.954166666666667,"{""0x7e40"": 119, ""0x7c40"": 35, ""0x7c60"": 62, ""0x7e60"": 24}","{""0x7e40"": 119, ""0x7e60"": 60, ""0x7c60"": 60, ""0x7c40"": 1}",0.0,0.0,0.0,0.0,0.0,0.35833333333333334,1.0,0.0,0.0,0.5958333333333333,1.0,1.0,1.0,1.0,1.0,0.0,0.0,365,1.0
82,409183788108.70715,409184800377.8196,78,1,78,40,502780059,50050050,255,255,255,255,409184785310.8179,1.0122691124267578,244,6.930327868852459,"{""0x7e40"": 106, ""0x7e60"": 21, ""0x7c60"": 79, ""0x7c40"": 38}","{""0x7e40"": 105, ""0x7e60"": 60, ""0x7c60"": 61, ""0x7c40"": 18}",0.0,0.0,0.0,0.0,0.0,0.4098360655737705,1.0,0.0,0.0,0.5204918032786885,1.0,1.0,1.0,1.0,1.0,0.0,0.0,355,1.0
83,409184800377.8196,409185805263.93115,77,1,79,40,505783083,50050050,255,255,255,255,409185790249.9295,1.0048861115722656,240,6.841666666666667,"{""0x7c40"": 60, ""0x7e60"": 22, ""0x7e40"": 74, ""0x7c60"": 84}","{""0x7c40"": 56, ""0x7e60"": 58, ""0x7e40"": 75, ""0x7c60"": 51}",0.0,0.0,0.0,0.0,0.0,0.44166666666666665,1.0,0.0,0.0,0.4,1.0,1.0,1.0,1.0,1.0,0.0,0.0,357,1.0
84,409185805263.93115,409185820344.9328,1,2,80,42,0,50050050,255,255,255,255,409185805263.93115,0.015081001647949219,4,7.0,"{""0x7c40"": 1, ""0x7e60"": 1, ""0x7e40"": 1, ""0x7c60"": 1}","{""0x7c40"": 1, ""0x7e60"": 1, ""0x7e40"": 1, ""0x7c60"": 1}",0.0,0.0,0.0,0.0,0.0,0.5,1.0,0.0,0.0,0.5,1.0,1.0,1.0,1.0,1.0,0.0,0.0,6,1.0
85,409185820344.9328,409186825232.04443,76,2,81,42,0,50050050,12,255,255,255,409186810289.0428,1.0048871116333007,240,6.983333333333333,"{""0x7c40"": 30, ""0x7e60"": 28, ""0x7e40"": 111, ""0x7c60"": 69, ""0x6c60"": 2}","{""0x7c40"": 13, ""0x7e60"": 54, ""0x7e40"": 110, ""0x7c60"": 61, ""0x6c60"": 2}",0.0,0.0,0.0,0.0,0.0,0.4125,1.0,0.0,0.0,0.5791666666666667,1.0,1.0,0.9916666666666667,1.0,1.0,0.0,0.0,359,1.0
86,409186825232.04443,409187822795.1552,76,2,82,42,0,50050050,14,255,255,255,409187808403.15356,0.9975631107788085,240,6.9375,"{""0x7e40"": 114, ""0x7c40"": 34, ""0x7c60"": 73, ""0x7e60"": 19}","{""0x7e40"": 114, ""0x7e60"": 51, ""0x7c60"": 66, ""0x7c40"": 9}",0.0,0.0,0.0,0.0,0.0,0.38333333333333336,1.0,0.0,0.0,0.5541666666666667,1.0,1.0,1.0,1.0,1.0,0.0,0.0,340,1.0
87,409187822795.1552,409189819943.37695,154,2,83,42,0,50050050,12,255,255,255,409189803221.3751,1.9971482217407226,480,7.01875,"{""0x7e40"": 230, ""0x7c60"": 165, ""0x7e60"": 47, ""0x7c40"": 37, ""0x6c60"": 1}","{""0x7e40"": 221, ""0x7c60"": 128, ""0x7e60"": 103, ""0x7c40"": 27, ""0x6c60"": 1}",0.0,0.0,0.0,0.0,0.0,0.44375,1.0,0.0,0.0,0.5770833333333333,1.0,1.0,0.9979166666666667,1.0,1.0,0.0,0.0,697,1.0
88,409189819943.37695,409190822702.48834,76,2,84,42,0,50050050,14,255,255,255,409190807718.48663,1.00275911138916,240,6.904166666666667,"{""0x7e40"": 104, ""0x7c60"": 97, ""0x7e60"": 8, ""0x7c40"": 31}","{""0x7e40"": 104, ""0x7c60"": 60, ""0x7e60"": 53, ""0x7c40"": 23}",0.0,0.0,0.0,0.0,0.0,0.4375,1.0,0.0,0.0,0.4666666666666667,1.0,1.0,1.0,1.0,1.0,0.0,0.0,356,1.0
89,409190822702.48834,409192821296.71027,154,2,85,42,0,50050050,12,255,255,255,409192810098.709,1.9985942219238282,480,7.025,"{""0x7e40"": 232, ""0x7e60"": 48, ""0x7c60"": 164, ""0x7c40"": 36}","{""0x7e40"": 218, ""0x7e60"": 99, ""0x7c60"": 135, ""0x7c40"": 28}",0.0,0.0,0.0,0.0,0.0,0.44166666666666665,1.0,0.0,0.0,0.5833333333333334,1.0,1.0,1.0,1.0,1.0,0.0,0.0,735,1.0
90,409192821296.71027,409195802619.0413,230,2,86,42,0,50050050,14,255,255,255,409195787581.0396,2.9813223310546877,716,6.843575418994414,"{""0x7e40"": 316, ""0x7c60"": 268, ""0x7c40"": 115, ""0x7e60"": 10, ""0x3c60"": 7}","{""0x7e40"": 302, ""0x7e60"": 114, ""0x7c60"": 227, ""0x7c40"": 66, ""0x3c60"": 7}",0.0,0.0,0.0,0.0,0.0,0.39804469273743015,1.0,0.0,0.0,0.4553072625698324,1.0,1.0,1.0,1.0,0.9902234636871509,0.0,0.0,1089,1.0
91,409195802619.0413,409196807579.1529,78,1,87,40,538816233,50050050,255,255,255,255,409196792661.15125,1.0049601115722657,240,6.916666666666667,"{""0x7e40"": 104, ""0x7c60"": 116, ""0x7c40"": 20}","{""0x7e40"": 104, ""0x7c60"": 118, ""0x7c40"": 18}",0.0,0.0,0.0,0.0,0.0,0.48333333333333334,1.0,0.0,0.0,0.43333333333333335,1.0,1.0,1.0,1.0,1.0,0.0,0.0,373,1.0
92,409196807579.1529,409197820066.2653,78,1,88,40,541819224,50050050,255,255,255,255,409197805111.2637,1.0124871124267578,240,6.9125,"{""0x7c40"": 21, ""0x7c60"": 118, ""0x7e40"": 101}","{""0x7c40"": 18, ""0x7c60"": 120, ""0x7e40"": 102}",0.0,0.0,0.0,0.0,0.0,0.49166666666666664,1.0,0.0,0.0,0.42083333333333334,1.0,1.0,1.0,1.0,1.0,0.0,0.0,357,1.0
93,409197820066.2653,409198832479.37775,79,1,89,40,544872288,50050050,255,255,255,255,409198819854.37634,1.012413112426758,244,7.10655737704918,"{""0x7e40"": 52, ""0x7c60"": 124, ""0x7c40"": 21, ""0x7e60"": 47}","{""0x7e40"": 43, ""0x7c60"": 122, ""0x7e60"": 76, ""0x7c40"": 3}",0.0,0.0,0.0,0.0,0.0,0.7008196721311475,1.0,0.0,0.0,0.4057377049180328,1.0,1.0,1.0,1.0,1.0,0.0,0.0,361,1.0
94,409198832479.37775,409199829992.4885,76,2,90,42,0,50050050,255,255,255,255,409199814975.4869,0.9975131107788086,240,7.2625,"{""0x7c40"": 11, ""0x7c60"": 127, ""0x7e60"": 74, ""0x7e40"": 28}","{""0x7c40"": 9, ""0x7c60"": 127, ""0x7e60"": 74, ""0x7e40"": 30}",0.0,0.0,0.0,0.0,0.0,0.8375,1.0,0.0,0.0,0.425,1.0,1.0,1.0,1.0,1.0,0.0,0.0,359,1.0
95,409199829992.4885,409201842140.712,156,2,91,42,0,50050050,14,255,255,255,409201824958.7101,2.012148223449707,480,6.997916666666667,"{""0x7e40"": 221, ""0x7c60"": 191, ""0x7c40"": 31, ""0x7e60"": 20, ""0x7ec0"": 6, ""0x7e00"": 2, ""0x7e80"": 1, ""0x3e40"": 1, ""0x7f80"": 1, ""0x7fc0"": 3, ""0x7f00"": 2, ""0x3f80"": 1}","{""0x7e40"": 223, ""0x7c60"": 169, ""0x7c40"": 21, ""0x7e60"": 50, ""0x7ec0"": 4, ""0x7e00"": 1, ""0x7e80"": 2, ""0x7fc0"": 5, ""0x3e40"": 1, ""0x7f80"": 3, ""0x3f80"": 1}",0.0,0.0,0.0,0.0,0.0,0.4395833333333333,0.9854166666666667,0.025,0.014583333333333334,0.5375,1.0,1.0,1.0,1.0,0.9958333333333333,0.0,0.0,701,1.0
96,409201842140.712,409202845014.8233,77,2,92,42,0,50050050,12,255,255,255,409202830060.82166,1.002874111328125,244,5.721311475409836,"{""0x7f80"": 101, ""0x7ec0"": 3, ""0x3f80"": 7, ""0x7e40"": 10, ""0x7fc0"": 5, ""0xf80"": 9, ""0x380"": 7, ""0x300"": 1, ""0x0"": 20, ""0x7f40"": 2, ""0x7f00"": 5, ""0x1f80"": 1, ""0xf00"": 1, ""0x780"": 5, ""0x2f80"": 3, ""0x180"": 42, ""0x5f80"": 2, ""0x7e80"": 15, ""0x5e80"": 5}","{""0x7fc0"": 8, ""0x7ec0"": 2, ""0x3f80"": 7, ""0x7e40"": 10, ""0x7f80"": 99, ""0x2f80"": 4, ""0xf80"": 8, ""0x380"": 7, ""0x300"": 1, ""0x0"": 20, ""0x7f40"": 3, ""0x7f00"": 4, ""0x1f80"": 1, ""0xf00"": 1, ""0x780"": 5, ""0x180"": 42, ""0x5f80"": 2, ""0x7e80"": 15, ""0x5e80"": 5}",0.0,0.0,0.0,0.0,0.0,0.0,0.08196721311475409,0.8401639344262295,0.7827868852459017,0.7459016393442623,0.7131147540983607,0.6926229508196722,0.639344262295082,0.6188524590163934,0.6065573770491803,0.0,0.0,370,1.0
97,409202845014.8233,409203850154.93494,77,2,93,42,0,50050050,10,255,255,255,409203835313.9333,1.0051401116333007,240,4.170833333333333,"{""0x180"": 4, ""0x7f80"": 13, ""0x7e80"": 5, ""0x380"": 2, ""0x7ec0"": 1, ""0x780"": 5, ""0x7e40"": 10, ""0x1780"": 1, ""0x3f80"": 3, ""0x1f80"": 1, ""0x5f80"": 2, ""0x7f01"": 6, ""0x6f01"": 1, ""0x7e00"": 9, ""0x2b01"": 1, ""0x301"": 10, ""0x7c40"": 3, ""0x7f00"": 1, ""0x10301"": 1, ""0x10101"": 5, ""0x7840"": 3, ""0x10001"": 4, ""0x3f01"": 4, ""0x7841"": 1, ""0x17841"": 2, ""0x7e01"": 4, ""0x0"": 62, ""0x13f01"": 2, ""0x17801"": 1, ""0x1f801"": 3, ""0x11f01"": 7, ""0x17e01"": 1, ""0x17a01"": 4, ""0x1e801"": 1, ""0x18001"": 8, ""0x1fa01"": 1, ""0x10f01"": 2, ""0x1bb01"": 4, ""0xb01"": 1, ""0x12a01"": 1, ""0x1ab01"": 23, ""0x701"": 1, ""0x18000"": 3, ""0x1aa01"": 1, ""0x101"": 9, ""0x100"": 3}","{""0x180"": 4, ""0x7f80"": 13, ""0x7e80"": 5, ""0x380"": 2, ""0x7ec0"": 1, ""0x780"": 5, ""0x7e40"": 10, ""0x1780"": 1, ""0x3f80"": 3, ""0x1f80"": 1, ""0x5f80"": 2, ""0x7f01"": 6, ""0x6f01"": 1, ""0x7e00"": 9, ""0x2b01"": 1, ""0x301"": 10, ""0x7c40"": 3, ""0x7f00"": 1, ""0x10301"": 1, ""0x10101"": 5, ""0x7840"": 3, ""0x10001"": 4, ""0x3f01"": 4, ""0x7841"": 1, ""0x17841"": 2, ""0x7e01"": 4, ""0x0"": 62, ""0x13f01"": 2, ""0x17801"": 1, ""0x1f801"": 3, ""0x11f01"": 7, ""0x17e01"": 1, ""0x17a01"": 3, ""0x1e801"": 1, ""0x18001"": 8, ""0x1fa01"": 2, ""0x10f01"": 2, ""0x1bb01"": 4, ""0xb01"": 1, ""0x12a01"": 1, ""0x1ab01"": 23, ""0x701"": 1, ""0x18000"": 3, ""0x1aa01"": 1, ""0x101"": 9, ""0x100"": 3}",0.45416666666666666,0.0,0.0,0.0,0.0,0.0,0.08333333333333333,0.15416666666666667,0.4666666666666667,0.5333333333333333,0.3416666666666667,0.5083333333333333,0.38333333333333336,0.45416666666666666,0.3,0.18333333333333332,0.30833333333333335,349,1.0
98,409203850154.93494,409204847427.0457,75,2,94,42,0,50050050,17,255,255,255,409204832380.044,0.9972721107788086,240,4.5625,"{""0x100"": 2, ""0x1bb01"": 2, ""0x0"": 60, ""0x18001"": 4, ""0x13f01"": 2, ""0x17f01"": 5, ""0x1c301"": 1, ""0x1ff01"": 1, ""0x7f01"": 7, ""0x7f80"": 9, ""0x7f00"": 3, ""0x7e00"": 2, ""0x7e80"": 8, ""0x7fc0"": 7, ""0x7ec0"": 17, ""0x7e40"": 18, ""0xf00"": 1, ""0x2f00"": 1, ""0x3f80"": 1, ""0x3e80"": 3, ""0x7cc0"": 8, ""0x280"": 3, ""0x680"": 3, ""0x7ce0"": 5, ""0xe80"": 9, ""0x3ec0"": 1, ""0x7c60"": 4, ""0x1e80"": 3, ""0x7460"": 3, ""0xa80"": 1, ""0xe00"": 2, ""0x7c40"": 7, ""0x600"": 2, ""0x7440"": 13, ""0x480"": 4, ""0x7e60"": 1, ""0x400"": 3, ""0x7c00"": 7, ""0xc00"": 1, ""0x1c00"": 3, ""0x3c00"": 1, ""0x2c00"": 1, ""0x7820"": 1}","{""0x100"": 2, ""0x1bb01"": 2, ""0x0"": 60, ""0x18001"": 4, ""0x13f01"": 2, ""0x17f01"": 6, ""0x1c301"": 1, ""0x1ff01"": 1, ""0x7f01"": 6, ""0x7f80"": 9, ""0x7f00"": 3, ""0x7e00"": 2, ""0x7e80"": 7, ""0x7fc0"": 8, ""0x7ec0"": 18, ""0x7e40"": 17, ""0xf00"": 1, ""0x2f00"": 1, ""0x3f80"": 1, ""0x3e80"": 3, ""0x7cc0"": 8, ""0x280"": 3, ""0x680"": 3, ""0x7ce0"": 5, ""0xe80"": 10, ""0x3ec0"": 1, ""0x7c60"": 4, ""0x1e80"": 3, ""0x7460"": 3, ""0xe00"": 2, ""0x7c40"": 7, ""0x600"": 2, ""0x7440"": 13, ""0x480"": 4, ""0x7e60"": 1, ""0x400"": 3, ""0x7c00"": 7, ""0xc00"": 1, ""0x1c00"": 3, ""0x3c00"": 1, ""0x2c00"": 1, ""0x7820"": 1}",0.09166666666666666,0.0,0.0,0.0,0.0,0.058333333333333334,0.35,0.3416666666666667,0.175,0.4708333333333333,0.6916666666666667,0.5916666666666667,0.5916666666666667,0.575,0.5291666666666667,0.03333333333333333,0.0625,348,1.0
99,409204847427.0457,409205845102.1565,76,2,95,42,0,50050050,14,255,255,255,409205830085.1548,0.9976751107788085,236,4.580508474576271,"{""0x2c00"": 1, ""0x7c00"": 2, ""0x2800"": 2, ""0x7460"": 1, ""0x3c00"": 1, ""0x2000"": 2, ""0x7060"": 15, ""0x3800"": 1, ""0x7c40"": 3, ""0x0"": 67, ""0x7840"": 3, ""0x7860"": 5, ""0x7070"": 3, ""0x6070"": 3, ""0xe070"": 4, ""0x18800"": 2, ""0x18801"": 1, ""0xe060"": 1, ""0x19801"": 1, ""0x1f060"": 2, ""0x19c01"": 1, ""0xf840"": 1, ""0x1be01"": 1, ""0x1f860"": 2, ""0x13e01"": 3, ""0x17841"": 1, ""0x1f861"": 5, ""0x7a40"": 1, ""0x17e01"": 35, ""0x7e40"": 1, ""0x17c00"": 1, ""0x17c41"": 1, ""0x1f841"": 3, ""0x17e41"": 11, ""0x1a041"": 2, ""0x1fe41"": 3, ""0x18041"": 2, ""0x10041"": 14, ""0x17f01"": 8, ""0x14041"": 1, ""0x12041"": 1, ""0x12001"": 2, ""0x10001"": 1, ""0x1ff01"": 5, ""0x18001"": 5, ""0x1bf01"": 4, ""0x18000"": 1}","{""0x2c00"": 1, ""0x7c00"": 2, ""0x2800"": 2, ""0x7460"": 1, ""0x3c00"": 1, ""0x2000"": 2, ""0x7060"": 14, ""0x3800"": 1, ""0x7c40"": 3, ""0x0"": 67, ""0x7840"": 2, ""0x7860"": 6, ""0x7070"": 3, ""0x6070"": 3, ""0xe070"": 4, ""0x18800"": 2, ""0x18801"": 1, ""0xe060"": 1, ""0x19801"": 1, ""0x1f060"": 2, ""0x19c01"": 1, ""0xf840"": 1, ""0x1be01"": 1, ""0x1f860"": 2, ""0x13e01"": 3, ""0x17841"": 1, ""0x7a40"": 2, ""0x1f861"": 5, ""0x17e01"": 30, ""0x7e40"": 1, ""0x17c00"": 1, ""0x17c41"": 1, ""0x1f841"": 3, ""0x1fe41"": 6, ""0x17e41"": 9, ""0x1a041"": 2, ""0x18041"": 2, ""0x10041"": 14, ""0x17f01"": 8, ""0x1fe01"": 2, ""0x14041"": 1, ""0x12041"": 1, ""0x12001"": 2, ""0x1ff01"": 7, ""0x10001"": 1, ""0x18001"": 5, ""0x1bf01"": 4, ""0x18000"": 1}",0.4703389830508475,0.0,0.0,0.0,0.0423728813559322,0.17372881355932204,0.3771186440677966,0.0,0.07203389830508475,0.3050847457627119,0.3474576271186441,0.461864406779661,0.5254237288135594,0.5932203389830508,0.5127118644067796,0.19491525423728814,0.5042372881355932,348,1.0
100,409205845102.1565,409206851058.2682,79,2,96,42,0,50050050,17,255,255,255,409206842426.2672,1.0059561116943359,244,4.323770491803279,"{""0x1bb01"": 2, ""0x1bf01"": 2, ""0x0"": 37, ""0x18000"": 5, ""0x1ab01"": 14, ""0xa000"": 3, ""0x2000"": 6, ""0x1aa01"": 10, ""0x1a801"": 32, ""0x1a001"": 18, ""0x2800"": 6, ""0xa800"": 2, ""0x1a800"": 1, ""0x18001"": 10, ""0x20"": 1, ""0x1e801"": 1, ""0x1f801"": 1, ""0x8000"": 1, ""0x1fa01"": 1, ""0x13a01"": 1, ""0x17e00"": 1, ""0x17e01"": 2, ""0x7e00"": 9, ""0x7f01"": 2, ""0x13b01"": 1, ""0x17f01"": 1, ""0x7c40"": 17, ""0x7e01"": 2, ""0x14001"": 1, ""0x16000"": 1, ""0x7e40"": 6, ""0x6840"": 1, ""0x7440"": 2, ""0x7460"": 2, ""0x7060"": 7, ""0x7c60"": 2, ""0x7070"": 3, ""0x7860"": 1, ""0x4070"": 3, ""0x6070"": 1, ""0xf060"": 1, ""0x4078"": 2, ""0xe070"": 3, ""0x8078"": 7, ""0x78"": 1, ""0xc078"": 1, ""0x1e070"": 1, ""0xc070"": 1, ""0x1a070"": 3, ""0x807c"": 1, ""0x8070"": 1, ""0x1807c"": 2, ""0x1c070"": 1}","{""0x1bb01"": 2, ""0x1ff01"": 1, ""0x0"": 37, ""0x18000"": 5, ""0x1ab01"": 14, ""0x1bf01"": 1, ""0xa000"": 3, ""0x2000"": 6, ""0x1aa01"": 10, ""0x1a801"": 32, ""0x1a001"": 18, ""0x2800"": 6, ""0xa800"": 2, ""0x1a800"": 1, ""0x18001"": 10, ""0x20"": 1, ""0x1e801"": 1, ""0x1f801"": 1, ""0x8000"": 1, ""0x1fa01"": 1, ""0x13a01"": 1, ""0x17e00"": 1, ""0x17e01"": 2, ""0x7e00"": 9, ""0x7f01"": 2, ""0x13b01"": 1, ""0x17f01"": 1, ""0x7c40"": 17, ""0x7e01"": 2, ""0x14001"": 1, ""0x16000"": 1, ""0x7e40"": 6, ""0x6840"": 1, ""0x7440"": 2, ""0x7460"": 2, ""0x7060"": 7, ""0x7c60"": 2, ""0x7070"": 3, ""0x7860"": 1, ""0x4070"": 3, ""0x6070"": 1, ""0xf060"": 1, ""0x4078"": 2, ""0xe070"": 3, ""0x8078"": 7, ""0x78"": 1, ""0xc078"": 1, ""0x1e070"": 1, ""0xc070"": 1, ""0x1a070"": 3, ""0x807c"": 1, ""0x8070"": 1, ""0x1807c"": 2, ""0x1c070"": 1}",0.4139344262295082,0.0,0.012295081967213115,0.05737704918032787,0.12704918032786885,0.18442622950819673,0.28688524590163933,0.0,0.09016393442622951,0.22131147540983606,0.19672131147540983,0.48360655737704916,0.27049180327868855,0.6926229508196722,0.3155737704918033,0.5122950819672131,0.45901639344262296,348,1.0
101,409206851058.2682,409207847318.3788,77,2,97,42,0,50050050,5,255,255,255,409207832331.37714,0.9962601105957031,236,6.27542372881356,"{""0x1c070"": 2, ""0x8078"": 1, ""0x1a070"": 5, ""0x1807c"": 1, ""0x18070"": 4, ""0x7c"": 1, ""0x1a071"": 4, ""0x18038"": 1, ""0x1e070"": 17, ""0x74"": 1, ""0x18034"": 3, ""0x70"": 1, ""0x1a061"": 1, ""0x8070"": 1, ""0x1e061"": 6, ""0x18078"": 1, ""0x18074"": 1, ""0x18071"": 3, ""0x1e041"": 2, ""0x16041"": 1, ""0x17841"": 3, ""0x1e071"": 4, ""0x1f070"": 12, ""0x17840"": 5, ""0xf060"": 14, ""0x1e060"": 2, ""0xf860"": 11, ""0xf070"": 33, ""0x7800"": 5, ""0x1f060"": 2, ""0x7060"": 11, ""0x7c00"": 10, ""0x7860"": 14, ""0x1f860"": 2, ""0x7c60"": 10, ""0x7870"": 2, ""0x7070"": 13, ""0x7000"": 3, ""0xe070"": 4, ""0x7040"": 4, ""0xf840"": 2, ""0xf040"": 1, ""0x7460"": 2, ""0xfc60"": 1, ""0x7c40"": 7, ""0x17e41"": 1, ""0x17e01"": 1}","{""0x1c070"": 2, ""0x8078"": 1, ""0x1a070"": 5, ""0x1807c"": 1, ""0x18070"": 4, ""0x7c"": 1, ""0x1a071"": 4, ""0x18038"": 1, ""0x1e070"": 15, ""0x74"": 1, ""0x18034"": 3, ""0x70"": 1, ""0x1a061"": 1, ""0x8070"": 1, ""0x1e061"": 6, ""0x18078"": 1, ""0x18074"": 1, ""0x18071"": 3, ""0x1e041"": 2, ""0x16041"": 1, ""0x1f070"": 14, ""0x17841"": 3, ""0x1e071"": 4, ""0x17840"": 5, ""0xf060"": 13, ""0x1e060"": 2, ""0xf860"": 14, ""0xf070"": 34, ""0x7800"": 4, ""0x1f060"": 2, ""0x7060"": 10, ""0x7c00"": 11, ""0x7860"": 12, ""0x1f860"": 2, ""0x7c60"": 10, ""0x7870"": 2, ""0x7070"": 13, ""0x7000"": 3, ""0xe070"": 4, ""0x7040"": 4, ""0xf840"": 2, ""0xf040"": 1, ""0x7460"": 2, ""0xfc60"": 1, ""0x7c40"": 7, ""0x17e41"": 1, ""0x17e01"": 1}",0.11016949152542373,0.0,0.029661016949152543,0.0211864406779661,0.4872881355932203,0.809322033898305,0.902542372881356,0.0,0.0,0.00847457627118644,0.13559322033898305,0.3135593220338983,0.7161016949152542,0.9110169491525424,0.8771186440677966,0.597457627118644,0.3559322033898305,359,1.0
102,409207847318.3788,409208838541.4889,76,2,98,42,0,50050050,14,255,255,255,409208822480.4871,0.9912231101074219,240,6.166666666666667,"{""0x7e40"": 1, ""0x7860"": 10, ""0x17e01"": 2, ""0xf060"": 26, ""0x7c40"": 3, ""0x1fa01"": 13, ""0x1be01"": 1, ""0x7c00"": 2, ""0x7840"": 3, ""0x1ba01"": 2, ""0x7800"": 1, ""0x7c60"": 1, ""0x18a01"": 2, ""0x17841"": 1, ""0x17c01"": 1, ""0x18801"": 1, ""0xfa01"": 1, ""0x18001"": 22, ""0x1f841"": 11, ""0x1e801"": 2, ""0xf840"": 2, ""0x1f801"": 2, ""0xf860"": 1, ""0x1f861"": 15, ""0x1f860"": 8, ""0x1e861"": 2, ""0x1e841"": 1, ""0x7060"": 1, ""0x17860"": 1, ""0x17840"": 1, ""0x1f840"": 1, ""0x18000"": 20, ""0x17861"": 1, ""0x1f060"": 4, ""0x1fa41"": 3, ""0x8000"": 5, ""0x1b060"": 1, ""0x1f061"": 1, ""0x1b041"": 4, ""0x1fe01"": 11, ""0x1f041"": 3, ""0x1fe41"": 1, ""0x1fb01"": 2, ""0x1f001"": 7, ""0x1bb01"": 4, ""0x1b001"": 3, ""0x1bf01"": 3, ""0x17f01"": 5, ""0x13f01"": 5, ""0x10001"": 4, ""0x17801"": 3, ""0x7f01"": 2, ""0x3f01"": 2, ""0x7e01"": 2, ""0x7e00"": 2, ""0x10101"": 1}","{""0x7e40"": 1, ""0x7860"": 10, ""0x17e01"": 3, ""0xf060"": 26, ""0x7c40"": 2, ""0x1fa01"": 14, ""0x1be01"": 1, ""0x7c00"": 2, ""0x7840"": 3, ""0x1ba01"": 2, ""0x7c60"": 2, ""0x7a00"": 1, ""0x18a01"": 2, ""0x17841"": 1, ""0x18801"": 1, ""0x18001"": 22, ""0x1f841"": 11, ""0x1e801"": 2, ""0xf840"": 1, ""0xf860"": 2, ""0x1f801"": 2, ""0x1f861"": 16, ""0x1f860"": 9, ""0x1e861"": 1, ""0x1e841"": 1, ""0x7060"": 1, ""0x17840"": 1, ""0x1f840"": 1, ""0x18000"": 20, ""0x17861"": 1, ""0x1f060"": 4, ""0x1fa41"": 3, ""0x8000"": 5, ""0x1b060"": 1, ""0x1f061"": 1, ""0x1b041"": 4, ""0x1fe01"": 11, ""0x1f041"": 3, ""0x1fe41"": 1, ""0x1fb01"": 2, ""0x1f001"": 7, ""0x1bb01"": 4, ""0x1b001"": 3, ""0x1bf01"": 3, ""0x17f01"": 5, ""0x13f01"": 5, ""0x10001"": 4, ""0x17801"": 3, ""0x7f01"": 2, ""0x3f01"": 2, ""0x7e01"": 2, ""0x7e00"": 2, ""0x10101"": 1}",0.6083333333333333,0.0,0.0,0.0,0.0,0.3,0.44583333333333336,0.0,0.1,0.26666666666666666,0.18333333333333332,0.575,0.75,0.7708333333333334,0.6666666666666666,0.7708333333333334,0.7291666666666666,350,1.0
103,409208838541.4889,409210749792.7011,69,1,99,40,577905453,50050050,255,255,255,255,409209729881.5879,1.9112512122192382,460,5.1695652173913045,"{""0x7f01"": 7, ""0x7e00"": 12, ""0x301"": 2, ""0x7e01"": 9, ""0x7f00"": 2, ""0x7e41"": 31, ""0x701"": 1, ""0x7e40"": 31, ""0x7c00"": 5, ""0xf01"": 1, ""0x7c40"": 44, ""0xe01"": 1, ""0xe00"": 1, ""0x7840"": 30, ""0x1e00"": 1, ""0x7860"": 15, ""0x3e00"": 2, ""0x7060"": 32, ""0xf860"": 3, ""0x7c60"": 13, ""0x3c00"": 1, ""0x1f860"": 18, ""0x1f060"": 3, ""0x6060"": 3, ""0x1e060"": 3, ""0x7800"": 3, ""0x1e070"": 6, ""0x6070"": 4, ""0xf800"": 2, ""0x4070"": 18, ""0xe070"": 8, ""0x5070"": 7, ""0x7040"": 1, ""0x5440"": 1, ""0x5460"": 1, ""0x1440"": 1, ""0x1070"": 1, ""0x1400"": 9, ""0x1030"": 2, ""0x30"": 1, ""0x10"": 2, ""0x0"": 38, ""0x70"": 11, ""0x3400"": 1, ""0x7440"": 3, ""0x60"": 11, ""0x4060"": 2, ""0x5060"": 4, ""0x17840"": 1, ""0x1f841"": 2, ""0x1f840"": 1, ""0x1f801"": 1, ""0x1b800"": 1, ""0x1a801"": 5, ""0x7c41"": 3, ""0xc060"": 3, ""0x17e41"": 9, ""0x18201"": 8, ""0xe060"": 3, ""0x7801"": 1, ""0x17e40"": 1, ""0x17e00"": 1, ""0x10a01"": 2, ""0x10e01"": 2, ""0xc01"": 4, ""0xc00"": 2, ""0x400"": 1, ""0x17c41"": 1}","{""0x7f01"": 10, ""0x7e00"": 10, ""0x301"": 2, ""0x7e01"": 8, ""0x7f00"": 2, ""0x7e41"": 34, ""0x701"": 1, ""0x7e40"": 29, ""0x7c00"": 5, ""0xf01"": 1, ""0x7c40"": 43, ""0xe01"": 1, ""0xe00"": 1, ""0x7840"": 29, ""0x1e00"": 1, ""0x7860"": 15, ""0x3e00"": 2, ""0x7060"": 32, ""0xf860"": 3, ""0x7c60"": 14, ""0x3c00"": 1, ""0x1f860"": 18, ""0x1f060"": 3, ""0x6060"": 3, ""0x1e060"": 3, ""0x7800"": 3, ""0x1e070"": 6, ""0x6070"": 4, ""0xf800"": 2, ""0x4070"": 18, ""0xe070"": 8, ""0x5070"": 7, ""0x7040"": 1, ""0x5440"": 1, ""0x5460"": 1, ""0x1440"": 1, ""0x1070"": 1, ""0x1400"": 9, ""0x1030"": 2, ""0x30"": 1, ""0x10"": 3, ""0x0"": 37, ""0x70"": 11, ""0x3400"": 1, ""0x7440"": 3, ""0x60"": 11, ""0x4060"": 2, ""0x5060"": 4, ""0x17840"": 1, ""0x1f841"": 2, ""0x1f840"": 1, ""0x1f801"": 1, ""0x1b800"": 1, ""0x1b801"": 1, ""0x1a801"": 4, ""0x7c41"": 3, ""0xc060"": 3, ""0x17e41"": 10, ""0x18201"": 8, ""0xe060"": 3, ""0x7801"": 1, ""0x17e00"": 1, ""0x10a01"": 2, ""0x10e01"": 2, ""0xc01"": 5, ""0xc00"": 2, ""0x17c41"": 1}",0.1956521739130435,0.0,0.0,0.0,0.13043478260869565,0.3739130434782609,0.7152173913043478,0.0,0.02826086956521739,0.26956521739130435,0.4391304347826087,0.5847826086956521,0.6891304347826087,0.7,0.7565217391304347,0.14565217391304347,0.14130434782608695,677,1.0
104,409210749792.7011,409210854834.71277,9,1,100,40,580958493,50050050,255,255,255,255,409210839887.7111,0.10504201165771485,24,5.208333333333333,"{""0x7e00"": 5, ""0x7e40"": 8, ""0x0"": 6, ""0x7e41"": 4, ""0x7f00"": 1}","{""0x7e01"": 3, ""0x7e40"": 8, ""0x0"": 6, ""0x7e41"": 4, ""0x7f01"": 2, ""0x7e00"": 1}",0.16666666666666666,0.0,0.0,0.0,0.0,0.0,0.5,0.0,0.041666666666666664,0.75,0.75,0.75,0.75,0.75,0.75,0.0,0.0,32,1.0
105,409210854834.71277,409212774916.926,70,1,101,40,583961511,50050050,255,255,255,255,409211754762.8127,1.920082213256836,460,2.8260869565217392,"{""0x7e00"": 22, ""0x7e40"": 37, ""0x0"": 270, ""0x7e41"": 28, ""0x7e01"": 10, ""0x7c40"": 4, ""0x7c41"": 5, ""0x17c41"": 5, ""0x17841"": 2, ""0x1f861"": 1, ""0x17861"": 5, ""0x17e41"": 8, ""0x1f860"": 1, ""0x17c40"": 1, ""0x7860"": 3, ""0x17c61"": 2, ""0xf860"": 1, ""0xe860"": 1, ""0x17c60"": 1, ""0xe060"": 2, ""0x1fe41"": 1, ""0x1fc60"": 1, ""0x1fe61"": 2, ""0x7c60"": 28, ""0x60"": 7, ""0x17e61"": 1, ""0x20"": 2, ""0x7060"": 1, ""0x6060"": 5, ""0x4060"": 1, ""0x5460"": 1, ""0x460"": 1}","{""0x7e00"": 12, ""0x7e40"": 37, ""0x0"": 86, ""0x7e41"": 28, ""0x7f00"": 10, ""0x7f01"": 3, ""0x7e01"": 6, ""0x7c40"": 4, ""0x7c41"": 4, ""0x17c41"": 6, ""0x17841"": 2, ""0x1f861"": 1, ""0x17861"": 5, ""0x17e01"": 1, ""0x17e41"": 7, ""0x1f860"": 1, ""0x17c40"": 1, ""0x7860"": 3, ""0x17c61"": 3, ""0xf860"": 1, ""0xe860"": 1, ""0x1fe41"": 2, ""0xe060"": 2, ""0x1fc60"": 1, ""0x1fe61"": 2, ""0x7c60"": 28, ""0x60"": 8, ""0x17e61"": 1, ""0x20"": 1, ""0x7060"": 1, ""0x6060"": 5, ""0x4060"": 1, ""0x5460"": 1, ""0x460"": 1, ""0x1ffff"": 184}",0.15217391304347827,0.0,0.0,0.0,0.0,0.14565217391304347,0.3391304347826087,0.0,0.0,0.23695652173913043,0.34347826086956523,0.3695652173913043,0.3717391304347826,0.3869565217391304,0.391304347826087,0.021739130434782608,0.06739130434782609,694,1.0
106,409212774916.926,409218843463.59985,314,2,103,42,0,50050050,14,255,255,255,409217830119.48737,6.068546673828125,1456,3.157967032967033,"{""0x0"": 791, ""0x5460"": 1, ""0x7c60"": 111, ""0x4060"": 2, ""0x6060"": 3, ""0x7060"": 3, ""0x7860"": 31, ""0x60"": 2, ""0x7c20"": 1, ""0x7c00"": 1, ""0xbc00"": 3, ""0xf060"": 1, ""0x3c00"": 1, ""0xf860"": 2, ""0x3e00"": 5, ""0x3e01"": 2, ""0x7c40"": 79, ""0x7e40"": 202, ""0x7e00"": 2, ""0x7f00"": 5, ""0x7f80"": 75, ""0x7ec0"": 47, ""0x7e80"": 10, ""0x3f80"": 16, ""0x7fc0"": 17, ""0x7f40"": 3, ""0x7cc0"": 11, ""0x7e01"": 1, ""0x2a00"": 2, ""0x3860"": 3, ""0x3060"": 2, ""0x1"": 1, ""0x7840"": 1, ""0x5f80"": 1, ""0x5e80"": 3, ""0x5ec0"": 6, ""0x56c0"": 3, ""0x54c0"": 4, ""0x5cc0"": 2}","{""0x1ffff"": 720, ""0x0"": 71, ""0x5460"": 1, ""0x7c60"": 139, ""0x4060"": 2, ""0x6060"": 3, ""0x7060"": 3, ""0x7860"": 31, ""0x60"": 2, ""0x7c20"": 1, ""0x7c00"": 1, ""0xbc00"": 3, ""0xf060"": 1, ""0x3c00"": 1, ""0xf860"": 2, ""0x3e00"": 5, ""0x3e01"": 2, ""0x7c40"": 48, ""0x7e40"": 192, ""0x7e00"": 1, ""0x7f00"": 5, ""0x7f80"": 74, ""0x7ec0"": 50, ""0x7e80"": 10, ""0x3f80"": 16, ""0x7fc0"": 19, ""0x7f40"": 6, ""0x7cc0"": 11, ""0x7ce0"": 1, ""0x7e01"": 1, ""0x2a00"": 2, ""0x3860"": 3, ""0x3060"": 2, ""0x7e60"": 6, ""0x1"": 1, ""0x7840"": 1, ""0x5f80"": 1, ""0x5e80"": 3, ""0x5ec0"": 6, ""0x56c0"": 3, ""0x54c0"": 4, ""0x5cc0"": 2}",0.0027472527472527475,0.0,0.0,0.0,0.0,0.11126373626373626,0.36813186813186816,0.13392857142857142,0.08035714285714286,0.27472527472527475,0.42032967032967034,0.4416208791208791,0.4498626373626374,0.43956043956043955,0.43131868131868134,0.004120879120879121,0.0,2195,1.0
107,409218843463.59985,409218887297.60474,4,2,104,42,0,50050050,10,255,255,255,409218872591.6031,0.0438340048828125,8,6.625,"{""0x7e40"": 4, ""0x7c40"": 2, ""0x7c60"": 1, ""0x7860"": 1}","{""0x7e40"": 4, ""0x7c40"": 2, ""0x7c60"": 1, ""0x7860"": 1}",0.0,0.0,0.0,0.0,0.0,0.25,1.0,0.0,0.0,0.5,0.875,1.0,1.0,1.0,1.0,0.0,0.0,15,1.0
108,409218887297.60474,409221872111.9362,153,2,105,42,0,50050050,14,255,255,255,409220859598.8237,2.9848143314819335,716,6.7807262569832405,"{""0x7e40"": 318, ""0x7c60"": 241, ""0x7860"": 2, ""0x7c40"": 155}","{""0x7e40"": 318, ""0x7c60"": 254, ""0x7860"": 2, ""0x7c40"": 142}",0.0,0.0,0.0,0.0,0.0,0.3393854748603352,1.0,0.0,0.0,0.4441340782122905,0.9972067039106145,1.0,1.0,1.0,1.0,0.0,0.0,1058,1.0
109,409221872111.9362,409224880711.27026,77,1,106,40,616994643,50050050,255,255,255,255,409222862095.04614,3.0085993340454102,724,6.691988950276243,"{""0x7e40"": 210, ""0x7c40"": 165, ""0x7c60"": 227, ""0x7e60"": 9, ""0x7460"": 39, ""0x7060"": 17, ""0x7470"": 10, ""0x7468"": 6, ""0x7070"": 4, ""0x7478"": 17, ""0x7078"": 11, ""0x5078"": 7, ""0x5478"": 2}","{""0x7e40"": 208, ""0x7c40"": 160, ""0x7c60"": 237, ""0x7e60"": 14, ""0x7460"": 15, ""0x7060"": 17, ""0x7470"": 19, ""0x7478"": 28, ""0x7070"": 4, ""0x7468"": 2, ""0x7078"": 11, ""0x5078"": 6, ""0x5478"": 3}",0.0,0.0,0.0,0.05939226519337017,0.07044198895027624,0.48204419889502764,1.0,0.0,0.0,0.30248618784530384,0.9461325966850829,0.8439226519337016,1.0,0.9875690607734806,1.0,0.0,0.0,1111,1.0
110,409224880711.27026,409229005563.72833,164,2,109,42,0,50050050,255,255,255,255,409228996979.72736,4.1248524580688475,988,7.82995951417004,"{""0x7468"": 2, ""0x5078"": 42, ""0x7478"": 22, ""0x5478"": 52, ""0x7470"": 6, ""0x4078"": 6, ""0x5470"": 4, ""0x4478"": 3, ""0x407a"": 17, ""0x507a"": 29, ""0x547a"": 40, ""0x5472"": 2, ""0x54fa"": 361, ""0x447a"": 3, ""0x54f8"": 24, ""0x40fa"": 2, ""0x50fa"": 90, ""0x54ea"": 47, ""0x44fa"": 18, ""0x50f8"": 2, ""0x54e8"": 4, ""0x54da"": 92, ""0x549a"": 5, ""0x548a"": 11, ""0x148a"": 7, ""0x48a"": 1, ""0x54d8"": 2, ""0x54ca"": 42, ""0x44da"": 6, ""0x14fa"": 4, ""0x10fa"": 2, ""0x14ea"": 1, ""0x54c8"": 2, ""0x54c2"": 7, ""0x54c0"": 8, ""0x5400"": 1, ""0x5480"": 1, ""0x1000"": 1, ""0x1480"": 1, ""0x0"": 13, ""0x7cc0"": 3, ""0x5ec0"": 2}","{""0x7478"": 28, ""0x5078"": 42, ""0x7468"": 1, ""0x5478"": 46, ""0x7470"": 2, ""0x4078"": 4, ""0x5470"": 3, ""0x547a"": 28, ""0x507a"": 35, ""0x4478"": 3, ""0x407a"": 12, ""0x54f0"": 1, ""0x54f2"": 2, ""0x54fa"": 483, ""0x44fa"": 14, ""0x40fa"": 2, ""0x50fa"": 56, ""0x54ea"": 18, ""0x447a"": 1, ""0x54f8"": 19, ""0x54da"": 78, ""0x549a"": 4, ""0x548a"": 11, ""0x148a"": 8, ""0x50f8"": 1, ""0x54ca"": 34, ""0x44da"": 6, ""0x14fa"": 5, ""0x10fa"": 1, ""0x14ea"": 1, ""0x54e8"": 1, ""0x54c2"": 9, ""0x54c0"": 6, ""0x5400"": 1, ""0x5480"": 1, ""0x1400"": 1, ""0x1480"": 1, ""0x54c8"": 1, ""0x0"": 13, ""0x7cc0"": 3, ""0x5ec0"": 2}",0.0,0.7965587044534413,0.0,0.9504048582995951,0.8441295546558705,0.7925101214574899,0.958502024291498,0.7540485829959515,0.0,0.0020242914979757085,0.7935222672064778,0.005060728744939271,0.930161943319838,0.03340080971659919,0.9696356275303644,0.0,0.0,1524,1.0
111,409229005563.72833,409234907948.3837,338,2,110,42,0,50050050,12,255,255,255,409234884303.3811,5.902384655395508,1416,0.07062146892655367,"{""0x0"": 1401, ""0x5ec0"": 1, ""0x7ec0"": 7, ""0x7e80"": 1, ""0x3e80"": 2, ""0xe80"": 3, ""0x7e00"": 1}","{""0x0"": 17, ""0x5ec0"": 1, ""0x7ec0"": 7, ""0x7e80"": 1, ""0x3e80"": 2, ""0xe80"": 3, ""0x7e00"": 1, ""0x1ffff"": 1384}",0.0,0.0,0.0,0.0,0.0,0.0,0.005649717514124294,0.009887005649717515,0.0,0.01059322033898305,0.01059322033898305,0.01059322033898305,0.00847457627118644,0.007768361581920904,0.007062146892655367,0.0,0.0,2288,1.0
112,409234907948.3837,409235912898.49536,73,1,111,40,656083410,50050050,255,255,255,255,409235907412.49475,1.0049501116333008,240,0.0,"{""0x0"": 240}","{""0x1ffff"": 240}",0.0,0.0,0.0,0.0,0.0,0.0,0.0,0.0,0.0,0.0,0.0,0.0,0.0,0.0,0.0,0.0,0.0,398,1.0
113,409235912898.49536,409236931785.6085,80,1,112,40,659136441,50050050,255,255,255,255,409236909729.606,1.0188871131591797,244,0.0,"{""0x0"": 244}","{""0x1ffff"": 244}",0.0,0.0,0.0,0.0,0.0,0.0,0.0,0.0,0.0,0.0,0.0,0.0,0.0,0.0,0.0,0.0,0.0,429,1.0
114,409236931785.6085,409241004287.0607,3,1,113,40,662189454,50050050,255,255,255,255,409236955370.6111,4.0725014522094725,976,0.0,"{""0x0"": 976}","{""0x1ffff"": 976}",0.0,0.0,0.0,0.0,0.0,0.0,0.0,0.0,0.0,0.0,0.0,0.0,0.0,0.0,0.0,0.0,0.0,1640,1.0
115,409241004287.0607,409241955890.1664,73,1,117,40,674251182,50050050,255,255,255,255,409241941657.1648,0.9516031056518555,228,0.0,"{""0x0"": 228}","{""0x1ffff"": 228}",0.0,0.0,0.0,0.0,0.0,0.0,0.0,0.0,0.0,0.0,0.0,0.0,0.0,0.0,0.0,0.0,0.0,342,1.0
116,409241955890.1664,409244018644.39545,4,1,118,40,677254134,50050050,255,255,255,255,409241987786.1699,2.062754229064941,496,0.0,"{""0x0"": 496}","{""0x1ffff"": 496}",0.0,0.0,0.0,0.0,0.0,0.0,0.0,0.0,0.0,0.0,0.0,0.0,0.0,0.0,0.0,0.0,0.0,952,1.0
117,409244018644.39545,409244986519.5029,75,1,120,40,683360109,50050050,255,255,255,255,409244972678.5014,0.9678751074829102,232,0.0,"{""0x0"": 232}","{""0x1ffff"": 232}",0.0,0.0,0.0,0.0,0.0,0.0,0.0,0.0,0.0,0.0,0.0,0.0,0.0,0.0,0.0,0.0,0.0,452,1.0
118,409244986519.5029,409245992688.6147,75,1,121,40,686363013,50050050,255,255,255,255,409245976509.61285,1.006169111755371,240,0.0,"{""0x0"": 240}","{""0x1ffff"": 240}",0.0,0.0,0.0,0.0,0.0,0.0,0.0,0.0,0.0,0.0,0.0,0.0,0.0,0.0,0.0,0.0,0.0,473,1.0
119,409245992688.6147,409248031516.84106,3,1,122,40,689365989,50050050,255,255,255,255,409246019304.6176,2.0388282263793944,488,0.0,"{""0x0"": 488}","{""0x1ffff"": 488}",0.0,0.0,0.0,0.0,0.0,0.0,0.0,0.0,0.0,0.0,0.0,0.0,0.0,0.0,0.0,0.0,0.0,965,1.0
120,409248031516.84106,409249014036.95013,73,1,124,40,695421855,50050050,255,255,255,255,409248991478.94763,0.9825201090698242,236,0.0,"{""0x0"": 236}","{""0x1ffff"": 236}",0.0,0.0,0.0,0.0,0.0,0.0,0.0,0.0,0.0,0.0,0.0,0.0,0.0,0.0,0.0,0.0,0.0,461,1.0
121,409249014036.95013,409250048942.06506,2,1,125,40,698424840,50050050,255,255,255,255,409249019268.95074,1.0349051149291992,248,0.0,"{""0x0"": 248}","{""0x1ffff"": 248}",0.0,0.0,0.0,0.0,0.0,0.0,0.0,0.0,0.0,0.0,0.0,0.0,0.0,0.0,0.0,0.0,0.0,488,1.0
122,409250048942.06506,409251031486.1742,76,1,126,40,701477814,50050050,255,255,255,255,409251016594.17255,0.9825441091308593,236,0.0,"{""0x0"": 236}","{""0x1ffff"": 236}",0.0,0.0,0.0,0.0,0.0,0.0,0.0,0.0,0.0,0.0,0.0,0.0,0.0,0.0,0.0,0.0,0.0,448,1.0
123,409251031486.1742,409252066484.2891,3,1,127,40,704480778,50050050,255,255,255,255,409251046458.17584,1.0349981149291991,248,0.0,"{""0x0"": 248}","{""0x1ffff"": 248}",0.0,0.0,0.0,0.0,0.0,0.0,0.0,0.0,0.0,0.0,0.0,0.0,0.0,0.0,0.0,0.0,0.0,491,1.0
124,409252066484.2891,409253038929.3971,78,1,128,40,707483703,50050050,255,255,255,255,409253026471.3957,0.9724451079711914,236,0.0,"{""0x0"": 236}","{""0x1ffff"": 236}",0.0,0.0,0.0,0.0,0.0,0.0,0.0,0.0,0.0,0.0,0.0,0.0,0.0,0.0,0.0,0.0,0.0,462,1.0
125,409253038929.3971,409254042177.5085,78,1,129,40,710536704,50050050,255,255,255,255,409254031457.5073,1.0032481113891603,240,0.0,"{""0x0"": 240}","{""0x1ffff"": 240}",0.0,0.0,0.0,0.0,0.0,0.0,0.0,0.0,0.0,0.0,0.0,0.0,0.0,0.0,0.0,0.0,0.0,465,1.0
126,409254042177.5085,409256086386.73553,3,1,130,40,713539611,50050050,255,255,255,255,409254061439.5106,2.0442092270507812,488,0.0,"{""0x0"": 488}","{""0x1ffff"": 488}",0.0,0.0,0.0,0.0,0.0,0.0,0.0,0.0,0.0,0.0,0.0,0.0,0.0,0.0,0.0,0.0,0.0,972,1.0
127,409256086386.73553,409257068889.8446,77,1,132,40,719545560,50050050,255,255,255,255,409257054984.8431,0.9825031090698242,236,0.0,"{""0x0"": 236}","{""0x1ffff"": 236}",0.0,0.0,0.0,0.0,0.0,0.0,0.0,0.0,0.0,0.0,0.0,0.0,0.0,0.0,0.0,0.0,0.0,457,1.0
128,409257068889.8446,409258097574.95886,1,1,133,40,722598594,50050050,255,255,255,255,409257068889.8446,1.0286851142578124,248,0.0,"{""0x0"": 248}","{""0x1ffff"": 248}",0.0,0.0,0.0,0.0,0.0,0.0,0.0,0.0,0.0,0.0,0.0,0.0,0.0,0.0,0.0,0.0,0.0,476,1.0
129,409258097574.95886,409259087495.0688,78,1,134,40,725651661,50050050,255,255,255,255,409259078771.0678,0.9899201099243164,236,0.0,"{""0x0"": 236}","{""0x1ffff"": 236}",0.0,0.0,0.0,0.0,0.0,0.0,0.0,0.0,0.0,0.0,0.0,0.0,0.0,0.0,0.0,0.0,0.0,441,1.0
130,409259087495.0688,409260107541.182,1,1,135,40,728654643,50050050,255,255,255,255,409259087495.0688,1.0200461132202148,244,0.0,"{""0x0"": 244}","{""0x1ffff"": 244}",0.0,0.0,0.0,0.0,0.0,0.0,0.0,0.0,0.0,0.0,0.0,0.0,0.0,0.0,0.0,0.0,0.0,448,1.0
131,409260107541.182,409261096317.2918,77,1,136,40,731657631,50050050,255,255,255,255,409261081313.29016,0.9887761098022461,236,0.0,"{""0x0"": 236}","{""0x1ffff"": 236}",0.0,0.0,0.0,0.0,0.0,0.0,0.0,0.0,0.0,0.0,0.0,0.0,0.0,0.0,0.0,0.0,0.0,409,1.0
132,409261096317.2918,409264141154.62994,2,1,137,40,734710638,50050050,255,255,255,255,409261104945.2928,3.0448373381347658,732,0.0,"{""0x0"": 732}","{""0x1ffff"": 732}",0.0,0.0,0.0,0.0,0.0,0.0,0.0,0.0,0.0,0.0,0.0,0.0,0.0,0.0,0.0,0.0,0.0,1270,1.0
133,409264141154.62994,409264659610.6875,38,1,140,40,743769672,50050050,255,255,255,255,409264643641.6857,0.5184560575561523,124,0.0,"{""0x0"": 124}","{""0x1ffff"": 124}",0.0,0.0,0.0,0.0,0.0,0.0,0.0,0.0,0.0,0.0,0.0,0.0,0.0,0.0,0.0,0.0,0.0,239,1.0
134,409264659610.6875,409264665674.6882,4,0,0,0,0,0,0,0,0,0,409264665674.6882,0.006064000671386719,0,0,{},{},0,0,0,0,0,0,0,0,0,0,0,0,0,0,0,0,0,0,
