acl_handle,field,bit,press_qpc_us,press_relative_s,release_relative_s,duration_s,phase,led0,L_union,L_optical_dt_us,R_union,R_optical_dt_us
12,byte9,1,409109839021.4955,93.5476694954834,93.69765851214599,0.14998901666259765,2,12,9,-3226.4954833984375,9,-3262.4954833984375
12,byte9,1,409136051012.4062,119.75966040618897,119.89470342120362,0.13504301501464844,2,12,7,-1901.4061889648438,8,-1935.4061889648438
12,byte9,1,409168165507.97235,151.87415597235108,152.06904999401854,0.19489402166748046,1,255,0,-8384.972351074219,0,-8591.972351074219
12,byte9,1,409170932781.27966,154.64142927966307,154.80646429797363,0.16503501831054687,1,255,7,-4564.2796630859375,7,-4596.2796630859375
12,byte9,1,409201164658.6367,184.87330663671875,185.1958336725464,0.3225270358276367,2,14,8,-7139.63671875,8,-7171.63671875
12,byte10,7,409201217165.6426,184.92581364257813,185.18855167175292,0.2627380291748047,2,14,8,6678.357421875,8,6647.357421875
12,byte10,7,409212774486.92596,196.48313492596435,196.64060194342042,0.15746701745605468,1,255,0,-8197.925964355469,0,-8306.925964355469
12,byte10,7,409213284413.98254,196.99306198254394,197.2330670092163,0.2400050266723633,2,14,0,-1014.9825439453125,0,-1041.9825439453125
12,byte9,1,409219516776.6746,203.2254246746216,203.38293969213868,0.15751501751708985,2,14,9,-8284.674621582031,8,-8315.674621582031
