side,start_relative_s,pose_samples,valid_fraction,position_range_m,orientation_range_from_first_deg
L,0,187,0.0,,
L,2,863,0.44727694090382386,0.03451233903070031,14.579767030544566
L,4,719,1.0,0.09159030935748606,23.95791871823946
L,6,597,1.0,0.18639720259904652,73.21026486822304
L,8,550,1.0,0.01860722537618116,2.163842764260749
L,10,566,1.0,0.005509404128397185,0.6366744582395403
L,12,581,1.0,0.004810128987875484,0.4556275564194929
L,14,582,1.0,0.0096339027984509,1.7058347182351388
L,16,694,1.0,0.08781355002372924,14.28642708615329
L,18,861,1.0,0.06904954382224404,8.037471254927564
L,20,846,1.0,0.004707196384261017,0.6967202931279977
L,22,844,1.0,0.004848230943344176,1.1020677129236538
L,24,872,1.0,0.004681497735767901,0.7124143147265505
L,26,889,1.0,0.0032817220418554682,0.2798105421268683
L,28,890,1.0,0.007082727189437706,1.205855729663312
L,30,911,1.0,0.1720186553511566,46.764312304038015
L,32,851,1.0,0.12182088334411305,49.53718941041266
L,34,844,1.0,0.009067948331348165,3.7968523330031867
L,36,877,1.0,0.005013716392058876,0.7551428480132907
L,38,856,1.0,0.002476547193170367,0.2828715045062886
L,40,881,1.0,0.0050510815178533884,0.6856143128489065
L,42,877,1.0,0.0025975435203283936,0.2847089095109875
L,44,872,1.0,0.0035275701807334753,0.4088168241030218
L,46,881,1.0,0.0017725234554160328,0.20976734648735146
L,48,854,1.0,0.0038820008758370973,0.6062103469851825
L,50,878,1.0,0.0035474937984441885,0.41992877554168767
L,52,880,1.0,0.0310529076810852,4.062093707705624
L,54,878,1.0,0.018666526114947037,4.151504342264862
L,56,878,1.0,0.008135977018772849,1.5556365642278938
L,58,818,1.0,0.022667362195862132,2.7657688844679815
L,60,763,1.0,0.004304577838766539,0.3070127825544426
L,62,796,1.0,0.007754883238199009,1.1516922577116162
L,64,804,1.0,0.006400587763799516,0.49655201411873423
L,66,817,1.0,0.003062413442303295,0.17884417638293357
L,68,787,1.0,0.004824959752163746,0.5563970513469841
L,70,693,1.0,0.009167920933865002,0.8040102559000694
L,72,678,1.0,0.008454612351255388,0.4191218984423056
L,74,685,1.0,0.008174114953926193,0.3445011607840004
L,76,687,1.0,0.007118891981200444,0.4807236027837488
L,78,690,1.0,0.006188465847041582,0.509768339146827
L,80,642,1.0,0.007379006958934259,0.3364083607087654
L,82,637,1.0,0.006416115131448315,0.43741143374192437
L,84,643,1.0,0.01872339016791564,1.76104065788837
L,86,687,1.0,0.2248257269949772,24.368566591211962
L,88,653,1.0,0.31188231747890105,41.02969891885702
L,90,642,1.0,0.16615144892612282,12.13706946515668
L,92,643,1.0,0.009433139350184543,1.6054215753560865
L,94,651,1.0,0.005821338702566624,0.6901228736495878
L,96,646,1.0,0.003278088162328773,0.46992914798822244
L,98,647,1.0,0.0024002437376233225,0.41913945751505693
L,100,637,1.0,0.0024985277665057087,0.4799036093231345
L,102,642,1.0,0.002469547731873176,0.3523546251589828
L,104,648,1.0,0.004874555262790656,0.5761937922956581
L,106,624,1.0,0.0037016534143541942,0.3977189682505677
L,108,752,1.0,0.003225706318002306,0.339331082820583
L,110,725,1.0,0.0031542089039884617,0.4207975177385485
L,112,701,1.0,0.003488632683444899,0.467543774638042
L,114,711,1.0,0.003068972077096824,0.3745821126468781
L,116,706,1.0,0.002996826114408393,0.34467806934525896
L,118,697,1.0,0.14664008179714907,113.18895445653402
L,120,734,1.0,0.009190515837535997,7.355480244788977
L,122,735,1.0,0.10669264144752438,9.33944345533319
L,124,702,1.0,0.017725615378316212,2.422216957352838
L,126,684,1.0,0.003955200227548524,1.0263465736441788
L,128,736,1.0,0.0025733923700050057,0.8456859993712508
L,130,715,1.0,0.0018356986163311465,0.9453093479763225
L,132,715,1.0,0.0033730820105654035,1.1647041680597965
L,134,717,1.0,0.002430716264807559,0.4166333651598881
L,136,720,1.0,0.002149649738910966,0.3692801918516152
L,138,716,1.0,0.0020937624626494724,0.2774703040880643
L,140,742,1.0,0.0026755611392752674,0.4415137789867453
L,142,725,1.0,0.0030250583878662597,0.5503565733620732
L,144,720,1.0,0.002601361391656295,0.6643952127151954
L,146,703,1.0,0.2891439661063153,118.71107457974975
L,148,703,1.0,0.8446158617537323,130.97504986417664
L,150,696,1.0,0.3045444178112776,52.30857381006434
L,152,722,1.0,1.1086480458847163,153.72724849438802
L,154,690,1.0,0.10856775071120338,11.272353836495562
L,156,690,1.0,0.007465708891324392,1.5923643414349615
L,158,700,1.0,0.004306574951164801,0.538377576480027
L,160,702,1.0,0.003127425978340663,0.4648052698795424
L,162,716,1.0,0.003955116105754681,0.7352915637513237
L,164,713,1.0,0.002446748554715019,0.32441012897374555
L,166,718,1.0,0.00319019601905589,0.2492534896645593
L,168,719,1.0,0.005089145182641191,0.5887395109784519
L,170,687,1.0,0.0036583101686434518,0.5204840838391921
L,172,703,1.0,0.003495658628928189,0.2737437786859824
L,174,721,1.0,0.00402249150278779,0.44001106013040864
L,176,733,1.0,0.0031914712907999037,0.4347804447263036
L,178,737,1.0,0.00409945878013183,0.49127883216399
L,180,719,1.0,0.0044391734692395,0.5242521133830231
L,182,708,1.0,0.004702597058009541,0.5848170428544198
L,184,709,1.0,0.4914938054052462,32.74656180310389
L,186,699,1.0,0.7025442395102248,43.1238547905555
L,188,707,1.0,0.8503058510348732,161.25082835254335
L,190,707,1.0,0.6595807943365146,179.80306234524198
L,192,707,1.0,0.41152677526156184,134.83443273650332
L,194,712,1.0,0.8444098657356273,178.05247563994888
L,196,730,1.0,0.2288923983206083,35.4390040259468
L,198,721,1.0,1.0428329177129672,141.766944340481
L,200,726,1.0,0.4884937892820031,52.160327755816134
L,202,698,1.0,0.16375982609529113,16.184563528102487
L,204,719,1.0,0.008312060291528195,0.6295091388749274
L,206,736,1.0,0.44416894054619577,31.841345637551267
L,208,753,1.0,0.16689236574810723,38.453876968965474
L,210,732,1.0,0.029682383613854252,2.154183534331856
L,212,749,1.0,0.04510914765321998,0.7920470735783086
L,214,781,1.0,0.0007060014164291812,1.0778661866565538
L,216,786,1.0,0.002783235527223655,0.19963654057401187
L,218,795,1.0,0.002134940514393777,0.00252982452708626
L,220,846,1.0,0.0019155419598641077,0.0020305997040012745
L,222,809,1.0,8.99999999999975e-06,0.002664110338944272
L,224,743,1.0,8.366600265322583e-06,0.002595180349522294
L,226,933,1.0,9.695359714833766e-06,0.0025877111627643358
L,228,936,1.0,9.695359714833766e-06,0.0025241967655342985
L,230,952,1.0,9.110433579129037e-06,0.00242436780453657
L,232,939,1.0,9.110433579129037e-06,0.0021714335845927205
L,234,929,1.0,9.695359714833766e-06,0.002284688067833966
L,236,939,1.0,9.110433579129037e-06,0.0026801661433431393
L,238,946,1.0,8.99999999999975e-06,0.0019858106957815983
L,240,930,1.0,8.366600265322583e-06,0.002488344054085438
L,242,881,1.0,9.695359714833766e-06,0.0024295853918117694
L,244,799,1.0,9.110433579129037e-06,0.0033660088535284504
L,246,870,1.0,8.99999999999975e-06,0.0023998597660391456
L,248,168,1.0,4.690415759798533e-06,0.001495003243756913
R,0,186,0.0,,
R,2,863,0.526071842410197,0.19190001810906634,16.933395610974333
R,4,719,1.0,0.05099281767702585,30.822446326900852
R,6,597,1.0,0.07738745532988921,43.15435703407663
R,8,549,1.0,0.022662151973058514,2.557448942716328
R,10,566,1.0,0.005537835833608654,0.7600417144542474
R,12,582,1.0,0.005282830856652524,0.5692030289804757
R,14,581,1.0,0.010421975447102156,1.782599915618228
R,16,695,1.0,0.10816530355259073,15.91772412053897
R,18,861,1.0,0.08344305880581321,8.832697029033977
R,20,846,1.0,0.004923420103625223,0.8221273652073162
R,22,843,1.0,0.006507340492098133,1.3909718379452671
R,24,873,1.0,0.004968721796350043,0.7612101706077232
R,26,889,1.0,0.005587350180738272,0.33294557187775664
R,28,890,1.0,0.007762047652032615,1.2196277746491189
R,30,911,1.0,0.1277287279520547,32.91004805250853
R,32,851,1.0,0.1818394772549954,30.480719920412202
R,34,844,1.0,0.01508791444434916,3.427095598095245
R,36,877,1.0,0.005971838782150766,0.7069060120067168
R,38,856,1.0,0.0034992695666381563,0.3617020464394596
R,40,880,1.0,0.00605968860916136,0.8001984048062711
R,42,878,1.0,0.0044624086108289215,0.6791115681248422
R,44,872,1.0,0.004431676355511526,0.5192015906563756
R,46,880,1.0,0.002731118115351293,0.32756546414621984
R,48,855,1.0,0.003509574095242894,0.4545813290849631
R,50,878,1.0,0.004770190461606334,0.6583127525613706
R,52,880,1.0,0.034667162203733955,4.047225309646017
R,54,878,1.0,0.023344884583351447,8.999131365706411
R,56,878,1.0,0.01406002016641512,4.048573130854925
R,58,818,1.0,0.025375169501896923,3.5055021727088547
R,60,763,1.0,0.004343206797977739,0.4654255690396925
R,62,795,1.0,0.01075136959879996,1.322882589946502
R,64,805,1.0,0.006302874026981666,0.5476418925179071
R,66,817,1.0,0.0028755149121505257,0.3864263841000174
R,68,787,1.0,0.004799646195293986,0.5070310839920043
R,70,692,1.0,0.010341158854306415,1.1737135568386576
R,72,679,1.0,0.00545960015202579,0.7752196509926704
R,74,685,1.0,0.003233600123701138,0.31265532905421284
R,76,686,1.0,0.004472990302918175,0.5448721231489932
R,78,691,1.0,0.005076993205628706,0.6841347031687216
R,80,642,1.0,0.004971292166026858,0.6604959601743903
R,82,636,1.0,0.00570886100111047,0.583036088688328
R,84,644,1.0,0.01875598354659121,1.8401986397555845
R,86,686,1.0,0.2629810276777015,24.971452925605963
R,88,654,1.0,0.1803925837500256,26.135513876213075
R,90,642,1.0,0.17408765536982368,12.963001291422206
R,92,643,1.0,0.03212678378082687,7.3828455038610965
R,94,651,1.0,0.010358867484430889,3.7724084122318673
R,96,645,1.0,0.007088744670955495,1.21607496181473
R,98,647,1.0,0.002223661136504392,0.34354309320510074
R,100,638,1.0,0.0028857081782467336,0.3905987864503038
R,102,642,1.0,0.0034678964575085135,0.5380087963571838
R,104,648,1.0,0.003462738264726322,0.5420381935485221
R,106,624,1.0,0.003540089899988414,0.36930457777672127
R,108,752,1.0,0.003935445251810778,0.6549209352031039
R,110,725,1.0,0.0033415616184652307,0.3642618858564986
R,112,701,1.0,0.002680857782501709,0.5375610800783458
R,114,711,1.0,0.0031607926980426917,0.5860783696760099
R,116,706,1.0,0.003039208921232634,0.4094207684437455
R,118,697,1.0,0.11799948310717467,99.12528336693858
R,120,734,1.0,0.01763269244698609,5.541740391778748
R,122,735,1.0,0.10369923024478049,8.19018508968688
R,124,702,1.0,0.013802455405108197,1.9688886055560884
R,126,684,1.0,0.0036921467251451365,1.1422530374552067
R,128,735,1.0,0.0041874195216147206,1.103645707597133
R,130,715,1.0,0.0033983009357618646,0.7409065987766228
R,132,716,1.0,0.002925516072422095,0.36152074070026885
R,134,717,1.0,0.003126109108780449,0.5162330020120142
R,136,720,1.0,0.003637470461735742,0.6821633054385763
R,138,716,1.0,0.0027408977087808217,0.285901663379809
R,140,742,1.0,0.0025944337069965812,0.31838335511155835
R,142,725,1.0,0.003258461293310079,0.5797437551151732
R,144,720,1.0,0.003878036999565634,0.43560362686126197
R,146,703,1.0,0.40378929754470955,128.50375792748116
R,148,703,1.0,0.7318521206114388,114.51811222307744
R,150,696,1.0,0.19286020625302672,24.68926531272512
R,152,721,1.0,1.1374092888200975,148.81585112279203
R,154,691,1.0,0.1055969348288576,20.668670515913174
R,156,690,1.0,0.009547010405781481,1.7080460464920972
R,158,700,1.0,0.00458361806545876,1.1262505616914058
R,160,702,1.0,0.004491272554633042,0.6213290637724045
R,162,716,1.0,0.0024264624703464978,0.5615494665481924
R,164,713,1.0,0.00301590765276392,0.3994092298428296
R,166,717,1.0,0.0036860635982033764,0.6440353573534706
R,168,720,1.0,0.0034688857072552796,0.30678279265741
R,170,686,1.0,0.002807287660714526,0.3800341933692873
R,172,704,1.0,0.003518312365325167,0.32770794627165184
R,174,720,1.0,0.003466865929048884,0.4785173097551459
R,176,734,1.0,0.0029679177717719892,0.36971248238815163
R,178,737,1.0,0.00554263807586243,0.8400406315508537
R,180,719,1.0,0.009510811719301343,7.413854024017872
R,182,708,1.0,0.009369938763940778,6.029831966109969
R,184,709,1.0,0.5002812199724571,31.570288378605305
R,186,699,1.0,0.6278914492636641,48.65964116861951
R,188,706,1.0,0.7818309870042246,160.15628119649935
R,190,707,1.0,0.4496317691104689,179.9571373392838
R,192,708,1.0,0.4487212429550444,119.80756440461528
R,194,712,1.0,0.8085746159769548,179.82225338392442
R,196,730,1.0,0.10575904363249318,12.21531451392263
R,198,721,1.0,1.0465178005814522,170.09057634958575
R,200,726,1.0,0.6160390612626768,27.90823088810923
R,202,698,1.0,0.10190244349746917,13.698195426991166
R,204,719,1.0,0.014673443746864601,2.2530751479341258
R,206,735,1.0,0.45556574428478747,32.03658330456741
R,208,753,1.0,0.20813150236379405,47.66138077870591
R,210,733,1.0,0.028588865000205944,0.4626006289454314
R,212,748,1.0,0.0416612588023934,1.2575845498440121
R,214,782,1.0,0.00179976526247173,0.8718153404238396
R,216,786,1.0,0.00284962611582644,0.1265801302165502
R,218,794,1.0,0.0021064116406818803,0.022479112323566575
R,220,846,1.0,0.0019181256476049808,0.003000894738807556
R,222,809,1.0,1.4764823060268845e-05,0.004268013347730503
R,224,744,1.0,1.8708286933858744e-05,0.005286674793253736
R,226,933,1.0,1.2328828005950282e-05,0.0037350886511478853
R,228,936,1.0,1.688194301612964e-05,0.004881437215426137
R,230,952,1.0,1.3076696830622364e-05,0.0036078344845847216
R,232,939,1.0,1.4525839046350389e-05,0.004666525252054288
R,234,929,1.0,1.2845232578677974e-05,0.004083125489972981
R,236,939,1.0,2.5553864678366195e-05,0.008106875834169568
R,238,946,1.0,1.558845726814973e-05,0.005015272788273006
R,240,930,1.0,9.433981132086634e-06,0.004729902918353265
R,242,881,1.0,1.0816653826402786e-05,0.0033015646581533793
R,244,799,1.0,8.831760866314681e-06,0.0033849410762804384
R,246,870,1.0,7.483314773555367e-06,0.00235508844761922
R,248,168,1.0,5.099019513603328e-06,0.0018378984420869924
HMD,0,531,1.0,0.09774085306564499,29.25664244106029
HMD,2,984,1.0,0.06735964017124796,4.245085002070111
HMD,4,947,1.0,0.09336021039157956,24.364746191348175
HMD,6,862,1.0,0.14580171895420166,31.9088691028305
HMD,8,826,1.0,0.03581484940635658,5.494192823664753
HMD,10,866,1.0,0.011838091231275428,2.6354558346057804
HMD,12,867,1.0,0.0183871681343267,4.52552770261725
HMD,14,862,1.0,0.014554249173351432,3.5094666254314175
HMD,16,891,1.0,0.22764675963749184,44.382718631645915
HMD,18,976,1.0,0.15347078260046762,23.954120365188327
HMD,20,984,1.0,0.007436076452000737,0.8379929061943434
HMD,22,985,1.0,0.014234925886705552,0.6216119650946331
HMD,24,982,1.0,0.007445471778201843,0.6922135720039017
HMD,26,988,1.0,0.011259796223733364,2.5119153672454355
HMD,28,987,1.0,0.08634227241044798,19.448654892107104
HMD,30,986,1.0,0.162776751090105,43.007223678002966
HMD,32,987,1.0,0.05818207019529295,11.394950199410628
HMD,34,984,1.0,0.012060222970161048,0.6980359545587846
HMD,36,995,1.0,0.005496623844688663,0.6754774033151955
HMD,38,1003,1.0,0.005622960377772543,0.6591992497364165
HMD,40,991,1.0,0.008542404697156407,1.0367142446336222
HMD,42,989,1.0,0.004275977199424716,0.5481112723421193
HMD,44,994,1.0,0.00859410255000485,1.5354463510421943
HMD,46,993,1.0,0.0022005225947487744,0.5658683532914986
HMD,48,998,1.0,0.004478349722833173,0.4346821000086808
HMD,50,990,1.0,0.00570272864513121,1.14906177806418
HMD,52,1007,1.0,0.1618024016941652,43.74276255813806
HMD,54,1018,1.0,0.04920257988154686,5.761709071305599
HMD,56,1012,1.0,0.019929857249865124,5.061512395170188
HMD,58,951,1.0,0.030706883186021987,2.976369680215521
HMD,60,935,1.0,0.004186111083093714,0.58885286412362
HMD,62,969,1.0,0.021422846169451892,3.508132153691597
HMD,64,972,1.0,0.0048056377308323935,0.8193221397768494
HMD,66,984,1.0,0.003876903016584276,0.467590897543518
HMD,68,976,1.0,0.00849412926673478,1.5383454258256801
HMD,70,920,1.0,0.010986251499032781,1.0023818527185622
HMD,72,918,1.0,0.005956868388675365,0.7886573648243485
HMD,74,908,1.0,0.00416348519872475,0.44651237848059144
HMD,76,910,1.0,0.005236540556512458,0.8645497312088108
HMD,78,915,1.0,0.018375245603800768,4.521104655563957
HMD,80,884,1.0,0.0065118743077550315,1.6004912711717958
HMD,82,871,1.0,0.007598160369457861,1.0954070530443158
HMD,84,885,1.0,0.02027038749012954,1.8992451455663106
HMD,86,926,1.0,0.08622517394009709,4.381805100137454
HMD,88,901,1.0,0.19661575883178847,48.8924976386422
HMD,90,907,1.0,0.15654060913223125,13.94146279052229
HMD,92,896,1.0,0.03488685109392935,8.75810874065859
HMD,94,901,1.0,0.009195368169355721,1.124826909459219
HMD,96,898,1.0,0.005612420586520582,1.1817260221664738
HMD,98,900,1.0,0.00375421588217833,0.5203942447179283
HMD,100,889,1.0,0.0024860513269037727,0.3412529309881524
HMD,102,890,1.0,0.002109289465673242,0.24708027516953382
HMD,104,901,1.0,0.004988867244174763,0.9908604835534675
HMD,106,871,1.0,0.006713033011240151,1.494179832847739
HMD,108,958,1.0,0.0024289452937437932,0.3020259574148463
HMD,110,910,1.0,0.004007919915617089,0.6618078698721458
HMD,112,899,1.0,0.0033048153125401773,0.6249580066779333
HMD,114,918,1.0,0.0025467929970847646,0.24829146725912943
HMD,116,915,1.0,0.0038930954367957624,0.7308819094597374
HMD,118,858,1.0,0.022896990974798404,2.8126706927478433
HMD,120,877,1.0,0.01892442141255578,4.010796551833357
HMD,122,877,1.0,0.06282359359197785,5.1472056012918985
HMD,124,908,1.0,0.011640323896266791,1.7026644974252638
HMD,126,874,1.0,0.0037877874451980494,0.6465727804474547
HMD,128,911,1.0,0.0029779485304484454,0.2967003152346992
HMD,130,923,1.0,0.0028188605002731374,0.6552204536467928
HMD,132,908,1.0,0.001924497243437898,0.22368336900275546
HMD,134,903,1.0,0.002845247757226071,0.3324489094297375
HMD,136,905,1.0,0.0026569361396164763,0.5346176100874385
HMD,138,899,1.0,0.002124009456193626,0.38433747803880786
HMD,140,932,1.0,0.0025206721425048767,0.4060548987117149
HMD,142,913,1.0,0.004999944257689269,0.8548799092120675
HMD,144,925,1.0,0.003917725009492144,0.595531583384421
HMD,146,908,1.0,0.04027896539200082,6.818555321896787
HMD,148,917,1.0,0.11162098056803658,13.000191728448375
HMD,150,913,1.0,0.027826485290097243,7.549844158188224
HMD,152,933,1.0,0.11641169819129008,20.834810223466146
HMD,154,888,1.0,0.06758127230860632,9.356196963118522
HMD,156,889,1.0,0.010556214424688437,2.310351280016685
HMD,158,896,1.0,0.006319575868679812,1.2525284750384882
HMD,160,885,1.0,0.004807904050623272,1.29066020180056
HMD,162,914,1.0,0.0017474231199111514,0.4252477426563751
HMD,164,903,1.0,0.0017264638107994102,0.39445693543642457
HMD,166,917,1.0,0.0036384145736845213,0.4902761469497911
HMD,168,913,1.0,0.0042705987039289945,0.6163650773332016
HMD,170,899,1.0,0.00421730132193561,0.6033432091711625
HMD,172,917,1.0,0.0029057657183606633,0.3506253174712098
HMD,174,926,1.0,0.003285355111704044,0.5007510896413266
HMD,176,926,1.0,0.0035597619653566764,0.6302249737956267
HMD,178,925,1.0,0.004352315310268784,0.7678393034647897
HMD,180,905,1.0,0.0035769380145593906,0.5168634371460524
HMD,182,930,1.0,0.003961574909048159,0.6232753097160293
HMD,184,899,1.0,0.08523972439631654,7.070381250876086
HMD,186,915,1.0,0.06413422118876941,10.025022169916964
HMD,188,915,1.0,0.254370222016729,66.62022960592026
HMD,190,895,1.0,0.06265181876849227,10.932952271330521
HMD,192,911,1.0,0.030590115593112723,7.295532693478518
HMD,194,911,1.0,0.1792227491651102,22.31891557310727
HMD,196,933,1.0,0.03091979259050746,3.865842880798167
HMD,198,941,1.0,0.1357633117196984,10.852819129865717
HMD,200,913,1.0,0.10118331098832453,19.00473253687123
HMD,202,908,1.0,0.010679417216777341,3.1096694981539033
HMD,204,919,1.0,0.00472509020972088,0.7083817282576432
HMD,206,925,1.0,0.20323355069825452,6.095314319101578
HMD,208,930,1.0,0.3217117868747895,55.736131834328
HMD,210,920,1.0,0.10209701238018672,30.93274937058623
HMD,212,939,1.0,0.9103891215761751,122.68716065121681
HMD,214,632,1.0,0.02897881322621756,4.879058586612488
HMD,218,247,1.0,0.00010707474025184001,0.03693149345887059
HMD,220,2,1.0,0.0,0.00016841645505022976
