qpc_us,unix_us,residual_us
409016291352,1791126539253695,370.1075177666853
409017305474,1791126540267281,-165.77986926131416
409018306483,1791126541268281,-174.66871241969056
409019310157,1791126542272197,67.44274035608396
409020325496,1791126543287614,145.5554884695448
409021326382,1791126544288286,-68.33336834702641
409022327291,1791126545289531,267.7777773896232
409023328407,1791126546290705,325.88894611317664
409024329362,1791126547291903,569.0000969581306
409025330586,1791126548293007,449.1112776733935
409026331578,1791126549293473,-76.77756737172604
409027332285,1791126550294199,-57.666444066911936
409028333196,1791126551295161,-6.5552981067448854
409029334319,1791126552296303,12.555871393531561
409030335493,1791126553297389,-75.3329534418881
409031336280,1791126554298158,-93.22182125225663
409032337907,1791126555299813,-65.11059578508139
409033338549,1791126556300394,-125.9994796961546
409034338887,1791126557300833,-24.888397365808487
409035339859,1791126558301713,-116.77724463120103
409036340783,1791126559302600,-153.66609723120928
409037341762,1791126560303928,195.44505628198385
409038342803,1791126561304657,-116.44378332421184
409039343893,1791126562305872,8.667382512241602
409040344775,1791126563306626,-119.22147474810481
409041345750,1791126564307603,-117.11032168194652
409042347017,1791126565308819,-167.99913619086146
409043347748,1791126566309555,-162.8880102224648
409044348707,1791126567310549,-127.77685893326998
409045349693,1791126568311552,-110.66570464521646
409046350729,1791126569312587,-111.55454480648041
409047351741,1791126570313559,-151.4433876313269
409048352725,1791126571314608,-86.33223356306553
409049353840,1791126572315814,4.778935048729181
409050354891,1791126573316724,-136.10990344733
409051355844,1791126574317696,-116.99875282496214
409052356698,1791126575318471,-195.88761319965124
409053357416,1791126576319217,-167.77648866921663
409054359034,1791126577320816,-186.66526420414448
409055359383,1791126578321222,-129.55418065190315
409056360677,1791126579322591,-54.44299215823412
409057361666,1791126580323448,-186.33183754235506
409058362635,1791126581324411,-192.22068513929844
409059363372,1791126582325192,-148.10955850034952
409060364633,1791126583326442,-158.99837367981672
409061365649,1791126584327459,-157.88721606135368
409062366808,1791126585329018,242.2239574417472
409063367387,1791126586329191,-163.6649334654212
409064368419,1791126587330227,-159.55377407371998
409065369496,1791126588331347,-116.44260968267918
409066370689,1791126589332570,-86.33143240958452
409067371351,1791126590333137,-181.2203141003847
409068372219,1791126591334464,277.8908270895481
409069373594,1791126592335373,-187.99797543138266
409070374344,1791126593336131,-179.8868473470211
409071375355,1791126594337185,-136.7756902873516
409072376178,1791126595338076,-68.66455409675837
409073377066,1791126596338931,-101.5534106940031
409074378108,1791126597339874,-200.4422501847148
409075379383,1791126598341601,251.66893619298935
409076380430,1791126599343343,946.7800972536206
409077380940,1791126600342744,-162.10880131274462
409078382050,1791126601343877,-138.99763325601816
409079383801,1791126602346454,687.1136059761047
409080384014,1791126603345888,-91.77532557398081
409081385087,1791126604346936,-116.66416162252426
409082386840,1791126605348860,54.447077833116055
409083386930,1791126606348782,-113.44186737388372
409084387788,1791126607349650,-103.33072729408741
409085388784,1791126608350621,-128.21957190334797
409086390275,1791126609352067,-173.10836154222488
409087391215,1791126610353078,-101.9972123503685
409088392205,1791126611354146,-23.886057630181313
409089392823,1791126612354655,-132.7749442011118
409090393863,1791126613355713,-114.66378392279148
409091394768,1791126614356602,-130.55263862013817
409092395789,1791126615357721,-32.441480457782745
409093396642,1791126616358648,41.669659063220024
409094398138,1791126617360011,-91.21913000941277
409095398829,1791126618360677,-116.10800848901272
409096399925,1791126619361764,-124.99684198200703
409097400735,1791126620362602,-96.885707244277
409098401763,1791126621363609,-117.77454829216003
409099403026,1791126622364863,-126.66336323320866
409100403573,1791126623365534,-2.55225770175457
409101404964,1791126624366926,-1.4410584419965744
409102405695,1791126625367532,-126.32993246614933
409103406540,1791126626368397,-106.21879383921623
409104407726,1791126627369635,-54.10761734843254
409105408710,1791126628370623,-49.996463268995285
409106410014,1791126629371893,-83.8852736800909
409107410482,1791126630372364,-80.7741769105196
409108411643,1791126631373727,121.33699680864811
409109412744,1791126632374610,-96.55183613300323
409110413851,1791126633375726,-87.44066840410233
409111414460,1791126634376328,-94.32955598831177
409112415516,1791126635377383,-95.21839392185211
409113416434,1791126636378294,-102.10724718868732
409114417390,1791126637379292,-59.99609622359276
409115418350,1791126638380189,-122.88494482636452
409116419610,1791126639381604,32.22623988986015
409117420394,1791126640382356,0.33737173676490784
409118421309,1791126641383177,-93.55148185789585
409119422419,1791126642384332,-48.440313801169395
409120423370,1791126643385245,-86.32916340231895
409121424420,1791126644386351,-30.218002006411552
409122425231,1791126645387039,-153.10686714947224
409123426394,1791126646388305,-49.99569320678711
409124427029,1791126647388850,-139.88457790017128
409125428107,1791126648389990,-77.77341338992119
409126428966,1791126649391189,262.3377267867327
409127430078,1791126650392244,205.44889506697655
409128431136,1791126651393022,-74.43994264304638
409129432212,1791126652394107,-65.32877837121487
409130433480,1791126653395421,-19.217592760920525
409131434056,1791126654395927,-89.10648399591446
409132435008,1791126655396889,-78.99533349275589
409133436293,1791126656398188,-64.88414600491524
409134436902,1791126657398785,-76.77303357422352
409135437920,1791126658399873,-6.661875739693642
409136439151,1791126659401198,87.44930575788021
409137439788,1791126660401650,-97.43957871198654
409138440919,1791126661402811,-67.32840831577778
409139442025,1791126662404500,515.7827592939138
409140442743,1791126663404653,-49.10611617565155
409141443642,1791126664405830,229.00502844154835
409142444965,1791126665406995,71.11622016131878
409143445946,1791126666407814,-90.77262611687183
409144446772,1791126667408608,-122.66148959100246
409145449158,1791126668411963,846.4498201608658
409146465559,1791126669427877,359.5626862049103
409147466252,1791126670428115,-95.32619205117226
409148467891,1791126671431285,1435.7850347459316
409149468580,1791126672430899,360.8961560577154
409150469069,1791126673430905,-121.99274484813213
409151470080,1791126674432194,156.11841222643852
409152472186,1791126675434069,-74.77030912041664
409153488911,1791126676450797,-71.6574070751667
409154489817,1791126677451660,-114.54626166820526
409155490797,1791126678453727,972.5648919343948
409156491962,1791126679455003,1083.6760661005974
409157492611,1791126680454465,-103.21281704306602
409158494106,1791126681457508,1444.898393779993
409159495298,1791126682457470,215.00957095623016
409160495850,1791126683457676,-130.87932297587395
409161496544,1791126684458378,-122.76820111274719
409162498292,1791126685460121,-127.6569621860981
409163498696,1791126686460758,105.45412746071815
409164499533,1791126687461544,54.56526520848274
409165500688,1791126688462535,-109.32356172800064
409166501593,1791126689463701,151.7875835597515
409167502903,1791126690464823,-36.101226180791855
409168503586,1791126691465437,-104.99010553956032
409169504427,1791126692466390,7.121032655239105
409170505513,1791126693467842,373.23219802975655
409171506699,1791126694469811,1156.3433745205402
409172507868,1791126695470012,188.45454913377762
409173508411,1791126696470368,1.5656542479991913
409174509309,1791126697471205,-59.32320123910904
409175510276,1791126698472110,-121.21204906702042
409176511429,1791126699473233,-151.10087624192238
409177512521,1791126700474531,55.01028981804848
409178513557,1791126701475446,-65.87855035066605
409179514219,1791126702476080,-93.76743203401566
409180515141,1791126703477026,-69.65628483891487
409181516236,1791126704478116,-74.54511845111847
409182517383,1791126705479175,-162.43394628167152
409183518572,1791126706480422,-104.32276946306229
409184519381,1791126707481228,-107.21163484454155
409185520294,1791126708482087,-161.10048866271973
409186521812,1791126709484363,597.0107247233391
409187522144,1791126710484075,-22.878193616867065
409188523011,1791126711484798,-166.7670525610447
409189524487,1791126712486484,43.3441561460495
409190525136,1791126713487039,-50.54472699761391
409191526152,1791126714487950,-155.4335693717003
409192527856,1791126715490039,229.67766466736794
409193528125,1791126716489978,-100.21126067638397
409194529192,1791126717491187,41.8999026119709
409195529900,1791126718492228,375.0110260248184
409196530816,1791126719492658,-110.87782746553421
409197531822,1791126720493708,-66.76667094230652
409198533045,1791126721495133,135.34450966119766
409199534082,1791126722495940,-94.54433038830757
409200534680,1791126723496549,-83.43321919441223
409201536023,1791126724497806,-169.32202526926994
409202536748,1791126725498585,-115.21089994907379
409203537707,1791126726499711,51.90025132894516
409204538779,1791126727500644,-86.98858484625816
409205540042,1791126728501987,-6.877399802207947
409206540761,1791126729502780,67.23372486233711
409207541902,1791126730504025,171.34489634633064
409208543257,1791126731505171,-37.54390838742256
409209543832,1791126732505780,-3.4327997267246246
409210544763,1791126733506895,180.6783484518528
409211545665,1791126734507549,-67.2105065882206
409212546949,1791126735509045,144.90068078041077
409213547972,1791126736510635,712.0118391811848
409214548542,1791126737510493,0.12294727563858032
409215549607,1791126738511561,3.234110325574875
409216550763,1791126739513597,883.3452834784985
409217551508,1791126740513471,12.456411004066467
409218552433,1791126741514397,13.567558526992798
409219553532,1791126742515448,-34.321274638175964
409220554498,1791126743516313,-135.2101225554943
409221555453,1791126744517767,363.9010282754898
409222556301,1791126745518147,-103.98783275485039
409223557286,1791126746519127,-108.87667858600616
409224558240,1791126747520070,-119.76552784442902
409225559596,1791126748521581,35.34566754102707
409226560395,1791126749522317,-27.543198943138123
409227561648,1791126750523649,51.567984998226166
409228562474,1791126751524323,-100.32087850570679
409229563097,1791126752524965,-81.20976451039314
409230564446,1791126753526251,-144.09856992959976
409231565101,1791126754526896,-153.98745238780975
409232566177,1791126755528066,-59.87628811597824
409233567195,1791126756529084,-59.76513025164604
409234567987,1791126757529862,-73.65399751067162
409235569212,1791126758531096,-64.54281669855118
409236569980,1791126759531816,-112.43168660998344
409237570926,1791126760532743,-131.32053676247597
409238572660,1791126761534468,-140.20929941534996
409239573172,1791126762534980,-140.09819775819778
409240574091,1791126763535991,-47.98705092072487
409241575432,1791126764537316,-63.87585720419884
409242575945,1791126765537761,-131.7647554576397
409243576775,1791126766538605,-117.65361848473549
409244577929,1791126767539737,-139.54244554042816
409245578931,1791126768540719,-159.4312894642353
409246579678,1791126769541452,-173.32016173005104
409247580868,1791126770542680,-135.2089847922325
409248581598,1791126771543407,-138.09785893559456
409249582616,1791126772544419,-143.98670107126236
409250583529,1791126773545328,-147.87555488944054
409251584507,1791126774546304,-149.7644014954567
409252585652,1791126775547535,-63.65322956442833
409253586738,1791126776548621,-63.542064160108566
409254587806,1791126777549598,-154.43090078234673
409255588404,1791126778550207,-143.31978958845139
409256589458,1791126779551253,-151.208627730608
409257590689,1791126780552543,-92.09744623303413
409258591404,1791126781553249,-100.98632204532623
409259592951,1791126782554782,-114.87510547041893
409260593722,1791126783555550,-117.76397505402565
409261594569,1791126784556388,-126.65283620357513
409262595696,1791126785557510,-131.54166623950005
409263596391,1791126786558156,-180.43054428696632
409264597539,1791126787559334,-150.3193719983101
