start_relative_s,input_reports,rotation_proxy_offset,rotation_proxy_median,published_angular_speed_median,R_pose_samples,R_valid_fraction,R_position_range_m,R_orientation_range_deg,HMD_pose_samples,HMD_valid_fraction,HMD_position_range_m,HMD_orientation_range_deg,optical_frames,matched_union_mean,zero_match_fraction
1,77,17,392.8282067265537,0.0,186,0.0,,,495,1.0,0.09551404506668118,29.154751538917836,22,0.0,1.0
2,131,17,195.0922858546693,0.0,429,0.046620046620046623,0.0007225157437730948,0.1260126060500426,492,1.0,0.026081430731461044,4.245085002070111,57,3.4210526315789473,0.543859649122807
3,134,17,196.34214746302973,0.0,434,1.0,0.19190001810906634,16.870057411845128,492,1.0,0.05942984411051404,4.677529584241678,60,7.483333333333333,0.0
4,122,17,99.60169767265468,0.0,380,1.0,0.03705533849447337,6.7695536993154075,479,1.0,0.01762869992370397,2.304782672532244,60,7.916666666666667,0.0
5,124,17,73.89171242294265,0.11381009612204379,339,1.0,0.027350842964274428,32.31015747125976,468,1.0,0.08940995119873403,26.111371842353332,60,8.15,0.0
6,114,17,267.38639198808426,0.5770992524667139,315,1.0,0.04613916574368894,43.15435703407663,444,1.0,0.11202732258694753,29.913079988845872,60,7.0,0.0
7,120,17,178.7236945034976,0.3789485676408716,282,1.0,0.04477244975995394,9.340306462597132,418,1.0,0.059641483063384675,7.43998296337012,60,5.0,0.0
8,133,17,50.65570056765576,0.10851131274963915,277,1.0,0.022460352269054015,2.4278573594272723,411,1.0,0.03080113759262798,3.811323137726687,60,5.0,0.0
9,134,17,19.45045225239612,0.0435065214870967,272,1.0,0.0028301632832753625,0.8265304407713177,415,1.0,0.009185480989039162,2.1937355461978845,60,5.0,0.0
10,133,17,17.029386365926403,0.036247702790935594,272,1.0,0.004945844333377264,0.6870266742968727,426,1.0,0.0060321513575174665,1.091996007372763,60,5.0,0.0
11,133,17,14.966629547095765,0.032701326271116285,294,1.0,0.0037339484101953035,0.3740424138878241,440,1.0,0.008867075842689073,2.0242844325772067,60,5.0,0.0
12,134,17,17.93041565604764,0.037163876112502624,295,1.0,0.003664064029189449,0.3880323963311902,438,1.0,0.008094495537091859,1.7619470073827412,60,5.0,0.0
13,133,17,20.83266665599966,0.047980713888915824,287,1.0,0.005118412273351966,0.42179545513804656,429,1.0,0.010558905672464338,2.769020877302365,59,5.0,0.0
14,133,17,15.264337522473747,0.03222073995965332,287,1.0,0.0029847720750502964,0.4313063866818533,427,1.0,0.002712366310069508,0.7897948080283748,58,5.0,0.0
15,134,17,33.08809076271485,0.07103974901737783,294,1.0,0.009644511490998396,1.5717630989311253,435,1.0,0.013040562334500787,2.7633461372558714,58,5.0,0.0
16,126,17,33.61541997604525,0.06951894522839025,268,1.0,0.007995471226263026,4.371541451341504,402,1.0,0.006555836636158633,1.3407066955593703,55,5.890909090909091,0.0
17,133,17,207.9374906071534,0.4542922845415713,427,1.0,0.10816530355259073,14.382007866461674,489,1.0,0.22333441922428796,43.85167937621933,60,5.45,0.0
18,120,17,119.31851896920377,0.256398122445722,433,1.0,0.08344305880581321,8.832697029033977,486,1.0,0.15347078260046762,23.954120365188327,60,7.1,0.0
19,130,17,39.5218541099069,0.09057875123111918,428,1.0,0.008046538915709285,1.9887845582187964,490,1.0,0.013223446184712965,1.5285422897025096,60,7.916666666666667,0.0
20,121,17,17.944358444926362,0.03829722057199452,418,1.0,0.0028700800335154397,0.4984292288183786,490,1.0,0.003780212956964198,0.4391357555635933,60,8.0,0.0
21,132,17,14.966293960318936,0.03083085907177335,428,1.0,0.0026025008626319435,0.35636275631176906,494,1.0,0.0055051107164161475,0.6655932096165375,60,7.933333333333334,0.0
22,129,17,18.384776310850235,0.03662764013282865,414,1.0,0.002868211258701318,0.46781915066376134,489,1.0,0.003623042505960972,0.4783218839908778,60,8.0,0.0
23,132,17,33.54429905662,0.07121330603634052,429,1.0,0.006301036799202172,1.2566996518526936,496,1.0,0.010789627704420598,0.45298874369793446,60,8.0,0.0
24,134,17,32.63433774416144,0.06760795844836408,435,1.0,0.004366324550766244,0.6260496689029247,491,1.0,0.005359664541741409,0.41138719666183204,58,8.0,0.0
25,133,17,17.4928556845359,0.03841707416091965,438,1.0,0.003403281034318055,0.48759172451538707,491,1.0,0.0033717664509867705,0.39156028245490526,60,8.0,0.0
26,133,17,27.294688127912362,0.058605055825670875,443,1.0,0.003314169001007039,0.31555089106949774,493,1.0,0.01119409424652125,2.5119153672454355,60,8.0,0.0
27,134,17,23.448200819534662,0.04856726071686562,446,1.0,0.0050749744679480895,0.2683818295252389,495,1.0,0.0032061246076844976,0.6202786988106024,60,8.0,0.0
28,133,17,17.46424919657298,0.03522770629689081,446,1.0,0.0031137039939345534,0.5861859711634184,493,1.0,0.028389674196792072,6.67576906343041,60,7.966666666666667,0.0
29,133,17,38.13135192987524,0.07973959514074548,444,1.0,0.0077588631155875555,0.7891427127659386,494,1.0,0.05843504989302227,12.650981369658851,60,6.966666666666667,0.0
30,134,17,195.49223929329284,0.41180686612426787,458,1.0,0.03453352616968763,11.021646521526364,492,1.0,0.14398552558674083,40.19718367252758,60,6.133333333333334,0.0
31,133,17,526.0684366125761,1.1101439832475066,453,1.0,0.12552967085279082,27.636398485435333,494,1.0,0.06225033958501752,6.553332394847996,60,7.133333333333334,0.0
32,133,17,222.2206111052708,0.4829901943031556,431,1.0,0.11838691237573518,22.067169874289075,491,1.0,0.04716966668538157,9.566301980242034,59,6.779661016949152,0.0
33,127,17,195.2050204272421,0.41593040009472365,420,1.0,0.07364621913615117,13.919582738550474,496,1.0,0.01985380889653165,3.246301852423626,60,4.833333333333333,0.0
34,130,17,45.52885349006196,0.09471536590877891,419,1.0,0.010256075596932776,2.515986242910763,492,1.0,0.008123808102731141,0.6925427142930365,60,5.0,0.0
35,122,17,30.732588453467002,0.06459766684944332,425,1.0,0.006213033029044669,0.9552234040696087,492,1.0,0.007292061804455568,1.003465977141191,60,5.0,0.0
36,131,17,20.639767440550294,0.048043325910395715,437,1.0,0.004797450395783159,0.5399956200072595,501,1.0,0.004454802662296041,0.6382739116204361,60,5.0,0.0
37,130,17,15.968596631234131,0.03596229280109097,440,1.0,0.002254777365949893,0.2828659042136872,494,1.0,0.0032425055065489145,0.42826800986389196,60,5.0,0.0
38,126,17,17.13183548405297,0.034077009471514166,434,1.0,0.0030875100744774896,0.32352959900164485,497,1.0,0.00261532293225903,0.1828310679143053,60,5.0,0.0
39,129,17,17.944358444926362,0.03490254630653185,422,1.0,0.002741387300255103,0.3464463487686098,506,1.0,0.004186433996852235,0.5320426201474359,60,5.0,0.0
40,130,17,12.429786621989795,0.029313612825705243,438,1.0,0.0036304665554167987,0.49333828511959227,495,1.0,0.005196323184714358,0.4252402531773101,60,5.0,0.0
41,127,17,18.627936010197157,0.036213540229734956,442,1.0,0.0033461891667985496,0.5797110847342568,496,1.0,0.00391859381538838,0.6598477178059561,60,5.0,0.0
42,129,17,19.313207915827967,0.03833676811683924,438,1.0,0.0026700052509311604,0.4065610758695849,496,1.0,0.0018727135952942599,0.22094615986342964,60,5.0,0.0
43,127,17,28.24889378365107,0.06656505713843038,440,1.0,0.004228229054817165,0.617069515504102,493,1.0,0.0031386650044246582,0.48522172609178965,60,5.0,0.0
44,122,17,18.66811147203343,0.03804734719736508,439,1.0,0.003400466798838064,0.5192015906563756,501,1.0,0.005957459382152753,1.292102710062553,60,5.0,0.0
45,129,17,14.628738838327793,0.03283666872461334,433,1.0,0.0029797735115273337,0.36060246455399886,493,1.0,0.002646626579251396,0.4305106544863455,60,5.0,0.0
46,127,17,11.0,0.022927709622683642,435,1.0,0.0024676857194545682,0.2914555310979005,496,1.0,0.001796112747017832,0.37195426693857114,60,5.0,0.0
47,126,17,14.456790924022698,0.026906293609222462,445,1.0,0.0022676424255159886,0.2348251474442174,497,1.0,0.0016292096243270822,0.35852074136186357,60,5.0,0.0
48,126,17,14.194971236252979,0.027699587575386528,424,1.0,0.003246260145151654,0.4545813290849631,500,1.0,0.0040737782512061315,0.4346821000086808,60,5.0,0.0
49,126,17,10.931007421789616,0.022219034893871267,431,1.0,0.0023345028764171476,0.34094717701811666,498,1.0,0.0032569220131897334,0.37915959893205026,59,5.0,0.0
50,119,17,12.409673645990857,0.027405759689824328,436,1.0,0.0024637380136694805,0.41053443454058897,497,1.0,0.003211987459502291,0.6482027458506137,60,5.0,0.0
51,129,17,17.029386365926403,0.035040450932556505,442,1.0,0.0047512923168333936,0.403855123420545,493,1.0,0.004474766028520388,0.9432964103348958,60,5.0,0.0
52,125,17,20.46948949045872,0.041933019879975254,442,1.0,0.0032277766357045328,0.3336139663657628,499,1.0,0.004602773376997834,0.6677228178525645,60,5.0,0.0
53,128,17,26.009213986999583,0.04796424839456599,438,1.0,0.03333436059938753,4.081587532411395,508,1.0,0.15848085608678417,43.34335913824657,60,5.0,0.0
54,132,17,70.66166990572515,0.14143789730786227,435,1.0,0.01806663749401089,6.538222665054801,505,1.0,0.04177510726497302,4.643280610904309,60,5.0,0.0
55,133,17,72.67048919609665,0.1575679785643327,443,1.0,0.011407048840519619,2.7619588733914107,513,1.0,0.008365084398856958,1.4866554830349135,60,5.35,0.0
56,133,17,31.368774282716245,0.06673429217725568,440,1.0,0.010273304690312658,4.048573130854925,502,1.0,0.007032912483459467,1.5997282937599875,60,5.05,0.0
57,134,17,33.195971882526024,0.06591507142190599,438,1.0,0.011072717603641842,1.3187954993278697,510,1.0,0.014797247953589235,3.7128463190855316,60,5.133333333333334,0.0
58,133,17,55.326304774492215,0.11774098457822578,424,1.0,0.025375169501896923,3.5055021727088547,484,1.0,0.030360011627138743,2.9030184738952634,60,5.433333333333334,0.0
59,133,17,20.615528128088304,0.04417084280241436,394,1.0,0.007273044175584248,0.9562342721118635,467,1.0,0.003995805050299648,0.7801564145064634,60,5.45,0.0
60,134,17,24.155476379682902,0.05016772615838254,375,1.0,0.0037679102868831715,0.4182576517267929,462,1.0,0.003660213928174155,0.4350282705339683,60,5.5,0.0
61,133,17,22.38302928559939,0.04584325340117671,388,1.0,0.004053022896555118,0.5865578669708859,473,1.0,0.0027266638956791015,0.5062801008484324,60,5.483333333333333,0.0
62,133,17,44.11349000022555,0.09918190457442325,393,1.0,0.01075136959879996,1.322882589946502,482,1.0,0.017815315349440208,2.527756570841973,60,5.466666666666667,0.0
63,134,17,23.874672772626646,0.05101063017182301,402,1.0,0.0025522278366164764,0.4244812583815151,487,1.0,0.005470750039985363,1.0182436451287533,60,5.116666666666666,0.0
64,133,17,25.80697580112788,0.05454999438748733,405,1.0,0.003540744589772046,0.5476418925179071,487,1.0,0.0039025150864538706,0.8193221397768494,60,5.0,0.0
65,133,17,18.49324200890693,0.03973797828967272,400,1.0,0.0037447140665209724,0.4949017426602549,485,1.0,0.001814559175116631,0.3191636023366318,60,5.0,0.0
66,134,17,23.091525983696194,0.045933495452751064,407,1.0,0.002856791817756418,0.3864263841000174,490,1.0,0.0028722654821586543,0.43904199907076197,60,5.05,0.0
67,133,17,17.26267650163207,0.033169890572089626,410,1.0,0.002225189944701348,0.27606001854696227,494,1.0,0.003098459940034765,0.521850222742261,59,5.0508474576271185,0.0
68,133,17,14.071247279470288,0.03054393837179482,403,1.0,0.0029410229852892965,0.3893566426803512,487,1.0,0.002442448771213025,0.3924683598403083,60,5.0,0.0
69,134,17,13.601470508735444,0.02945519536323974,384,1.0,0.0038243819435302283,0.6753192114498557,489,1.0,0.007127062929426118,1.6279841005425304,60,5.016666666666667,0.0
70,132,17,21.212142642814275,0.04149725390758949,352,1.0,0.00553596640614807,0.459942527651331,465,1.0,0.005162810474925451,0.6536761694881148,60,5.1,0.0
71,133,17,47.138094997570704,0.10404186598848313,340,1.0,0.009013249893351458,0.780698362276677,455,1.0,0.008833199250554674,0.9186903040518747,60,5.066666666666666,0.0
72,134,17,20.22350661519984,0.04302782867353655,341,1.0,0.004832566768291983,0.7726828992054867,465,1.0,0.005012701567019532,0.7886573648243485,60,5.25,0.0
73,133,17,27.586228448267445,0.060468060610692646,338,1.0,0.005113823877491284,0.6521904881680781,453,1.0,0.005171987722336529,0.7478518700912531,60,5.133333333333334,0.0
74,133,17,15.937377450509228,0.035128633133021274,343,1.0,0.0021384126192108065,0.1559940449060584,453,1.0,0.0023016985032797304,0.44651237848059144,60,5.233333333333333,0.0
75,134,17,12.206555615733702,0.02431705614346582,342,1.0,0.0027914395228985354,0.21416089410978784,455,1.0,0.003155575066449844,0.37682981772242335,60,5.383333333333334,0.0
76,133,17,18.49324200890693,0.03885772206844864,341,1.0,0.0034988948826736627,0.46135971043506485,452,1.0,0.003190455923531943,0.525074475728273,60,5.0,0.0
77,133,17,18.708286933869708,0.03618491911052172,345,1.0,0.004380900963272287,0.6117365735877127,458,1.0,0.0038311917206007694,0.4749969272127024,60,5.516666666666667,0.0
78,134,17,23.054260813836535,0.05162891147685275,344,1.0,0.004558616414001075,0.48356146695040314,458,1.0,0.014313379964215315,3.420401803939939,60,5.1,0.0
79,133,17,40.01249804748511,0.08441565752548516,347,1.0,0.004527570917169605,0.7602897613872709,457,1.0,0.005017242868349086,1.125422249546302,60,5.0,0.0
80,133,17,31.906112267087632,0.0652522647655206,328,1.0,0.003556831737656414,0.6604959601743903,447,1.0,0.0031227931407635497,0.48073057053421714,60,5.0,0.0
81,134,17,14.246250571209579,0.028099572706916882,314,1.0,0.003243539733069416,0.3638277573298535,437,1.0,0.004716985160036025,1.2651671957778134,60,5.0,0.0
82,133,17,27.073972741361768,0.05221042836187039,318,1.0,0.004845414163928609,0.583036088688328,435,1.0,0.006093276130293136,0.9265962365789276,59,5.084745762711864,0.0
83,133,17,20.322401432901575,0.044743321296078366,318,1.0,0.0046429881725027055,0.5921396545866859,436,1.0,0.0053109703444850775,0.30744554359304177,60,5.0,0.0
84,134,17,18.56070630599906,0.035245590667717396,324,1.0,0.010794417976435785,0.7819576800982161,444,1.0,0.01296855292621348,1.3612154541841568,60,5.183333333333334,0.0
85,133,17,52.706735812417755,0.12327704776275265,320,1.0,0.01875598354659121,2.3484574522267643,441,1.0,0.019858882571786363,1.7877246748690823,60,6.05,0.0
86,133,17,227.771815640127,0.47810690822404983,344,1.0,0.2484501079742571,24.971452925605963,458,1.0,0.071399108299754,3.8461676561865024,60,6.516666666666667,0.0
87,134,17,34.53589949465305,0.07995739789474512,342,1.0,0.03536219095715083,3.8436708336330767,468,1.0,0.016907107854390698,0.9870192137397111,60,6.216666666666667,0.0
88,133,17,28.337254630609507,0.06528482115132123,328,1.0,0.03158341317463964,3.238128197891577,453,1.0,0.0044028720172178655,0.5159696593451041,60,6.05,0.0
89,133,17,458.5280798380836,0.952878036841022,326,1.0,0.1765925229929342,27.582595141095158,448,1.0,0.19496609744517124,49.25697800494038,60,6.616666666666666,0.0
90,134,17,296.2393438334125,0.6448558861581832,324,1.0,0.17252325993619672,12.533401185618759,457,1.0,0.15645018116796797,13.94146279052229,60,9.083333333333334,0.0
91,133,17,43.37049688440288,0.09533267897929859,318,1.0,0.008335976390105714,1.3754238477459118,450,1.0,0.00745139759038533,1.970753182055623,60,8.983333333333333,0.0
92,133,17,191.38704240360684,0.37347139974683413,324,1.0,0.02325874514284896,7.063812256577919,447,1.0,0.034854710473765226,8.75810874065859,60,8.633333333333333,0.0
93,134,17,217.79744930503912,0.4770015899278191,319,1.0,0.014818417467800011,5.664152209107062,449,1.0,0.004917610193986532,1.1872413880356036,60,8.516666666666667,0.0
94,133,17,61.26173356998641,0.13517421957965947,325,1.0,0.00826327612996201,2.925931882165171,445,1.0,0.0076956229182568656,1.022905268386328,60,8.033333333333333,0.0
95,133,17,28.284271247461902,0.06160210085573381,326,1.0,0.004949090015346242,0.8551817276864875,456,1.0,0.005115663848416941,0.9539302729253556,60,8.0,0.0
96,134,17,24.798373876248846,0.049940538415375206,322,1.0,0.004187251475610212,0.7874934965575726,445,1.0,0.005312094578412554,1.1817260221664738,60,8.216666666666667,0.0
97,133,17,25.337718918639855,0.05147884522723874,323,1.0,0.004195189632185891,0.5552911906946539,453,1.0,0.0022091598448278843,0.4740934280983031,60,8.266666666666667,0.0
98,133,17,15.524174696260024,0.031325320584153646,323,1.0,0.0013508570834844021,0.24355995017385967,451,1.0,0.0022604237058569334,0.313478433944302,60,8.083333333333334,0.0
99,134,17,14.912278650517392,0.032925190286758554,324,1.0,0.0011518429276598438,0.2175702244827924,449,1.0,0.0019002567721231743,0.263640921023521,59,7.983050847457627,0.0
100,133,17,18.384776310850235,0.0343215817846439,313,1.0,0.0018402425628161198,0.24184859151660015,444,1.0,0.0013485438999157467,0.20026655506436303,60,8.0,0.0
101,134,17,16.598131167170045,0.0320298184448117,325,1.0,0.002198685664209434,0.45330703647613896,445,1.0,0.00150873682264339,0.2803813352832885,60,8.0,0.0
102,133,17,18.601075237738275,0.03754354458231268,321,1.0,0.001719246375596022,0.21005350966289688,440,1.0,0.0017758991863278987,0.173419907314057,60,7.95,0.0
103,133,17,21.213203435596427,0.0439944766042159,321,1.0,0.0024912347099380265,0.45242532980262257,450,1.0,0.0013073531045589778,0.14519779227830348,60,7.966666666666667,0.0
104,134,17,16.71819330738664,0.03355188892945614,324,1.0,0.0030881591037380113,0.3224438030526683,449,1.0,0.0030980638034101065,0.658722106152084,60,7.983333333333333,0.0
105,133,17,20.346989949375804,0.03963673863399964,324,1.0,0.0021725661094659293,0.6116711171378918,452,1.0,0.002201238287873422,0.32853977287004443,60,8.0,0.0
106,133,17,18.601075237738275,0.03578166814967687,312,1.0,0.0022565298801478454,0.36622135526507554,432,1.0,0.004064513225467464,0.7268061905886902,60,7.966666666666667,0.0
107,134,17,16.613138678889957,0.033183876777195226,312,1.0,0.003374043551882512,0.3702445295415138,439,1.0,0.004846689683691331,0.7800743981126232,60,8.05,0.0
108,133,17,19.078784028338912,0.039268717316204765,372,1.0,0.002090029408883994,0.43780618249465114,482,1.0,0.0017280876366666462,0.210851457863173,60,7.983333333333333,0.0
109,133,17,22.15851980616034,0.053622632267448414,380,1.0,0.0024883846668069674,0.4645453833711696,476,1.0,0.0017681150415060696,0.2503212506091755,60,8.0,0.0
110,134,17,16.370591577727538,0.03016370054180128,368,1.0,0.0024572067739610354,0.3073166603302842,473,1.0,0.002507992330530553,0.5828782834203413,60,8.0,0.0
111,133,17,23.430749027719962,0.04510806552614399,357,1.0,0.002594829084930267,0.3674962397980231,437,1.0,0.0025860180606484505,0.3098303879531912,59,8.0,0.0
112,133,17,18.05547008526779,0.03931047629973593,350,1.0,0.002278351564179678,0.2931328452900884,444,1.0,0.002533208033304802,0.3926884774719665,60,7.95,0.0
113,134,17,19.835677263056002,0.04193472335954118,351,1.0,0.0020480627431795073,0.43183871079299385,455,1.0,0.002151950215502215,0.31943178222787516,61,8.049180327868852,0.0
114,133,17,23.790754506740637,0.04949077712806701,356,1.0,0.0024804766175072026,0.5643258083374424,460,1.0,0.001339238066961956,0.13628152232975854,60,7.966666666666667,0.0
115,133,17,13.19090595827292,0.025084904984322743,355,1.0,0.0023286794283456,0.3235681281611719,458,1.0,0.002008132428402074,0.2121819704966601,60,7.966666666666667,0.0
116,134,17,17.72004514666935,0.032161796791286654,355,1.0,0.0022224245006073843,0.20629509878752356,459,1.0,0.0034227696504439105,0.7308819094597374,60,8.066666666666666,0.0
117,133,17,17.663521732655695,0.03332923463494024,351,1.0,0.0021051404983040986,0.3886625644351561,456,1.0,0.0019969430187163633,0.4208903439405707,59,8.084745762711865,0.0
118,133,17,49.56813492557492,0.10390156936394175,336,1.0,0.04487800400305699,33.36156061483558,430,1.0,0.012063976272357299,1.521112798698911,60,8.166666666666666,0.0
119,134,17,474.61081635588647,1.0546173033461188,361,1.0,0.0973687301634873,65.26893406180311,428,1.0,0.01638327423227725,1.634920787536571,60,7.15,0.0
120,132,17,78.34533819528286,0.1723750815915727,367,1.0,0.01763269244698609,5.541740391778748,432,1.0,0.017299394909649286,4.010796551833357,60,7.0,0.0
121,133,17,27.147743920996454,0.05388707626899051,367,1.0,0.002931208919541572,1.0372796393071897,445,1.0,0.006195027173467472,1.4239225121807948,60,7.0,0.0
122,130,17,41.10071889788169,0.08106662422563307,368,1.0,0.05912734534341958,2.066249030393287,428,1.0,0.03699183275062214,5.1472056012918985,60,7.133333333333334,0.0
123,125,17,138.87404365107253,0.2935729664014866,367,1.0,0.06838943269753012,6.138598260320322,449,1.0,0.033368443210464595,3.8503723704578974,60,7.966666666666667,0.0
124,133,17,35.566838487557476,0.06865767497847565,358,1.0,0.012049869986435547,1.6962201589465866,465,1.0,0.010133254183133865,1.3254217311981404,60,8.0,0.0
125,134,17,23.51579823506593,0.054862088875104485,344,1.0,0.003914404010829747,0.8505685897259752,443,1.0,0.0062163932838905644,0.6888249909211329,60,8.0,0.0
126,133,17,19.544820285692065,0.03850659635709457,335,1.0,0.0019249214555404404,1.030502981460577,433,1.0,0.0027664266518380633,0.33066996684612726,58,8.03448275862069,0.0
127,133,17,18.547236990991408,0.03305766868131508,349,1.0,0.002144071475021301,0.3691409348418844,441,1.0,0.0017151976358425972,0.454778879882165,59,8.0,0.0
128,134,17,17.13183548405297,0.037411139930858775,364,1.0,0.0030563463301792287,0.8157463306231736,463,1.0,0.0027054451630000014,0.2228997803114265,60,8.0,0.0
129,133,17,14.628738838327793,0.031505745032912646,371,1.0,0.002493661582893696,0.43384782180192194,448,1.0,0.001659153476927329,0.3133335049118506,60,8.15,0.0
130,133,17,16.61324772583615,0.03336484163487068,360,1.0,0.0021168618849608297,0.6667305396812836,456,1.0,0.0020268101859818913,0.5432510000242384,60,8.066666666666666,0.0
131,134,17,13.152946437965905,0.027804119751036895,355,1.0,0.002690597450381614,0.48088174576883846,467,1.0,0.0011878384149369948,0.13836845896958336,60,8.066666666666666,0.0
132,133,17,14.142135623730951,0.0306819764087974,363,1.0,0.001478955036503819,0.29751013891894346,455,1.0,0.0012200211473577,0.16169372738202994,60,8.7,0.0
133,133,17,18.110770276274835,0.03451503355365601,353,1.0,0.0028100256742599377,0.2797780258106323,453,1.0,0.001421520664640537,0.1863639224665374,60,8.283333333333333,0.0
134,133,17,11.704699910719626,0.022810801122275383,349,1.0,0.002056604553627177,0.3187014212478605,443,1.0,0.0018417629950675132,0.3004010020246363,60,8.266666666666667,0.0
135,133,17,15.165750888103101,0.028495974174589996,368,1.0,0.0017492748897757803,0.36698191456032075,460,1.0,0.00157371882177217,0.2065401570854589,59,8.35593220338983,0.0
136,133,17,13.92838827718412,0.02776870578265397,353,1.0,0.0025030973293102225,0.45551614161828496,441,1.0,0.0016014574424567279,0.24273246413612434,60,8.666666666666666,0.0
137,134,17,17.999978566465686,0.03599504597628832,367,1.0,0.001650671269514323,0.3372867329366296,464,1.0,0.0014667715738996725,0.30773430546337927,60,8.266666666666667,0.0
138,133,17,17.97220075561143,0.03471014536533807,362,1.0,0.001665961932338174,0.20144758682195824,453,1.0,0.000996953288775357,0.14715371561596013,60,8.383333333333333,0.0
139,133,17,13.379088160259652,0.025458857510432396,354,1.0,0.0023587115889824183,0.2072886015304532,446,1.0,0.0015921797040535238,0.24003507266418678,60,8.716666666666667,0.0
140,134,17,13.91041613331696,0.02262733205369668,366,1.0,0.0017434967737280183,0.31838335511155835,464,1.0,0.0012230442224220588,0.3836082842461408,60,8.9,0.0
141,133,17,12.96148139681572,0.02605151634241086,376,1.0,0.0019756735813387847,0.317768316529065,468,1.0,0.002045168281584678,0.21221818951669402,60,8.716666666666667,0.0
142,133,17,18.708286933869708,0.03697229748985584,362,1.0,0.001997707338425724,0.52172158570077,450,1.0,0.0024513593065889007,0.3752871771935382,60,8.666666666666666,0.0
143,134,17,14.017834423809099,0.025023212984676937,363,1.0,0.0024102961747469957,0.28044426572461567,463,1.0,0.004634805622677171,0.9280092421076023,60,8.75,0.0
144,133,17,12.84523257866513,0.025587179183886703,364,1.0,0.002016359980261459,0.3305505839550845,465,1.0,0.0026474526794637997,0.391608275528902,60,8.933333333333334,0.0
145,133,17,12.84523257866513,0.024029078924369947,356,1.0,0.0023192705943895528,0.23289088410439251,460,1.0,0.002832354960099471,0.41767716675600886,60,8.766666666666667,0.0
146,134,17,13.638181696985855,0.02332768127399863,357,1.0,0.0022461455162121626,0.3294465357857377,459,1.0,0.0020152709991462497,0.33626695691952146,60,8.716666666666667,0.0
147,133,17,18.973665961010276,0.04067281941960749,346,1.0,0.4036277844477632,128.47933881422463,449,1.0,0.0402306262742702,6.635359536152208,60,8.9,0.0
148,133,17,1159.8611985923144,2.477997412206276,345,1.0,0.660526662302999,112.74343328023687,452,1.0,0.08122336582819006,13.000191728448375,60,2.2333333333333334,0.6666666666666666
149,134,17,22.549156888401022,0.04711017245691737,358,1.0,0.08660920708706434,3.031908080177817,465,1.0,0.053277831076349196,7.249732664654138,60,0.0,1.0
150,133,17,11.575836902790225,0.02025049686927459,349,1.0,0.010986728630488723,1.0856371631144688,463,1.0,0.0053806813323221325,0.5735621002359698,60,0.0,1.0
151,133,17,389.50994852506653,0.7271585192879197,347,1.0,0.18867366427501217,24.518344459251544,450,1.0,0.025997389066019675,7.516068675767618,60,0.0,1.0
152,134,17,299.1738278443157,0.6667834305723683,364,1.0,0.136009773487202,8.513537739342508,476,1.0,0.020696120228922157,2.315971610732066,60,0.0,1.0
153,133,17,761.1497881494811,1.643260735933893,357,1.0,1.0760006462968505,150.80391754573404,457,1.0,0.11519967096936522,22.531534021530117,59,4.47457627118644,0.4576271186440678
154,133,17,267.5742887498722,0.5953670771297318,359,1.0,0.1035223691474456,20.431888909918353,454,1.0,0.06420628643559759,8.522919183545682,60,7.766666666666667,0.0
155,134,17,45.07201384837903,0.09599606971319191,332,1.0,0.012230386285395915,2.5770620856991147,434,1.0,0.016003912944339567,3.297169785849267,60,7.883333333333334,0.0
156,133,17,41.10960958218893,0.09112083127677227,344,1.0,0.006505801549547899,1.2463091179382062,432,1.0,0.008226195726458246,1.842290625749507,60,7.933333333333334,0.0
157,133,17,51.55579501860097,0.11035132167094737,346,1.0,0.0036868875599887743,0.5643978514482878,457,1.0,0.003136899566450938,0.6354416002857233,60,7.85,0.0
158,134,17,25.297449181993095,0.052473550133399535,341,1.0,0.002326963665380268,0.4198768482981864,444,1.0,0.005289496558274714,1.1705181809352765,60,8.0,0.0
159,133,17,29.832867780352597,0.05939352417464466,359,1.0,0.00299330106237244,0.9239497508324744,452,1.0,0.0025321568197882293,0.4183587628631008,60,8.0,0.0
160,133,17,25.317977802344327,0.053326397605914656,352,1.0,0.0019746462214786735,0.4781359844683419,444,1.0,0.004126227361646454,1.0381633119636118,60,8.0,0.0
161,134,17,20.80776406404415,0.043258825838211556,350,1.0,0.0029660929183017875,0.41527803058315976,441,1.0,0.0013137145085596008,0.41015014366239777,60,8.0,0.0
162,133,17,26.94438717061496,0.05624690707807852,353,1.0,0.002045059070051532,0.3696179674526872,446,1.0,0.0008555625342428466,0.1903846055040423,60,7.966666666666667,0.0
163,133,17,36.124783736376884,0.08341247008960952,363,1.0,0.0014908848010493656,0.42717446250705454,468,1.0,0.00139300986715816,0.25121067278189596,60,8.0,0.0
164,134,17,30.364167139807883,0.06082001194614689,356,1.0,0.0028997730893985415,0.36319087119565724,453,1.0,0.0013523830966112912,0.3528514214214058,60,8.0,0.0
165,133,17,33.436506994600975,0.07009791953216657,357,1.0,0.002171168625418113,0.3139551935161084,450,1.0,0.0009104348905880443,0.11549837450119793,60,8.0,0.0
166,133,17,23.2163735324878,0.04750191351211549,366,1.0,0.0011525476519432991,0.5110354943820982,465,1.0,0.0025854864165181686,0.4902761469497911,60,8.0,0.0
167,134,17,27.276209402472197,0.06006387503916044,351,1.0,0.0031226080765923863,0.4333824565622833,452,1.0,0.0034441842923978224,0.4195891878041748,60,8.0,0.0
168,133,17,20.46948949045872,0.0387842282260457,352,1.0,0.0019072560840117916,0.2554565027443411,456,1.0,0.003502808400412448,0.5066725601420718,59,8.0,0.0
169,133,17,24.351591323771842,0.05222100351609878,368,1.0,0.0022136831864564463,0.23048865359859386,457,1.0,0.0019490569411897752,0.30855665440074553,60,8.0,0.0
170,134,17,19.390650850518647,0.03424650370192364,342,1.0,0.0025453620272959257,0.2731485996087194,449,1.0,0.0036736430746603585,0.5710904889754016,60,7.983333333333333,0.0
171,133,17,25.495097567963924,0.05186445670113204,344,1.0,0.0019761053742146416,0.3237550884273417,450,1.0,0.0023070546785891213,0.222760509942865,60,8.0,0.0
172,133,17,26.870057685088806,0.05750061892727765,352,1.0,0.0017507604890446898,0.23347594435056362,459,1.0,0.0025091646199482467,0.32174156739556237,60,7.983333333333333,0.0
173,134,17,22.801441887493336,0.04606911727733253,352,1.0,0.0023006803428551165,0.44355354873326963,458,1.0,0.0025195039690383463,0.5106628512185255,60,7.983333333333333,0.0
174,133,17,25.238858928247925,0.05280263851021083,352,1.0,0.002146728464431394,0.29825902375798086,460,1.0,0.0022177199913424365,0.22739556415750048,60,8.0,0.0
175,133,17,19.209372712298546,0.03903720404204174,368,1.0,0.0022686156219157054,0.28817346312813535,466,1.0,0.0016515344380302918,0.3295620034598042,60,8.0,0.0
176,134,17,17.13183548405297,0.03552831937331685,371,1.0,0.002250203628563417,0.29947564329308507,464,1.0,0.0028686390222542753,0.5791797063405684,60,8.0,0.0
177,132,17,21.354040969710656,0.03889278456879111,363,1.0,0.0025181831565634846,0.3271462822652751,462,1.0,0.0021317201997448068,0.3762704930207713,60,8.0,0.0
178,133,17,22.02271554554524,0.043036107572590715,370,1.0,0.0027630427358258528,0.797616521886063,463,1.0,0.0029435847125571417,0.32839370394155826,60,8.0,0.0
179,134,17,18.97337314622606,0.038132067354774285,367,1.0,0.003175881288713418,0.5922452911700232,462,1.0,0.003785382485297891,0.6806901841894802,60,8.0,0.0
180,133,17,22.360679774997898,0.04859947522535609,360,1.0,0.002640583969503716,0.8765610308637053,448,1.0,0.0016804074654678295,0.2394717924944633,60,8.0,0.0
181,133,17,79.3536388579629,0.1663495193230206,359,1.0,0.0076286851501421804,6.9078357198837885,457,1.0,0.00283421558813016,0.4765380743127229,60,8.0,0.0
182,134,17,47.19109609836727,0.09650979290233647,354,1.0,0.004131513322016531,0.9755967986252508,466,1.0,0.0025704381435856277,0.4545320934249989,60,8.0,0.0
183,133,17,62.6418390534633,0.13398420699731742,354,1.0,0.00792125788811348,6.236720532507566,464,1.0,0.0017217761904498535,0.20653784699422356,60,8.0,0.0
184,133,17,56.356011214421486,0.12237298884888773,343,1.0,0.015619565367832745,3.461030163947065,430,1.0,0.0018274479718996322,0.35623683997246364,60,7.983333333333333,0.0
185,134,17,477.8121493705587,0.9930998601474459,366,1.0,0.49209673993853076,29.66449272958562,469,1.0,0.08395645337411534,6.813046431850226,60,8.233333333333333,0.0
186,133,17,709.5554946584516,1.5114544805927832,353,1.0,0.40826495062397217,41.6320348418012,455,1.0,0.05321691801006518,9.052838457715374,59,8.677966101694915,0.0
187,133,17,602.2657220861902,1.2695892564215405,346,1.0,0.5791842825431298,62.408440954412086,460,1.0,0.026471508277580255,8.586286261078143,60,8.1,0.0
188,134,17,1124.9230628364376,2.399784484924192,352,1.0,0.7028813425237578,76.29269845211026,462,1.0,0.22105565992050508,66.62022960592026,60,7.85,0.0
189,133,17,1150.4112308213964,2.590665366539524,354,1.0,0.3635378921583863,93.18228073028881,453,1.0,0.17480164694830952,50.33161437499857,60,7.9,0.0
190,132,17,2493.1661247366264,5.4747782627701005,354,1.0,0.3826009495741091,179.52019941103003,444,1.0,0.05099848288919974,7.97242383866334,60,8.216666666666667,0.0
191,134,17,1613.395269401109,3.4375204628334535,353,1.0,0.41743506830391,131.77059598549673,451,1.0,0.03152802242450359,3.8346219084585904,60,9.016666666666667,0.0
192,133,17,1215.541443143754,2.4943440306045215,358,1.0,0.36322018040208065,119.80756440461528,451,1.0,0.02240123108224188,7.0883692469188375,60,9.133333333333333,0.0
193,59,17,1530.6407155175248,3.2603074954157316,350,1.0,0.3804691468688624,78.48056807263072,460,1.0,0.025808689699401626,3.869976225314489,60,9.15,0.0
194,74,17,105.39949535467775,0.2072433816329487,349,1.0,0.035938920866381084,17.243774875560636,450,1.0,0.009775500795867182,1.1442905683950308,60,8.066666666666666,0.0
195,62,17,2068.207662933625,4.362634032526735,363,1.0,0.7942332765239695,179.95780459093237,461,1.0,0.17472133529666603,21.923370507535413,60,6.066666666666666,0.2833333333333333
196,69,17,98.14275317108238,0.21325560034920912,365,1.0,0.09788248726972355,11.212117689676123,470,1.0,0.022608058148589398,3.213181899054702,60,0.0,1.0
197,134,17,20.42057785666214,0.04472888801274194,365,1.0,0.014445399302199987,2.4744188832210297,463,1.0,0.00995688788728685,1.0674347640102453,60,0.0,1.0
198,66,17,10.930433060339212,0.023707768784514496,350,1.0,0.01314355849836718,0.4262140119818262,464,1.0,0.00913616344972,0.8205811140058109,60,0.0,1.0
199,65,17,3465.2235137145194,7.360055215560546,371,1.0,1.0412279074904014,170.01829896066957,477,1.0,0.1357633117196984,11.217173095002318,60,3.95,0.48333333333333334
200,134,17,600.0485531326283,1.2938659059514621,365,1.0,0.3880319626772001,26.735928571183685,454,1.0,0.08799849450166745,19.00473253687123,60,8.266666666666667,0.0
201,72,17,482.0359250600434,1.035568865756405,361,1.0,0.4908324200762212,32.853677027235854,459,1.0,0.05379511168089533,8.512313162249058,60,8.666666666666666,0.0
202,60,17,46.99845573033643,0.10054951879295393,349,1.0,0.10152594346168321,12.451764159635518,453,1.0,0.01019249248662956,2.691102462753436,59,8.0,0.0
203,134,17,95.71259977869416,0.1955725114354584,349,1.0,0.016035204309658786,4.39622138566613,455,1.0,0.004044836373699175,0.6963788144399155,60,8.0,0.0
204,76,17,35.32703212438648,0.07033792061448296,356,1.0,0.010856152432980121,1.8468946558151798,455,1.0,0.0040531523583502115,0.4844066222393627,60,8.0,0.0
205,57,17,24.779023386727733,0.05871041995923722,363,1.0,0.0059113377437683195,0.8803113549868956,464,1.0,0.0012742171125832622,0.2592665345048385,60,8.0,0.0
206,77,17,24.61706725018234,0.052951230555011664,361,1.0,0.0067990065722868444,0.7072630352523721,460,1.0,0.00552777752898936,0.353656736219074,60,8.0,0.0
207,0,17,,,374,1.0,0.44896458094130587,31.600368935545838,465,1.0,0.19786315170806817,5.971621921822489,60,7.916666666666667,0.0
208,52,17,650.269945789864,1.4089582748680165,380,1.0,0.20709435848716404,47.66138077870591,457,1.0,0.15253288840774634,14.956681735651879,60,7.883333333333334,0.0
209,129,17,15.297058540778355,0.0327712474787427,373,1.0,0.014851524433538793,10.65128667487353,473,1.0,0.24530048287308773,42.3098001662272,60,8.583333333333334,0.0
210,79,17,6.082762530298219,0.0044528356605565405,369,1.0,0.01534252515070449,0.17959354127571492,464,1.0,0.1005314631245363,26.45531441568021,60,9.0,0.0
211,0,17,,,364,1.0,0.025002253378445735,0.5591454113858462,456,1.0,0.020746939119060424,5.419517836326574,60,9.0,0.0
212,51,17,5.385164807134504,0.0015538814711248089,376,1.0,0.035789816121349384,0.7994200526829198,473,1.0,0.6042645784255043,90.38321179129935,60,7.066666666666666,0.15
213,129,17,5.385164807134504,0.000999425194880037,372,1.0,0.005919096637156708,1.0269925398319668,466,1.0,0.3358708308790753,37.04982727489617,60,0.0,1.0
214,82,17,5.477225575051661,0.002313047646604151,384,1.0,0.0015367459126348613,0.7482839327038381,479,1.0,0.026430670574164445,4.879058586612488,60,0.0,1.0
215,38,17,5.385164807134504,0.0015538814711248089,398,1.0,0.0005696367263440813,0.22086090767931285,153,1.0,0.0034251278808243263,0.07150388580730338,60,0.0,1.0
216,94,17,5.385164807134504,0.0016490626684854673,385,1.0,0.002042055337154207,0.10410316366859976,0,,,,60,0.0,1.0
217,94,17,5.385164807134504,0.0008919125063571258,401,1.0,0.0018786370059168187,0.023977301967934576,0,,,,60,0.0,1.0
218,105,17,5.477225575051661,0.0016490626712319819,382,1.0,0.0016214037128365452,0.020533751083074803,0,,,,60,0.0,1.0
219,128,17,5.385164807134504,0.0,412,1.0,0.0010536341869927977,0.0083456481807545,247,1.0,0.00010707474025184001,0.03693149345887059,60,0.0,1.0
220,89,17,5.385164807134504,0.0,426,1.0,0.0019181256476049808,0.003000894738807556,2,1.0,0.0,0.00016841645505022976,60,0.0,1.0
221,0,17,,,420,1.0,8.062257748306612e-06,0.0024440072561962324,0,,,,60,0.0,1.0
222,0,17,,,414,1.0,1.0816653826402786e-05,0.0031428274206009754,0,,,,59,0.0,1.0
223,0,17,,,395,1.0,1.4035668847632236e-05,0.0038584508810351205,0,,,,60,0.0,1.0
224,39,17,5.385164807134504,0.0,360,1.0,1.6401219466864666e-05,0.005286674793253736,0,,,,60,0.0,1.0
225,87,17,5.385164807134504,0.0,384,1.0,1.3152946437964289e-05,0.0038429739342685466,0,,,,60,0.0,1.0
226,0,17,,,467,1.0,1.019803902719577e-05,0.0030315250450995766,0,,,,60,0.0,1.0
227,36,17,5.385164807134504,0.0,466,1.0,1.2328828005950282e-05,0.004191344833107782,0,,,,60,0.0,1.0
228,130,17,5.385164807134504,0.0,466,1.0,1.0099504938352941e-05,0.0032188543702894,0,,,,60,0.0,1.0
229,84,17,5.385164807134504,0.0,470,1.0,1.688194301612964e-05,0.005284189326369238,0,,,,60,0.0,1.0
230,0,17,,,478,1.0,1.3076696830622364e-05,0.0036078344845847216,0,,,,60,0.0,1.0
231,33,17,5.385164807134504,0.0,474,1.0,1.2409673646009977e-05,0.003586132268219211,0,,,,60,0.0,1.0
232,94,17,5.385164807134504,0.0,464,1.0,1.3928388277182107e-05,0.004508472657304151,0,,,,60,0.0,1.0
233,30,17,5.290658614920568,0.0,475,1.0,1.2409673646030106e-05,0.005284561765736754,0,,,,60,0.0,1.0
234,96,17,5.385164807134504,0.0,458,1.0,1.0723805294805392e-05,0.0035350786246382605,0,,,,60,0.0,1.0
235,29,17,5.385164807134504,0.0,471,1.0,1.1789826122535137e-05,0.0036972022808203766,0,,,,60,0.0,1.0
236,123,17,5.385164807134504,0.0,466,1.0,1.9000000000026307e-05,0.005518538719594639,0,,,,60,0.0,1.0
237,97,17,5.385164807134504,0.0,473,1.0,2.310844001656736e-05,0.008119829065468211,0,,,,60,0.0,1.0
238,0,17,,,473,1.0,1.1045361017220923e-05,0.003664440252468301,0,,,,60,0.0,1.0
239,28,17,5.385164807134504,0.0,473,1.0,1.2569805089982482e-05,0.004038506380516195,0,,,,59,0.0,1.0
240,103,17,5.385164807134504,0.0,471,1.0,9.433981132086634e-06,0.004729902918353265,0,,,,60,0.0,1.0
241,27,17,5.385164807134504,0.0,459,1.0,6.708203932526765e-06,0.0033934391124476023,0,,,,60,0.0,1.0
242,105,17,5.385164807134504,0.0,442,1.0,9.43398113206604e-06,0.002299483002336151,0,,,,60,0.0,1.0
243,23,17,5.385164807134504,0.0,439,1.0,1.0816653826402786e-05,0.0029831036909502523,0,,,,60,0.0,1.0
244,105,17,5.385164807134504,0.0,409,1.0,8.306623862902993e-06,0.00296786505375489,0,,,,60,0.0,1.0
245,0,17,,,390,1.0,8.062257748306612e-06,0.00240165358178604,0,,,,60,0.0,1.0
246,0,17,,,398,1.0,7.483314773555367e-06,0.00235508844761922,0,,,,60,0.0,1.0
247,21,17,5.385164807134504,0.0,472,1.0,5.38516480713989e-06,0.0020193210550875948,0,,,,60,0.0,1.0
248,48,17,5.385164807134504,0.0,168,1.0,5.099019513603328e-06,0.0018378984420869924,0,,,,23,0.0,1.0
