phase,led0,camera,rows,mean_matched,matched_mask_distribution,assigned_mask_distribution,led_0_matched_fraction,led_1_matched_fraction,led_2_matched_fraction,led_3_matched_fraction,led_4_matched_fraction,led_5_matched_fraction,led_6_matched_fraction,led_7_matched_fraction,led_8_matched_fraction,led_9_matched_fraction,led_10_matched_fraction,led_11_matched_fraction,led_12_matched_fraction,led_13_matched_fraction,led_14_matched_fraction,led_15_matched_fraction,led_16_matched_fraction
-1,-1,0,1,0.0,"{""0x0"": 1}","{""0x1ffff"": 1}",0.0,0.0,0.0,0.0,0.0,0.0,0.0,0.0,0.0,0.0,0.0,0.0,0.0,0.0,0.0,0.0,0.0
-1,-1,1,1,0.0,"{""0x0"": 1}","{""0x1ffff"": 1}",0.0,0.0,0.0,0.0,0.0,0.0,0.0,0.0,0.0,0.0,0.0,0.0,0.0,0.0,0.0,0.0,0.0
-1,-1,2,1,0.0,"{""0x0"": 1}","{""0x1ffff"": 1}",0.0,0.0,0.0,0.0,0.0,0.0,0.0,0.0,0.0,0.0,0.0,0.0,0.0,0.0,0.0,0.0,0.0
-1,-1,3,1,0.0,"{""0x0"": 1}","{""0x1ffff"": 1}",0.0,0.0,0.0,0.0,0.0,0.0,0.0,0.0,0.0,0.0,0.0,0.0,0.0,0.0,0.0,0.0,0.0
0,255,0,22,0.0,"{""0x0"": 22}","{""0x1ffff"": 22}",0.0,0.0,0.0,0.0,0.0,0.0,0.0,0.0,0.0,0.0,0.0,0.0,0.0,0.0,0.0,0.0,0.0
0,255,1,22,0.0,"{""0x0"": 22}","{""0x1ffff"": 22}",0.0,0.0,0.0,0.0,0.0,0.0,0.0,0.0,0.0,0.0,0.0,0.0,0.0,0.0,0.0,0.0,0.0
0,255,2,22,0.0,"{""0x0"": 22}","{""0x1ffff"": 22}",0.0,0.0,0.0,0.0,0.0,0.0,0.0,0.0,0.0,0.0,0.0,0.0,0.0,0.0,0.0,0.0,0.0
0,255,3,22,0.0,"{""0x0"": 22}","{""0x1ffff"": 22}",0.0,0.0,0.0,0.0,0.0,0.0,0.0,0.0,0.0,0.0,0.0,0.0,0.0,0.0,0.0,0.0,0.0
1,255,0,5213,3.611931709188567,"{""0x0"": 2178, ""0x7c60"": 197, ""0x7c40"": 257, ""0x7060"": 779, ""0x7040"": 248, ""0x5040"": 3, ""0x5060"": 21, ""0x5048"": 2, ""0x5068"": 20, ""0x7068"": 1, ""0x7840"": 5, ""0x7e40"": 445, ""0x7ec0"": 344, ""0x7cc0"": 2, ""0x7e80"": 6, ""0x7fc0"": 10, ""0x1f82"": 470, ""0xf82"": 3, ""0x1f80"": 1, ""0x3f80"": 2, ""0x7f80"": 11, ""0x7f81"": 8, ""0x7f01"": 12, ""0x17f01"": 2, ""0x13e01"": 1, ""0x1be01"": 3, ""0x1bc01"": 1, ""0x1a801"": 1, ""0x1a020"": 1, ""0x8060"": 1, ""0x60"": 4, ""0x70"": 7, ""0x6040"": 2, ""0x7860"": 7, ""0x7e60"": 21, ""0x7e41"": 18, ""0x7f00"": 3, ""0x7e00"": 35, ""0x5440"": 1, ""0x5460"": 1, ""0x1440"": 1, ""0x1400"": 9, ""0x3400"": 1, ""0x7440"": 3, ""0x7c41"": 1, ""0x17e41"": 10, ""0x7800"": 2, ""0x7801"": 1, ""0x7e01"": 18, ""0x17e40"": 1, ""0x17e00"": 1, ""0x1fe41"": 1, ""0x1fe61"": 2, ""0x17e61"": 1, ""0x17c61"": 1, ""0x6060"": 5, ""0x4060"": 1, ""0x7460"": 14, ""0x7468"": 1, ""0x7478"": 5}","{""0x1ffff"": 2166, ""0x0"": 12, ""0x7c60"": 205, ""0x7c40"": 230, ""0x7060"": 797, ""0x7040"": 225, ""0x5040"": 3, ""0x5060"": 4, ""0x5068"": 37, ""0x5048"": 2, ""0x7068"": 6, ""0x7840"": 5, ""0x7e40"": 432, ""0x7ec0"": 330, ""0x7cc0"": 2, ""0x7e60"": 56, ""0x7e80"": 4, ""0x7f80"": 11, ""0x7fc0"": 28, ""0x1f82"": 470, ""0xf82"": 3, ""0x1f80"": 1, ""0x3f80"": 2, ""0x7f81"": 8, ""0x7f01"": 20, ""0x17f01"": 2, ""0x13e01"": 1, ""0x1be01"": 3, ""0x1bc01"": 1, ""0x1a801"": 1, ""0x1a020"": 1, ""0x8060"": 1, ""0x60"": 4, ""0x70"": 7, ""0x6040"": 2, ""0x7860"": 6, ""0x7e41"": 19, ""0x7f00"": 12, ""0x7e00"": 19, ""0x5440"": 1, ""0x5460"": 1, ""0x1440"": 1, ""0x1400"": 9, ""0x3400"": 1, ""0x7440"": 3, ""0x7c41"": 1, ""0x17e41"": 10, ""0x7800"": 2, ""0x7801"": 1, ""0x7e01"": 16, ""0x17e00"": 1, ""0x17e01"": 1, ""0x1fe41"": 2, ""0x1fe61"": 2, ""0x17e61"": 1, ""0x17c61"": 1, ""0x6060"": 5, ""0x4060"": 1, ""0x7460"": 2, ""0x7470"": 5, ""0x7478"": 7, ""0x7468"": 1}",0.015538077882217532,0.09073470170727028,0.0,0.005563015538077882,0.002301937464032227,0.20909265298292729,0.4686361020525609,0.16439670055630157,0.10013427968540188,0.2741223863418377,0.3690773067331671,0.3652407442931134,0.5774026472280837,0.47765202378668714,0.48513332054479186,0.0019182812200268559,0.004987531172069825
1,255,1,5213,3.5935162094763093,"{""0x0"": 2172, ""0x7c60"": 406, ""0x7460"": 30, ""0x7470"": 100, ""0x7060"": 788, ""0x7078"": 36, ""0x7068"": 18, ""0x7070"": 43, ""0x7040"": 21, ""0x5060"": 12, ""0x5068"": 31, ""0x5078"": 94, ""0x507a"": 32, ""0x407a"": 2, ""0x5070"": 8, ""0x7840"": 13, ""0x7ce0"": 2, ""0x7c40"": 374, ""0x7e40"": 332, ""0x7ec0"": 8, ""0x7cc0"": 9, ""0x1f80"": 300, ""0x1f82"": 86, ""0x5f80"": 56, ""0x5f82"": 30, ""0x7f80"": 13, ""0x3f80"": 1, ""0x7f01"": 3, ""0x7e01"": 5, ""0x17e41"": 3, ""0x1fc60"": 2, ""0x1fc61"": 1, ""0x1f861"": 1, ""0x1f860"": 1, ""0xf860"": 2, ""0x7860"": 11, ""0x7c70"": 1, ""0x7478"": 15, ""0x5460"": 2, ""0x1460"": 1, ""0x420"": 1, ""0x7e60"": 94, ""0x7e41"": 7, ""0x7fc0"": 2, ""0x7f40"": 1, ""0x7e00"": 4, ""0x7c00"": 1, ""0x6060"": 3, ""0x6070"": 2, ""0x4070"": 8, ""0x1070"": 1, ""0x1030"": 2, ""0x30"": 1, ""0x10"": 2, ""0x60"": 2, ""0x4060"": 1, ""0x7c41"": 4, ""0x17c40"": 1, ""0x17c41"": 1, ""0x17c61"": 1, ""0x17c60"": 1, ""0x460"": 1, ""0x7468"": 5, ""0x5478"": 2}","{""0x1ffff"": 2166, ""0x7c60"": 351, ""0x7460"": 13, ""0x7470"": 114, ""0x7c70"": 2, ""0x7060"": 781, ""0x7068"": 18, ""0x7078"": 50, ""0x7070"": 47, ""0x7040"": 10, ""0x5068"": 22, ""0x5060"": 11, ""0x5078"": 102, ""0x507a"": 33, ""0x407a"": 2, ""0x5070"": 8, ""0x7840"": 11, ""0x7860"": 13, ""0x7ce0"": 2, ""0x7e40"": 316, ""0x7c40"": 228, ""0x7ec0"": 16, ""0x7cc0"": 20, ""0x1f80"": 140, ""0x1f82"": 62, ""0x5f82"": 138, ""0x5f80"": 132, ""0x7f80"": 12, ""0x7f01"": 3, ""0x7e01"": 5, ""0x17e41"": 3, ""0x1fc60"": 2, ""0x1fc61"": 1, ""0x1f861"": 1, ""0x1f860"": 1, ""0xf860"": 2, ""0x7478"": 22, ""0x5460"": 2, ""0x1460"": 1, ""0x420"": 1, ""0x7e60"": 288, ""0x7e41"": 9, ""0x7fc0"": 4, ""0x7f40"": 2, ""0x7e00"": 4, ""0x7c00"": 1, ""0x6060"": 3, ""0x6070"": 2, ""0x4070"": 8, ""0x1070"": 1, ""0x1030"": 2, ""0x30"": 1, ""0x10"": 3, ""0x0"": 5, ""0x60"": 2, ""0x4060"": 1, ""0x7c41"": 3, ""0x17c41"": 2, ""0x17c40"": 1, ""0x17c61"": 2, ""0x460"": 1, ""0x7468"": 1, ""0x5478"": 3}",0.004987531172069825,0.02877421830040284,0.0,0.04507960867063111,0.06694801457893727,0.3383848072127374,0.4864761173988107,0.09725685785536159,0.09437943602532131,0.18127757529253788,0.36562440053711875,0.3408785727987723,0.5789372722041051,0.4538653366583541,0.507001726453098,0.001342796854018799,0.002301937464032227
1,255,2,5213,3.253788605409553,"{""0x0"": 2337, ""0x7e60"": 75, ""0x7c60"": 174, ""0x7e40"": 543, ""0x7c40"": 20, ""0x7060"": 803, ""0x7040"": 251, ""0x7840"": 26, ""0x7ec0"": 2, ""0x3e80"": 90, ""0x3e00"": 15, ""0x7e80"": 129, ""0x7e00"": 206, ""0xf82"": 324, ""0x1f82"": 130, ""0xf80"": 9, ""0x1f80"": 7, ""0x382"": 2, ""0x180"": 1, ""0x301"": 3, ""0xf01"": 2, ""0x3f01"": 1, ""0x3f00"": 2, ""0x3f80"": 1, ""0x7f00"": 6, ""0x701"": 1, ""0xe01"": 1, ""0xe00"": 1, ""0x1e00"": 1, ""0x3c00"": 1, ""0x7c00"": 4, ""0x7800"": 1, ""0xf800"": 2, ""0x17840"": 1, ""0x1f841"": 2, ""0x1f840"": 1, ""0x1f801"": 1, ""0x1b800"": 1, ""0x1a801"": 5, ""0x18201"": 8, ""0x10a01"": 2, ""0x10e01"": 2, ""0xc01"": 4, ""0xc00"": 2, ""0x400"": 1, ""0x7460"": 5, ""0x7470"": 6, ""0x7478"": 1}","{""0x1ffff"": 2166, ""0x7e60"": 86, ""0x7c60"": 170, ""0x7e40"": 539, ""0x7c40"": 20, ""0x7060"": 804, ""0x7040"": 250, ""0x7840"": 26, ""0x7ec0"": 4, ""0x3e80"": 102, ""0x3e00"": 3, ""0x7e80"": 253, ""0x7e00"": 80, ""0xf82"": 319, ""0x1f82"": 138, ""0xf80"": 9, ""0x1f80"": 4, ""0x382"": 2, ""0x180"": 1, ""0x0"": 171, ""0x301"": 3, ""0xf01"": 2, ""0x3f01"": 1, ""0x3f00"": 2, ""0x3f80"": 1, ""0x7f80"": 4, ""0x7f00"": 2, ""0x701"": 1, ""0xe01"": 1, ""0xe00"": 1, ""0x1e00"": 1, ""0x3c00"": 1, ""0x7c00"": 4, ""0x7800"": 1, ""0xf800"": 2, ""0x17840"": 1, ""0x1f841"": 2, ""0x1f840"": 1, ""0x1f801"": 1, ""0x1b800"": 1, ""0x1b801"": 1, ""0x1a801"": 4, ""0x18201"": 8, ""0x10a01"": 2, ""0x10e01"": 2, ""0xc01"": 5, ""0xc00"": 2, ""0x7460"": 2, ""0x7470"": 4, ""0x7478"": 3}",0.006138499904085939,0.08747362363322463,0.0,0.0001918281220026856,0.001342796854018799,0.20410512181085746,0.36639171302512946,0.13332054479186647,0.09380395165931325,0.29982735469019756,0.3387684634567428,0.34413965087281795,0.48110492998273546,0.45559178975637826,0.43333972760406675,0.0038365624400537117,0.004412046806061769
1,255,3,5213,2.3011701515442162,"{""0x0"": 3376, ""0x6040"": 4, ""0x7040"": 31, ""0x4040"": 3, ""0x40"": 1, ""0x60"": 21, ""0x20"": 4, ""0x4060"": 5, ""0x5060"": 3, ""0x7068"": 1, ""0x5068"": 7, ""0x7060"": 28, ""0x7840"": 3, ""0x7860"": 6, ""0x7c40"": 395, ""0x7c60"": 615, ""0x7e40"": 44, ""0xf80"": 1, ""0x1f80"": 178, ""0x5f80"": 161, ""0x7f80"": 138, ""0x7f01"": 2, ""0x7e01"": 2, ""0x7e41"": 48, ""0x7c41"": 4, ""0x16061"": 1, ""0x1c060"": 1, ""0x8060"": 3, ""0x6060"": 1, ""0x7e00"": 5, ""0xf860"": 3, ""0x1f860"": 19, ""0x1f060"": 3, ""0x1e060"": 3, ""0x1e070"": 6, ""0xe070"": 8, ""0x6070"": 2, ""0x4070"": 10, ""0x70"": 11, ""0xc060"": 3, ""0xe060"": 5, ""0x17e41"": 6, ""0x17c41"": 5, ""0x17841"": 2, ""0x1f861"": 1, ""0x17861"": 5, ""0xe860"": 1, ""0x7460"": 8, ""0x7070"": 4, ""0x7470"": 2, ""0x7078"": 10, ""0x5078"": 4}","{""0x1ffff"": 2166, ""0x0"": 1210, ""0x6040"": 4, ""0x7040"": 31, ""0x4040"": 3, ""0x40"": 1, ""0x60"": 22, ""0x20"": 3, ""0x4060"": 5, ""0x5060"": 3, ""0x7068"": 1, ""0x5068"": 7, ""0x7060"": 28, ""0x7840"": 3, ""0x7860"": 6, ""0x7c40"": 395, ""0x7c60"": 615, ""0x7e40"": 44, ""0xf80"": 1, ""0x1f80"": 178, ""0x5f80"": 161, ""0x7f80"": 138, ""0x7f01"": 2, ""0x7e01"": 2, ""0x7e41"": 48, ""0x7c41"": 4, ""0x16061"": 1, ""0x1c060"": 1, ""0x8060"": 3, ""0x6060"": 1, ""0x7e00"": 5, ""0xf860"": 3, ""0x1f860"": 19, ""0x1f060"": 3, ""0x1e060"": 3, ""0x1e070"": 6, ""0xe070"": 8, ""0x6070"": 2, ""0x4070"": 10, ""0x70"": 11, ""0xc060"": 3, ""0xe060"": 5, ""0x17e41"": 6, ""0x17c41"": 5, ""0x17841"": 2, ""0x1f861"": 1, ""0x17861"": 5, ""0xe860"": 1, ""0x7460"": 8, ""0x7070"": 4, ""0x7470"": 2, ""0x7078"": 10, ""0x5078"": 4}",0.014578937272204105,0.0,0.0,0.004220218684059083,0.010934202954153078,0.1542298100901592,0.25820065221561483,0.09169384231728371,0.09207749856128908,0.11221945137157108,0.30961058891233456,0.3153654325724151,0.334356416650681,0.27258776136581625,0.31037790140034527,0.010742374832150393,0.00997506234413965
2,5,0,59,6.47457627118644,"{""0x1c070"": 2, ""0x18070"": 1, ""0x1e070"": 7, ""0x1a070"": 3, ""0x1f070"": 3, ""0xf060"": 2, ""0xf860"": 2, ""0x7060"": 2, ""0x7860"": 8, ""0x7c60"": 8, ""0x7870"": 1, ""0x7070"": 7, ""0xf070"": 7, ""0x7460"": 1, ""0x7c40"": 5}","{""0x1c070"": 2, ""0x18070"": 1, ""0x1e070"": 6, ""0x1a070"": 3, ""0x1f070"": 4, ""0xf060"": 2, ""0xf860"": 2, ""0x7060"": 2, ""0x7860"": 8, ""0x7c60"": 8, ""0x7870"": 1, ""0x7070"": 7, ""0xf070"": 7, ""0x7460"": 1, ""0x7c40"": 5}",0.0,0.0,0.0,0.0,0.5254237288135594,0.9152542372881356,1.0,0.0,0.0,0.0,0.23728813559322035,0.4067796610169492,0.7796610169491526,0.9491525423728814,0.9322033898305084,0.4576271186440678,0.2711864406779661
2,5,1,59,6.067796610169491,"{""0x8078"": 1, ""0x7c"": 1, ""0x74"": 1, ""0x70"": 1, ""0x8070"": 1, ""0x18078"": 1, ""0x18070"": 3, ""0x1e070"": 8, ""0x1a070"": 1, ""0xf070"": 13, ""0x1f070"": 1, ""0xf060"": 4, ""0x7060"": 9, ""0xf860"": 1, ""0x7870"": 1, ""0x7070"": 6, ""0xe070"": 4, ""0x7460"": 1, ""0x7860"": 1}","{""0x8078"": 1, ""0x7c"": 1, ""0x74"": 1, ""0x70"": 1, ""0x8070"": 1, ""0x18078"": 1, ""0x18070"": 3, ""0x1e070"": 7, ""0x1a070"": 1, ""0x1f070"": 2, ""0xf070"": 14, ""0xf060"": 3, ""0x7060"": 8, ""0xf860"": 1, ""0x7870"": 1, ""0x7070"": 6, ""0xe070"": 4, ""0x7860"": 2, ""0x7460"": 1}",0.0,0.0,0.03389830508474576,0.05084745762711865,0.7288135593220338,1.0,1.0,0.0,0.0,0.0,0.01694915254237288,0.05084745762711865,0.6271186440677966,0.847457627118644,0.8305084745762712,0.6440677966101694,0.23728813559322035
2,5,2,59,5.694915254237288,"{""0x1a070"": 1, ""0x1a071"": 2, ""0x1a061"": 1, ""0x1e061"": 4, ""0x1e041"": 2, ""0x16041"": 1, ""0x17841"": 3, ""0x17840"": 5, ""0x7800"": 5, ""0x7c00"": 10, ""0x7000"": 3, ""0x7040"": 4, ""0xf840"": 2, ""0xf040"": 1, ""0x7860"": 5, ""0xf860"": 3, ""0xfc60"": 1, ""0x7c40"": 2, ""0x7c60"": 2, ""0x17e41"": 1, ""0x17e01"": 1}","{""0x1a070"": 1, ""0x1a071"": 2, ""0x1a061"": 1, ""0x1e061"": 4, ""0x1e041"": 2, ""0x16041"": 1, ""0x17841"": 3, ""0x17840"": 5, ""0x7800"": 4, ""0x7c00"": 11, ""0x7000"": 3, ""0x7040"": 4, ""0xf840"": 2, ""0xf040"": 1, ""0xf860"": 6, ""0x7860"": 2, ""0xfc60"": 1, ""0x7c40"": 2, ""0x7c60"": 2, ""0x17e41"": 1, ""0x17e01"": 1}",0.2542372881355932,0.0,0.0,0.0,0.05084745762711865,0.3220338983050847,0.6779661016949152,0.0,0.0,0.03389830508474576,0.288135593220339,0.6779661016949152,0.8135593220338984,1.0,0.9322033898305084,0.288135593220339,0.3559322033898305
2,5,3,59,6.864406779661017,"{""0x1807c"": 1, ""0x18038"": 1, ""0x18034"": 3, ""0x18074"": 1, ""0x18071"": 3, ""0x1a071"": 2, ""0x1e071"": 4, ""0x1e061"": 2, ""0x1e060"": 2, ""0x1f060"": 2, ""0x1f860"": 2, ""0xf860"": 5, ""0xf060"": 8, ""0xf070"": 13, ""0x1f070"": 8, ""0x1e070"": 2}","{""0x1807c"": 1, ""0x18038"": 1, ""0x18034"": 3, ""0x18074"": 1, ""0x18071"": 3, ""0x1a071"": 2, ""0x1e071"": 4, ""0x1e061"": 2, ""0x1e060"": 2, ""0x1f060"": 2, ""0x1f860"": 2, ""0xf860"": 5, ""0xf060"": 8, ""0xf070"": 13, ""0x1f070"": 8, ""0x1e070"": 2}",0.1864406779661017,0.0,0.0847457627118644,0.03389830508474576,0.6440677966101694,1.0,0.9322033898305084,0.0,0.0,0.0,0.0,0.11864406779661017,0.6440677966101694,0.847457627118644,0.8135593220338984,1.0,0.559322033898305
2,10,0,1198,6.883138564273789,"{""0x1f82"": 1134, ""0x1f80"": 3, ""0x180"": 2, ""0x380"": 1, ""0x780"": 2, ""0x1780"": 1, ""0x3f80"": 1, ""0x7f80"": 6, ""0x7f00"": 1, ""0x7f01"": 3, ""0x3f01"": 4, ""0x13f01"": 2, ""0x11f01"": 7, ""0x10f01"": 2, ""0xb01"": 1, ""0x301"": 8, ""0x701"": 1, ""0x101"": 9, ""0x0"": 1, ""0x10101"": 4, ""0x100"": 3, ""0x7e40"": 2}","{""0x1f82"": 1134, ""0x1f80"": 3, ""0x180"": 2, ""0x380"": 1, ""0x780"": 2, ""0x1780"": 1, ""0x3f80"": 1, ""0x7f80"": 6, ""0x7f00"": 1, ""0x7f01"": 3, ""0x3f01"": 4, ""0x13f01"": 2, ""0x11f01"": 7, ""0x10f01"": 2, ""0xb01"": 1, ""0x301"": 8, ""0x701"": 1, ""0x101"": 9, ""0x0"": 1, ""0x10101"": 4, ""0x100"": 3, ""0x7e40"": 2}",0.034223706176961605,0.9465776293823038,0.0,0.0,0.0,0.0,0.001669449081803005,0.9599332220367279,0.9974958263772955,0.9841402337228714,0.9757929883138564,0.9732888146911519,0.9716193656093489,0.015859766277128547,0.01001669449081803,0.0,0.012520868113522538
2,10,1,1198,6.709515859766277,"{""0x1f80"": 403, ""0x1f82"": 489, ""0x5f82"": 86, ""0x5f80"": 159, ""0x1b82"": 1, ""0x180"": 2, ""0x380"": 1, ""0x780"": 3, ""0x7f80"": 1, ""0x7e80"": 3, ""0x7e00"": 9, ""0x7e01"": 4, ""0x17e01"": 1, ""0x17a01"": 4, ""0x1fa01"": 1, ""0x1bb01"": 4, ""0x12a01"": 1, ""0x1ab01"": 23, ""0x1aa01"": 1, ""0x7c40"": 2}","{""0x1f80"": 58, ""0x1f82"": 62, ""0x5f82"": 663, ""0x5f80"": 354, ""0x5b82"": 1, ""0x180"": 2, ""0x380"": 1, ""0x780"": 3, ""0x7f80"": 1, ""0x7e80"": 3, ""0x7e00"": 9, ""0x7e01"": 4, ""0x17e01"": 1, ""0x17a01"": 3, ""0x1fa01"": 2, ""0x1bb01"": 4, ""0x12a01"": 1, ""0x1ab01"": 23, ""0x1aa01"": 1, ""0x7c40"": 2}",0.0325542570951586,0.48080133555926546,0.0,0.0,0.0,0.0,0.001669449081803005,0.9582637729549248,0.9782971619365609,0.996661101836394,0.9682804674457429,0.994991652754591,0.9741235392320534,0.045075125208681135,0.22537562604340566,0.024207011686143573,0.02921535893155259
2,10,2,1198,5.903171953255426,"{""0x1f82"": 127, ""0xf82"": 1000, ""0xf80"": 4, ""0x1f80"": 5, ""0x7f80"": 6, ""0x3f80"": 2, ""0x7f01"": 3, ""0x6f01"": 1, ""0x2b01"": 1, ""0x301"": 2, ""0x10301"": 1, ""0x10101"": 1, ""0x10001"": 4, ""0x0"": 39, ""0x7e40"": 2}","{""0x1f82"": 164, ""0xf82"": 964, ""0xf80"": 4, ""0x1f80"": 4, ""0x7f80"": 6, ""0x3f80"": 2, ""0x7f01"": 3, ""0x6f01"": 1, ""0x2b01"": 1, ""0x301"": 2, ""0x10301"": 1, ""0x10101"": 1, ""0x10001"": 4, ""0x0"": 39, ""0x7e40"": 2}",0.010851419031719533,0.9407345575959933,0.0,0.0,0.0,0.0,0.001669449081803005,0.9549248747913188,0.9624373956594324,0.9632721202003339,0.9599332220367279,0.9607679465776294,0.12103505843071787,0.012520868113522538,0.01001669449081803,0.0,0.005008347245409015
2,10,3,1198,7.169449081803005,"{""0x5f80"": 712, ""0x1f80"": 4, ""0x7f80"": 420, ""0x7e80"": 2, ""0x7ec0"": 1, ""0x7e40"": 10, ""0x7c40"": 3, ""0x7840"": 3, ""0x7841"": 1, ""0x17841"": 2, ""0x17801"": 1, ""0x1f801"": 3, ""0x1e801"": 1, ""0x18001"": 8, ""0x18000"": 3, ""0x0"": 22, ""0x7c60"": 1, ""0x7860"": 1}","{""0x5f80"": 712, ""0x1f80"": 4, ""0x7f80"": 420, ""0x7e80"": 2, ""0x7ec0"": 1, ""0x7e40"": 10, ""0x7c40"": 3, ""0x7840"": 3, ""0x7841"": 1, ""0x17841"": 2, ""0x17801"": 1, ""0x1f801"": 3, ""0x1e801"": 1, ""0x18001"": 8, ""0x18000"": 3, ""0x0"": 22, ""0x7c60"": 1, ""0x7860"": 1}",0.01335559265442404,0.0,0.0,0.0,0.0,0.001669449081803005,0.018363939899833055,0.9507512520868113,0.9482470784641068,0.9590984974958264,0.9624373956594324,0.9724540901502504,0.9716193656093489,0.3747913188647746,0.9691151919866444,0.012520868113522538,0.015025041736227046
2,12,0,2452,6.401712887438825,"{""0x7e80"": 6, ""0x7e00"": 1, ""0x7ec0"": 1174, ""0x7e40"": 587, ""0x7fc0"": 48, ""0x7f80"": 58, ""0x7f40"": 3, ""0x7c40"": 141, ""0x7cc0"": 1, ""0x1f80"": 2, ""0x1f82"": 19, ""0xf82"": 24, ""0x3f80"": 1, ""0xf80"": 2, ""0x780"": 1, ""0x380"": 5, ""0x180"": 25, ""0x0"": 354}","{""0x7e80"": 3, ""0x7f00"": 1, ""0x7fc0"": 71, ""0x7e40"": 585, ""0x7f80"": 55, ""0x7f40"": 3, ""0x7ec0"": 1159, ""0x7cc0"": 2, ""0x1f80"": 2, ""0x1f82"": 27, ""0xf82"": 16, ""0x7c40"": 140, ""0x3f80"": 1, ""0xf80"": 2, ""0x780"": 1, ""0x380"": 5, ""0x180"": 25, ""0x0"": 8, ""0x1ffff"": 346}",0.0,0.017536704730831975,0.0,0.0,0.0,0.0,0.7969004893964111,0.5570962479608483,0.0766721044045677,0.7875203915171288,0.8433931484502447,0.8429853181076672,0.8323817292006526,0.8238172920065253,0.8234094616639478,0.0,0.0
2,12,1,2452,5.771615008156607,"{""0x7e40"": 700, ""0x7c40"": 752, ""0x7ec0"": 40, ""0x7cc0"": 62, ""0x7e80"": 3, ""0x7c60"": 229, ""0x7fc0"": 6, ""0x7f80"": 37, ""0x3f80"": 2, ""0x1f80"": 10, ""0x1f82"": 24, ""0xf82"": 8, ""0x7e60"": 203, ""0x5f80"": 2, ""0x780"": 4, ""0x380"": 1, ""0x180"": 17, ""0x5ec0"": 1, ""0x3e80"": 2, ""0xe80"": 3, ""0x0"": 346}","{""0x7e40"": 772, ""0x7c40"": 447, ""0x7ec0"": 51, ""0x7cc0"": 75, ""0x7e80"": 2, ""0x7c60"": 77, ""0x7e60"": 564, ""0x7fc0"": 9, ""0x7f80"": 35, ""0x3f80"": 2, ""0x1f80"": 9, ""0x1f82"": 29, ""0xf82"": 4, ""0x5f80"": 2, ""0x780"": 4, ""0x380"": 1, ""0x180"": 17, ""0x5ec0"": 1, ""0x3e80"": 2, ""0xe80"": 3, ""0x1ffff"": 346}",0.0,0.013050570962479609,0.0,0.0,0.0,0.1761827079934747,0.8128058727569332,0.09053833605220228,0.04526916802610114,0.4265905383360522,0.8515497553017944,0.8499184339314845,0.8454323001631321,0.8303425774877651,0.8299347471451876,0.0,0.0
2,12,2,2452,5.688825448613377,"{""0x7fc0"": 11, ""0x7f40"": 3, ""0x7f80"": 71, ""0x7e80"": 638, ""0x7e00"": 577, ""0x3e80"": 26, ""0x3e00"": 8, ""0x3f80"": 26, ""0x3f00"": 1, ""0x7f00"": 2, ""0x1f80"": 3, ""0xf82"": 39, ""0xf80"": 8, ""0x7e40"": 659, ""0x380"": 1, ""0x300"": 1, ""0x0"": 374, ""0xf00"": 1, ""0x2f80"": 3}","{""0x7fc0"": 14, ""0x7f40"": 3, ""0x7f80"": 70, ""0x7e80"": 1118, ""0x7e00"": 97, ""0x3e80"": 29, ""0x3e00"": 5, ""0x3f80"": 27, ""0x1f80"": 2, ""0x1f82"": 1, ""0xf82"": 39, ""0xf80"": 7, ""0x7e40"": 659, ""0x2f80"": 4, ""0x380"": 1, ""0x300"": 1, ""0x0"": 28, ""0xf00"": 1, ""0x1ffff"": 346}",0.0,0.015905383360522024,0.0,0.0,0.0,0.0,0.27446982055464925,0.3368678629690049,0.06933115823817292,0.8474714518760196,0.8466557911908646,0.8466557911908646,0.8258564437194127,0.8258564437194127,0.7997553017944535,0.0,0.0
2,12,3,2452,5.533442088091354,"{""0x7c40"": 1126, ""0x7e40"": 68, ""0x7c60"": 778, ""0x7f40"": 3, ""0x7f80"": 33, ""0x1f80"": 28, ""0xf80"": 11, ""0x3f80"": 2, ""0x6c60"": 21, ""0x6c40"": 3, ""0x7f00"": 5, ""0x7e80"": 15, ""0x5e80"": 5, ""0x7ec0"": 6, ""0x7e00"": 1, ""0x0"": 347}","{""0x7c40"": 1126, ""0x7e40"": 68, ""0x7c60"": 778, ""0x7f40"": 4, ""0x7f80"": 33, ""0x1f80"": 28, ""0xf80"": 11, ""0x3f80"": 2, ""0x6c60"": 21, ""0x6c40"": 3, ""0x7f00"": 4, ""0x7e80"": 15, ""0x5e80"": 5, ""0x7ec0"": 6, ""0x7e00"": 1, ""0x0"": 1, ""0x1ffff"": 346}",0.0,0.0,0.0,0.0,0.0,0.32585644371941275,0.817699836867863,0.040783034257748776,0.033442088091353996,0.07218597063621533,0.8584828711256117,0.8584828711256117,0.8442088091353996,0.8405383360522023,0.8417618270799347,0.0,0.0
2,14,0,4914,5.03052503052503,"{""0x7060"": 2086, ""0x5060"": 171, ""0x5078"": 95, ""0x5068"": 246, ""0x5070"": 77, ""0x5050"": 7, ""0x5058"": 1, ""0x7840"": 4, ""0x7040"": 900, ""0x7070"": 43, ""0x7470"": 9, ""0x7460"": 6, ""0x7c40"": 231, ""0x7e40"": 628, ""0x7ec0"": 29, ""0x7e80"": 4, ""0x7fc0"": 8, ""0x2c00"": 1, ""0x3c00"": 2, ""0x3800"": 1, ""0x2800"": 1, ""0x2000"": 1, ""0x0"": 192, ""0x18800"": 2, ""0x18801"": 1, ""0x19801"": 1, ""0x19c01"": 1, ""0x1be01"": 1, ""0x13e01"": 3, ""0x17e01"": 25, ""0x17f01"": 6, ""0x1ff01"": 1, ""0x1bf01"": 6, ""0x7c00"": 3, ""0x7800"": 1, ""0x17841"": 1, ""0x17c01"": 1, ""0xfa01"": 1, ""0x1fa01"": 10, ""0x1f841"": 7, ""0x1e801"": 2, ""0x1f801"": 1, ""0x1f861"": 9, ""0x1e861"": 2, ""0x1e841"": 1, ""0x1fa41"": 2, ""0x1fb01"": 2, ""0x1bb01"": 4, ""0x13f01"": 5, ""0x3f01"": 2, ""0x7f01"": 1, ""0x4060"": 2, ""0x6060"": 2, ""0x7860"": 2, ""0x7c60"": 2, ""0x7c20"": 1, ""0xbc00"": 3, ""0x3e00"": 5, ""0x3e01"": 1, ""0x7e00"": 1, ""0x7f00"": 2, ""0x7f80"": 34, ""0x7cc0"": 1, ""0x7f40"": 1, ""0x3f80"": 12}","{""0x7060"": 2323, ""0x5068"": 292, ""0x5070"": 36, ""0x5078"": 216, ""0x5060"": 45, ""0x5058"": 6, ""0x5050"": 2, ""0x7860"": 4, ""0x7040"": 596, ""0x7070"": 110, ""0x7470"": 13, ""0x7460"": 2, ""0x7840"": 2, ""0x7c40"": 229, ""0x7e40"": 627, ""0x7ec0"": 27, ""0x7e80"": 4, ""0x7fc0"": 10, ""0x2c00"": 1, ""0x3c00"": 2, ""0x3800"": 1, ""0x2800"": 1, ""0x2000"": 1, ""0x0"": 12, ""0x18800"": 2, ""0x18801"": 1, ""0x19801"": 1, ""0x19c01"": 1, ""0x1be01"": 1, ""0x13e01"": 3, ""0x17e01"": 24, ""0x17f01"": 7, ""0x1ff01"": 2, ""0x1bf01"": 6, ""0x7c00"": 3, ""0x7a00"": 1, ""0x17841"": 1, ""0x1fa01"": 11, ""0x1f841"": 7, ""0x1e801"": 2, ""0x1f801"": 1, ""0x1f861"": 10, ""0x1e861"": 1, ""0x1e841"": 1, ""0x1fa41"": 2, ""0x1fb01"": 2, ""0x1bb01"": 4, ""0x13f01"": 5, ""0x3f01"": 2, ""0x7f01"": 1, ""0x1ffff"": 180, ""0x4060"": 2, ""0x6060"": 2, ""0x7c60"": 2, ""0x7c20"": 1, ""0xbc00"": 3, ""0x3e00"": 5, ""0x3e01"": 1, ""0x7e00"": 1, ""0x7f00"": 2, ""0x7f80"": 34, ""0x7cc0"": 1, ""0x7f40"": 4, ""0x3f80"": 12}",0.01973951973951974,0.0,0.0,0.0695970695970696,0.04721204721204721,0.5602360602360602,0.9306064306064306,0.01790801790801791,0.017094017094017096,0.16157916157916158,0.21082621082621084,0.21896621896621896,0.9578754578754579,0.838013838013838,0.9501424501424501,0.0115995115995116,0.01912901912901913
2,14,1,4914,5.491045991045991,"{""0x7070"": 429, ""0x7060"": 2545, ""0x407a"": 452, ""0x4078"": 15, ""0x7a"": 2, ""0x507a"": 128, ""0x7c60"": 408, ""0x7860"": 23, ""0x7040"": 11, ""0x7078"": 52, ""0x6070"": 1, ""0x5060"": 1, ""0x7068"": 5, ""0x7478"": 2, ""0x7470"": 2, ""0x7c40"": 313, ""0x7e40"": 77, ""0x7e60"": 126, ""0x7ec0"": 10, ""0x7c00"": 2, ""0x7840"": 6, ""0xf840"": 3, ""0x17841"": 1, ""0x7a40"": 1, ""0x17c00"": 1, ""0x17c41"": 1, ""0x17e41"": 11, ""0x1fe41"": 4, ""0x17e01"": 10, ""0x17f01"": 7, ""0x1ff01"": 4, ""0x1bf01"": 1, ""0xf860"": 1, ""0x1f860"": 3, ""0x17860"": 1, ""0x17840"": 1, ""0x1f840"": 1, ""0x1f841"": 4, ""0x1f861"": 6, ""0x17861"": 1, ""0x1fa01"": 2, ""0x1fa41"": 1, ""0x1fe01"": 11, ""0x7f01"": 1, ""0x7e01"": 1, ""0x7e00"": 3, ""0x0"": 180, ""0x5460"": 1, ""0x7e80"": 4, ""0x7cc0"": 5, ""0x7f00"": 1, ""0x7fc0"": 1, ""0x7f80"": 12, ""0x5f80"": 1, ""0x5e80"": 3, ""0x5ec0"": 6, ""0x56c0"": 3, ""0x54c0"": 4, ""0x5cc0"": 2}","{""0x7070"": 431, ""0x7060"": 2496, ""0x407a"": 443, ""0x4078"": 15, ""0x7a"": 2, ""0x507a"": 137, ""0x7c60"": 307, ""0x7860"": 24, ""0x7040"": 6, ""0x7068"": 17, ""0x7078"": 91, ""0x6070"": 1, ""0x5060"": 1, ""0x7478"": 4, ""0x7e60"": 422, ""0x7e40"": 54, ""0x7c40"": 141, ""0x7ec0"": 9, ""0x7c00"": 2, ""0x7840"": 5, ""0xf840"": 2, ""0x17841"": 1, ""0x7a40"": 2, ""0x17c00"": 1, ""0x17c41"": 1, ""0x1fe41"": 7, ""0x17e41"": 9, ""0x17e01"": 7, ""0x1fe01"": 13, ""0x1ff01"": 5, ""0x17f01"": 6, ""0x1bf01"": 1, ""0xf860"": 2, ""0x1f860"": 4, ""0x17840"": 1, ""0x1f840"": 1, ""0x1f841"": 4, ""0x1f861"": 6, ""0x17861"": 1, ""0x1fa01"": 2, ""0x1fa41"": 1, ""0x7f01"": 1, ""0x7e01"": 1, ""0x7e00"": 2, ""0x1ffff"": 180, ""0x5460"": 1, ""0x7e80"": 4, ""0x7cc0"": 5, ""0x7ce0"": 1, ""0x7fc0"": 2, ""0x7f00"": 1, ""0x7f80"": 12, ""0x5f80"": 1, ""0x5e80"": 3, ""0x5ec0"": 6, ""0x56c0"": 3, ""0x54c0"": 4, ""0x5cc0"": 2}",0.013431013431013432,0.11843711843711843,0.0,0.13349613349613348,0.22039072039072038,0.8555148555148555,0.9503459503459504,0.010378510378510378,0.005698005698005698,0.06125356125356125,0.21123321123321123,0.21998371998372,0.8677248677248677,0.8376068376068376,0.9627594627594628,0.008343508343508343,0.014448514448514449
2,14,2,4914,4.6424501424501425,"{""0x7060"": 2441, ""0x3000"": 47, ""0x7000"": 4, ""0x3040"": 81, ""0x7040"": 886, ""0x6060"": 13, ""0x2060"": 2, ""0x60"": 18, ""0x20"": 6, ""0x0"": 438, ""0x7860"": 1, ""0x7840"": 3, ""0x7c40"": 2, ""0x7e40"": 849, ""0x7fc0"": 8, ""0x7e00"": 2, ""0x7e80"": 1, ""0x7f80"": 27, ""0x7f00"": 4, ""0x3f80"": 5, ""0x2800"": 1, ""0x2000"": 1, ""0x17e01"": 1, ""0x1fa01"": 1, ""0x1be01"": 1, ""0x1ba01"": 2, ""0x18a01"": 2, ""0x18801"": 1, ""0x18001"": 22, ""0x18000"": 20, ""0x8000"": 5, ""0x10001"": 4, ""0x10101"": 1, ""0x7f40"": 2, ""0x7ec0"": 7, ""0x7e01"": 1, ""0x3e01"": 1, ""0x2a00"": 2, ""0x1"": 1}","{""0x7060"": 2441, ""0x3000"": 47, ""0x7000"": 4, ""0x3040"": 81, ""0x7040"": 886, ""0x6060"": 12, ""0x2060"": 2, ""0x60"": 18, ""0x20"": 6, ""0x0"": 258, ""0x6860"": 1, ""0x7860"": 1, ""0x7840"": 3, ""0x7c40"": 2, ""0x7e40"": 845, ""0x7fc0"": 8, ""0x7e00"": 1, ""0x7e80"": 2, ""0x7f80"": 29, ""0x3f80"": 5, ""0x2800"": 1, ""0x2000"": 1, ""0x17e01"": 1, ""0x1fa01"": 1, ""0x1be01"": 1, ""0x1ba01"": 2, ""0x18a01"": 2, ""0x18801"": 1, ""0x18001"": 22, ""0x18000"": 20, ""0x8000"": 5, ""0x10001"": 4, ""0x10101"": 1, ""0x1ffff"": 180, ""0x7f00"": 2, ""0x7f40"": 2, ""0x7ec0"": 11, ""0x7e01"": 1, ""0x3e01"": 1, ""0x2a00"": 2, ""0x1"": 1}",0.007733007733007733,0.0,0.0,0.0,0.0,0.5048840048840049,0.8776963776963776,0.009768009768009768,0.009564509564509565,0.18640618640618642,0.1853886853886854,0.18803418803418803,0.8907203907203908,0.8945868945868946,0.8654863654863655,0.01098901098901099,0.011192511192511193
2,14,3,4914,1.4802604802604802,"{""0x0"": 3838, ""0x7040"": 1, ""0x7840"": 2, ""0x7c40"": 38, ""0x7c60"": 796, ""0x3c40"": 2, ""0x3c60"": 11, ""0x3e40"": 1, ""0x7e40"": 35, ""0x7460"": 1, ""0x7060"": 8, ""0x7070"": 3, ""0x6070"": 3, ""0xe070"": 4, ""0xe060"": 1, ""0x1f060"": 6, ""0x1f860"": 7, ""0x1f861"": 5, ""0x1f841"": 3, ""0x1a041"": 2, ""0x18041"": 2, ""0x10041"": 14, ""0x14041"": 1, ""0x12041"": 1, ""0x12001"": 2, ""0x10001"": 1, ""0x18001"": 5, ""0x18000"": 1, ""0xf060"": 27, ""0x1b060"": 1, ""0x1f061"": 1, ""0x1b041"": 4, ""0x1f041"": 3, ""0x1f001"": 7, ""0x1b001"": 3, ""0x1f801"": 1, ""0x17801"": 3, ""0x17e01"": 1, ""0x7e01"": 1, ""0x60"": 2, ""0x6060"": 1, ""0xf860"": 2, ""0x7860"": 30, ""0x3860"": 3, ""0x3060"": 2, ""0x7fc0"": 7, ""0x7f80"": 3, ""0x7ec0"": 9, ""0x7e80"": 4, ""0x7cc0"": 5}","{""0x0"": 3658, ""0x7040"": 1, ""0x7840"": 2, ""0x7c40"": 38, ""0x7c60"": 796, ""0x3c40"": 2, ""0x3c60"": 11, ""0x3e40"": 1, ""0x7e40"": 35, ""0x7460"": 1, ""0x7060"": 8, ""0x7070"": 3, ""0x6070"": 3, ""0xe070"": 4, ""0xe060"": 1, ""0x1f060"": 6, ""0x1f860"": 7, ""0x1f861"": 5, ""0x1f841"": 3, ""0x1a041"": 2, ""0x18041"": 2, ""0x10041"": 14, ""0x14041"": 1, ""0x12041"": 1, ""0x12001"": 2, ""0x10001"": 1, ""0x18001"": 5, ""0x18000"": 1, ""0xf060"": 27, ""0x1b060"": 1, ""0x1f061"": 1, ""0x1b041"": 4, ""0x1f041"": 3, ""0x1f001"": 7, ""0x1b001"": 3, ""0x1f801"": 1, ""0x17801"": 3, ""0x17e01"": 1, ""0x7e01"": 1, ""0x1ffff"": 180, ""0x60"": 2, ""0x6060"": 1, ""0xf860"": 2, ""0x7860"": 30, ""0x3860"": 3, ""0x3060"": 2, ""0x7fc0"": 8, ""0x7f80"": 2, ""0x7ec0"": 9, ""0x7e80"": 4, ""0x7cc0"": 5}",0.01221001221001221,0.0,0.0,0.0,0.002035002035002035,0.185999185999186,0.21245421245421245,0.005698005698005698,0.002035002035002035,0.012413512413512413,0.185999185999186,0.19719169719169719,0.21082621082621084,0.21367521367521367,0.20736670736670737,0.017297517297517297,0.015059015059015059
2,17,0,121,3.2644628099173554,"{""0x100"": 2, ""0x0"": 39, ""0x280"": 3, ""0x680"": 3, ""0xe80"": 8, ""0xa80"": 1, ""0xe00"": 1, ""0x600"": 2, ""0x2c00"": 1, ""0x1bb01"": 1, ""0x1ab01"": 8, ""0x1aa01"": 4, ""0x1a801"": 6, ""0x1a001"": 14, ""0x18001"": 6, ""0x13b01"": 1, ""0x17f01"": 1, ""0x17e01"": 1, ""0x7e01"": 2, ""0x7e00"": 2, ""0x7e40"": 4, ""0x7c40"": 2, ""0x7c60"": 1, ""0x7060"": 1, ""0x7070"": 2, ""0xe070"": 1, ""0xc078"": 1, ""0xc070"": 1, ""0x8070"": 1, ""0x1c070"": 1}","{""0x100"": 2, ""0x0"": 39, ""0x280"": 3, ""0x680"": 3, ""0xe80"": 9, ""0xe00"": 1, ""0x600"": 2, ""0x2c00"": 1, ""0x1bb01"": 1, ""0x1ab01"": 8, ""0x1aa01"": 4, ""0x1a801"": 6, ""0x1a001"": 14, ""0x18001"": 6, ""0x13b01"": 1, ""0x17f01"": 1, ""0x17e01"": 1, ""0x7e01"": 2, ""0x7e00"": 2, ""0x7e40"": 4, ""0x7c40"": 2, ""0x7c60"": 1, ""0x7060"": 1, ""0x7070"": 2, ""0xe070"": 1, ""0xc078"": 1, ""0xc070"": 1, ""0x8070"": 1, ""0x1c070"": 1}",0.36363636363636365,0.0,0.0,0.008264462809917356,0.05785123966942149,0.0743801652892562,0.12396694214876033,0.12396694214876033,0.10743801652892562,0.34710743801652894,0.23140495867768596,0.36363636363636365,0.1487603305785124,0.4297520661157025,0.1652892561983471,0.36363636363636365,0.35537190082644626
2,17,1,121,6.107438016528926,"{""0x1bb01"": 3, ""0x13f01"": 2, ""0x17f01"": 2, ""0x7f01"": 6, ""0x7f80"": 9, ""0x7fc0"": 7, ""0x7ec0"": 11, ""0x3ec0"": 1, ""0x3e80"": 2, ""0x7e80"": 1, ""0x1e80"": 3, ""0xe80"": 1, ""0xe00"": 1, ""0x480"": 4, ""0x400"": 3, ""0xc00"": 1, ""0x1c00"": 3, ""0x3c00"": 1, ""0x7c00"": 2, ""0x1bf01"": 2, ""0x1ab01"": 6, ""0x1aa01"": 6, ""0x1a801"": 17, ""0x1a001"": 4, ""0x13a01"": 1, ""0x17e01"": 1, ""0x7e00"": 4, ""0x7e40"": 2, ""0x7c40"": 4, ""0x7440"": 1, ""0x7060"": 2, ""0x6070"": 1, ""0x4070"": 1, ""0x4078"": 1, ""0x78"": 1, ""0x8078"": 4}","{""0x1bb01"": 3, ""0x13f01"": 2, ""0x17f01"": 3, ""0x7f01"": 5, ""0x7f80"": 9, ""0x7fc0"": 7, ""0x7ec0"": 11, ""0x3ec0"": 1, ""0x3e80"": 2, ""0x7e80"": 1, ""0x1e80"": 3, ""0xe80"": 1, ""0xe00"": 1, ""0x480"": 4, ""0x400"": 3, ""0xc00"": 1, ""0x1c00"": 3, ""0x3c00"": 1, ""0x7c00"": 2, ""0x1ff01"": 1, ""0x1bf01"": 1, ""0x1ab01"": 6, ""0x1aa01"": 6, ""0x1a801"": 17, ""0x1a001"": 4, ""0x13a01"": 1, ""0x17e01"": 1, ""0x7e00"": 4, ""0x7e40"": 2, ""0x7c40"": 4, ""0x7440"": 1, ""0x7060"": 2, ""0x6070"": 1, ""0x4070"": 1, ""0x4078"": 1, ""0x78"": 1, ""0x8078"": 4}",0.4132231404958678,0.0,0.0,0.049586776859504134,0.06611570247933884,0.08264462809917356,0.2975206611570248,0.32231404958677684,0.30578512396694213,0.5867768595041323,0.6115702479338843,0.8181818181818182,0.5785123966942148,0.8099173553719008,0.45454545454545453,0.34710743801652894,0.36363636363636365
2,17,2,121,3.0991735537190084,"{""0x0"": 55, ""0xf00"": 1, ""0x2f00"": 1, ""0x3f80"": 1, ""0x3e80"": 1, ""0x7e80"": 5, ""0x7e40"": 16, ""0x7e60"": 1, ""0x7c60"": 2, ""0x7c40"": 12, ""0x7c00"": 5, ""0x7820"": 1, ""0x20"": 1, ""0x8000"": 1, ""0x18000"": 2, ""0x18001"": 4, ""0x14001"": 1, ""0x16000"": 1, ""0x6840"": 1, ""0x7860"": 1, ""0x7060"": 1, ""0xf060"": 1, ""0xe070"": 2, ""0x1e070"": 1, ""0x1a070"": 3}","{""0x0"": 55, ""0xf00"": 1, ""0x2f00"": 1, ""0x3f80"": 1, ""0x3e80"": 1, ""0x7e80"": 5, ""0x7e40"": 15, ""0x7ec0"": 1, ""0x7e60"": 1, ""0x7c60"": 2, ""0x7c40"": 12, ""0x7c00"": 5, ""0x7820"": 1, ""0x20"": 1, ""0x8000"": 1, ""0x18000"": 2, ""0x18001"": 4, ""0x14001"": 1, ""0x16000"": 1, ""0x6840"": 1, ""0x7860"": 1, ""0x7060"": 1, ""0xf060"": 1, ""0xe070"": 2, ""0x1e070"": 1, ""0x1a070"": 3}",0.04132231404958678,0.0,0.0,0.0,0.049586776859504134,0.11570247933884298,0.33884297520661155,0.05785123966942149,0.024793388429752067,0.21487603305785125,0.371900826446281,0.39669421487603307,0.3884297520661157,0.4628099173553719,0.4214876033057851,0.11570247933884298,0.09917355371900827
2,17,3,121,5.297520661157025,"{""0x18001"": 4, ""0x1c301"": 1, ""0x1ff01"": 1, ""0x17f01"": 3, ""0x7f01"": 3, ""0x7f00"": 3, ""0x7e00"": 5, ""0x7e80"": 2, ""0x7ec0"": 6, ""0x7e40"": 2, ""0x7cc0"": 8, ""0x7ce0"": 5, ""0x7c60"": 3, ""0x7460"": 5, ""0x7c40"": 6, ""0x7440"": 14, ""0x18000"": 3, ""0xa000"": 3, ""0x2000"": 6, ""0x0"": 3, ""0x2800"": 6, ""0xa800"": 2, ""0x1a800"": 1, ""0x1a801"": 9, ""0x1e801"": 1, ""0x1f801"": 1, ""0x1fa01"": 1, ""0x17e00"": 1, ""0x7060"": 3, ""0x7070"": 1, ""0x4070"": 2, ""0x4078"": 1, ""0x8078"": 3, ""0x807c"": 1, ""0x1807c"": 2}","{""0x18001"": 4, ""0x1c301"": 1, ""0x1ff01"": 1, ""0x17f01"": 3, ""0x7f01"": 3, ""0x7f00"": 3, ""0x7e00"": 5, ""0x7e80"": 1, ""0x7fc0"": 1, ""0x7ec0"": 6, ""0x7e40"": 2, ""0x7cc0"": 8, ""0x7ce0"": 5, ""0x7c60"": 3, ""0x7460"": 5, ""0x7c40"": 6, ""0x7440"": 14, ""0x18000"": 3, ""0xa000"": 3, ""0x2000"": 6, ""0x0"": 3, ""0x2800"": 6, ""0xa800"": 2, ""0x1a800"": 1, ""0x1a801"": 9, ""0x1e801"": 1, ""0x1f801"": 1, ""0x1fa01"": 1, ""0x17e00"": 1, ""0x7060"": 3, ""0x7070"": 1, ""0x4070"": 2, ""0x4078"": 1, ""0x8078"": 3, ""0x807c"": 1, ""0x1807c"": 2}",0.19834710743801653,0.0,0.024793388429752067,0.05785123966942149,0.08264462809917356,0.21487603305785125,0.512396694214876,0.17355371900826447,0.09090909090909091,0.23140495867768596,0.5537190082644629,0.5702479338842975,0.6033057851239669,0.8347107438016529,0.6446280991735537,0.2727272727272727,0.23140495867768596
2,255,0,793,6.720050441361916,"{""0x7c60"": 26, ""0x7cc0"": 1, ""0x7ec0"": 58, ""0x7fc0"": 12, ""0x5e80"": 1, ""0x7f80"": 2, ""0x7e80"": 7, ""0x7460"": 3, ""0x7060"": 143, ""0x7860"": 6, ""0x5060"": 1, ""0x7c40"": 55, ""0x7e40"": 85, ""0x7e60"": 35, ""0x7040"": 50, ""0x1f82"": 60, ""0x1f80"": 1, ""0x7468"": 2, ""0x7478"": 8, ""0x5478"": 17, ""0x7470"": 3, ""0x5470"": 2, ""0x4478"": 1, ""0x5078"": 3, ""0x4078"": 1, ""0x547a"": 10, ""0x5472"": 2, ""0x54fa"": 71, ""0x54da"": 75, ""0x548a"": 9, ""0x549a"": 1, ""0x54ca"": 22, ""0x44da"": 6, ""0x44fa"": 1, ""0x54c2"": 4, ""0x54c0"": 1, ""0x5480"": 1, ""0x1480"": 1, ""0x0"": 6}","{""0x7c60"": 27, ""0x7cc0"": 1, ""0x7ec0"": 59, ""0x7fc0"": 17, ""0x5fc0"": 1, ""0x7e80"": 3, ""0x7470"": 4, ""0x7070"": 5, ""0x7060"": 160, ""0x7860"": 7, ""0x5068"": 1, ""0x7e60"": 47, ""0x7e40"": 85, ""0x7c40"": 42, ""0x7040"": 27, ""0x1f82"": 60, ""0x1f80"": 1, ""0x7478"": 11, ""0x7468"": 1, ""0x5478"": 17, ""0x5470"": 1, ""0x4478"": 1, ""0x5078"": 3, ""0x547a"": 6, ""0x54f0"": 1, ""0x54f2"": 2, ""0x54fa"": 77, ""0x54da"": 74, ""0x548a"": 9, ""0x549a"": 1, ""0x54ca"": 22, ""0x44da"": 6, ""0x44fa"": 1, ""0x54c2"": 4, ""0x54c0"": 1, ""0x5480"": 1, ""0x1480"": 1, ""0x0"": 6}",0.0,0.3291298865069357,0.0,0.2862547288776797,0.25346784363177804,0.4224464060529634,0.8877679697351829,0.42118537200504413,0.09457755359394704,0.3291298865069357,0.7351828499369483,0.4401008827238335,0.9810844892812106,0.6254728877679697,0.914249684741488,0.0,0.0
2,255,1,793,6.799495586380832,"{""0x7470"": 4, ""0x7460"": 5, ""0x7c60"": 132, ""0x7c40"": 44, ""0x7cc0"": 5, ""0x7ec0"": 20, ""0x7ce0"": 1, ""0x7078"": 9, ""0x7070"": 35, ""0x7060"": 158, ""0x407a"": 6, ""0x7e40"": 64, ""0x1f82"": 31, ""0x1f80"": 27, ""0x5f82"": 1, ""0x5f80"": 2, ""0x7e60"": 7, ""0x5078"": 17, ""0x5478"": 6, ""0x5470"": 2, ""0x4078"": 1, ""0x507a"": 4, ""0x4478"": 2, ""0x547a"": 24, ""0x447a"": 3, ""0x54fa"": 116, ""0x44fa"": 16, ""0x54da"": 3, ""0x549a"": 4, ""0x548a"": 2, ""0x148a"": 7, ""0x48a"": 1, ""0x50fa"": 18, ""0x54ea"": 1, ""0x54ca"": 8, ""0x54c8"": 1, ""0x54c2"": 2, ""0x54c0"": 2, ""0x5ec0"": 2}","{""0x7470"": 6, ""0x7460"": 3, ""0x7c60"": 119, ""0x7cc0"": 5, ""0x7ec0"": 21, ""0x7ce0"": 1, ""0x7078"": 12, ""0x7070"": 38, ""0x7068"": 1, ""0x407a"": 1, ""0x7c40"": 26, ""0x7060"": 151, ""0x7e40"": 47, ""0x1f82"": 2, ""0x5f82"": 51, ""0x1f80"": 4, ""0x5f80"": 4, ""0x7e60"": 54, ""0x5078"": 17, ""0x5478"": 5, ""0x5470"": 2, ""0x547a"": 13, ""0x507a"": 10, ""0x4478"": 2, ""0x54fa"": 138, ""0x44fa"": 12, ""0x447a"": 1, ""0x54da"": 4, ""0x549a"": 3, ""0x548a"": 2, ""0x148a"": 8, ""0x50fa"": 16, ""0x54ca"": 7, ""0x54c8"": 1, ""0x54c2"": 3, ""0x54c0"": 1, ""0x5ec0"": 2}",0.0,0.3114754098360656,0.0,0.31399747793190413,0.34047919293820933,0.7150063051702396,0.905422446406053,0.34047919293820933,0.07692307692307693,0.19419924337957126,0.6872635561160151,0.42370744010088274,0.9634300126103404,0.6103404791929382,0.9167717528373266,0.0,0.0
2,255,2,793,6.581336696090794,"{""0x7c60"": 12, ""0x7c40"": 1, ""0x7ec0"": 6, ""0x7fc0"": 23, ""0x7e40"": 87, ""0x7860"": 14, ""0x7060"": 126, ""0x7e60"": 51, ""0x7e00"": 51, ""0x7c00"": 12, ""0x3c00"": 3, ""0x3e00"": 5, ""0x2c00"": 2, ""0x2800"": 1, ""0x3000"": 1, ""0x7040"": 61, ""0x7e80"": 29, ""0x1f82"": 1, ""0xf82"": 57, ""0xf80"": 3, ""0x7478"": 14, ""0x7470"": 3, ""0x5478"": 29, ""0x5078"": 5, ""0x547a"": 6, ""0x54f8"": 24, ""0x54fa"": 82, ""0x54ea"": 35, ""0x50f8"": 2, ""0x50fa"": 3, ""0x54e8"": 4, ""0x54da"": 14, ""0x54d8"": 2, ""0x54ca"": 11, ""0x54c8"": 1, ""0x54c2"": 1, ""0x54c0"": 2, ""0x5400"": 1, ""0x1000"": 1, ""0x0"": 7}","{""0x7c60"": 12, ""0x7e60"": 52, ""0x7ec0"": 6, ""0x7fc0"": 23, ""0x7e40"": 87, ""0x7860"": 15, ""0x7060"": 125, ""0x7e00"": 31, ""0x3e00"": 6, ""0x3c00"": 2, ""0x2c00"": 2, ""0x2800"": 1, ""0x7c00"": 10, ""0x3000"": 1, ""0x7040"": 61, ""0x7e80"": 51, ""0x1f82"": 1, ""0xf82"": 57, ""0xf80"": 3, ""0x7478"": 17, ""0x7470"": 1, ""0x5478"": 24, ""0x5078"": 5, ""0x547a"": 9, ""0x54fa"": 143, ""0x54ea"": 10, ""0x54f8"": 19, ""0x50fa"": 1, ""0x50f8"": 1, ""0x54e8"": 1, ""0x54ca"": 4, ""0x54c2"": 1, ""0x54c0"": 2, ""0x5400"": 1, ""0x1400"": 1, ""0x0"": 7}",0.0,0.2648171500630517,0.0,0.29255989911727615,0.23203026481715006,0.5170239596469105,0.7805800756620429,0.37831021437578816,0.10592686002522068,0.39470365699873894,0.7213114754098361,0.4514501891551072,0.9117276166456494,0.6330390920554855,0.8978562421185372,0.0,0.0
2,255,3,793,5.21437578814628,"{""0x0"": 214, ""0x7040"": 2, ""0x7840"": 7, ""0x7c40"": 79, ""0x7e40"": 5, ""0x6060"": 5, ""0x4060"": 2, ""0x60"": 4, ""0x20"": 3, ""0x7c60"": 143, ""0x7860"": 16, ""0x7060"": 4, ""0x6040"": 1, ""0x1f80"": 1, ""0x7f80"": 45, ""0x5f80"": 15, ""0x5078"": 17, ""0x4078"": 4, ""0x407a"": 12, ""0x507a"": 25, ""0x40fa"": 2, ""0x50fa"": 69, ""0x44fa"": 1, ""0x54fa"": 92, ""0x54ea"": 11, ""0x14fa"": 4, ""0x10fa"": 2, ""0x14ea"": 1, ""0x54ca"": 1, ""0x54c0"": 3, ""0x7cc0"": 3}","{""0x0"": 214, ""0x7040"": 2, ""0x7840"": 7, ""0x7c40"": 79, ""0x7e40"": 5, ""0x6060"": 5, ""0x4060"": 2, ""0x60"": 4, ""0x20"": 3, ""0x7c60"": 143, ""0x7860"": 16, ""0x7060"": 4, ""0x6040"": 1, ""0x1f80"": 1, ""0x7f80"": 45, ""0x5f80"": 15, ""0x5078"": 17, ""0x4078"": 4, ""0x407a"": 12, ""0x507a"": 25, ""0x40fa"": 2, ""0x50fa"": 39, ""0x44fa"": 1, ""0x54fa"": 125, ""0x54ea"": 8, ""0x14fa"": 5, ""0x10fa"": 1, ""0x14ea"": 1, ""0x54ca"": 1, ""0x54c2"": 1, ""0x54c0"": 2, ""0x7cc0"": 3}",0.0,0.27742749054224464,0.0,0.30390920554854983,0.287515762925599,0.5258511979823455,0.6494325346784363,0.31525851197982346,0.07692307692307693,0.0832282471626734,0.5094577553593947,0.39596469104665827,0.6872635561160151,0.39092055485498106,0.7112232030264817,0.0,0.0
5,255,0,1,0.0,"{""0x0"": 1}","{""0x1ffff"": 1}",0.0,0.0,0.0,0.0,0.0,0.0,0.0,0.0,0.0,0.0,0.0,0.0,0.0,0.0,0.0,0.0,0.0
5,255,1,1,0.0,"{""0x0"": 1}","{""0x1ffff"": 1}",0.0,0.0,0.0,0.0,0.0,0.0,0.0,0.0,0.0,0.0,0.0,0.0,0.0,0.0,0.0,0.0,0.0
5,255,2,1,0.0,"{""0x0"": 1}","{""0x1ffff"": 1}",0.0,0.0,0.0,0.0,0.0,0.0,0.0,0.0,0.0,0.0,0.0,0.0,0.0,0.0,0.0,0.0,0.0
5,255,3,1,0.0,"{""0x0"": 1}","{""0x1ffff"": 1}",0.0,0.0,0.0,0.0,0.0,0.0,0.0,0.0,0.0,0.0,0.0,0.0,0.0,0.0,0.0,0.0,0.0
