offset,between_mean_range,within_sd,ratio,mean_0c,mean_0e,mean_ff
27910,254.48571911495253,69.38212417970564,3.6157720739598296,254.9143686502177,0.42864953526517224,93.47933884297521
27874,252.63134938552477,70.53587976321077,3.5315334098322944,253.09143686502176,0.4600874794969929,96.04407713498622
27946,223.6166300713945,64.36336134889778,3.4211311269285773,223.9020319303338,0.2854018589393111,68.77685950413223
27952,116.28219477995621,33.71968790205716,3.3491716604130657,116.38388969521046,0.1016949152542373,41.705234159779614
27954,121.86296016207196,35.40686271721318,3.347252442722979,121.97750362844702,0.11454346637506835,44.170798898071624
27911,150.57498129236993,45.09828379406872,3.2663901755002818,150.74310595065313,0.16812465828321488,47.421487603305785
18518,65.74432839409576,19.272446583713478,3.2430386792541155,170.28519593613933,236.0295243302351,221.03305785123968
27882,133.2297721517782,40.11171094643778,3.240676904090809,133.42960812772134,0.19983597594313832,53.137741046831955
27880,127.99526496590569,38.540577465224374,3.2370610944788685,128.17924528301887,0.1839803171131766,50.798898071625345
27918,128.1568151717888,38.99449738041326,3.2043611888107337,128.322206095791,0.165390924002187,50.97796143250689
18516,66.19630195979784,19.69442337204771,3.198750734422987,166.5043541364296,232.70065609622745,217.65289256198346
27916,123.38511888371592,37.653712036121284,3.192063902385739,123.53410740203194,0.14898851831601967,48.98622589531681
18982,218.73196588426583,68.2748261750739,3.1574523959320855,230.60812772133528,11.876161837069438,77.43526170798899
18552,62.45070827127216,19.058908737399186,3.1133651929346904,164.00145137880986,226.45215965008202,212.1763085399449
18554,60.18270669054684,18.38309863882271,3.1049063832346167,170.12046444121916,230.303171131766,216.0909090909091
27878,82.71004403335712,26.107750065885394,3.0511585739255502,82.87953555878084,0.1694915254237288,27.385674931129476
27876,77.2963760761351,24.52982355896417,3.0276893961922577,77.45137880986938,0.15500273373428103,24.865013774104682
27988,95.38036123382275,30.774112151910263,3.0018261652069005,95.43831640058055,0.057955166757791145,35.63085399449036
27990,103.40245012422818,33.4675871329216,2.999990969065069,103.47024673439768,0.06779661016949153,39.22038567493113
27846,132.25410318041614,43.83662840602593,2.949688856681327,136.50943396226415,4.255330781848004,57.26721763085399
27844,126.11263937481998,41.76367099780759,2.9490601819774906,129.9579100145138,3.8452706396938217,54.413223140495866
9328,145.34394384616178,48.40964666350703,2.9416106704019374,190.03120464441218,44.68726079825041,92.36363636363636
27838,234.22821285196332,78.6573487012084,2.940447010489191,242.07184325108852,7.843630399125205,103.03305785123968
9330,145.04728963537778,48.341174846816976,2.9396805018463166,194.10087082728592,49.053581191908144,96.58953168044077
19016,198.79019283737813,68.9706013097598,2.841053086814762,209.94847605224965,11.158283214871515,64.94214876033058
19018,198.75301960591375,70.21759020058172,2.790785521472057,208.50725689404933,9.754237288135593,64.633608815427
27914,80.07085133008671,28.111913841631235,2.750449584512788,80.28955007256894,0.21869874248223073,28.43250688705234
27912,74.42297455682953,26.31146375364157,2.724972020106625,74.6255442670537,0.2025697102241662,26.049586776859503
27731,125.18513332608569,45.96549498791266,2.66547032791423,146.98693759071116,21.801804264625478,64.48484848484848
27808,122.18182030993961,45.315185534798864,2.6380509739756612,132.21407837445574,10.03225806451613,56.78512396694215
27730,127.80471733822364,47.6609057406393,2.6264352336435683,246.04063860667634,118.2359212684527,182.01652892561984
27920,153.9181581852131,58.15698545937656,2.6018593914138775,154.12264150943398,0.20448332422088572,49.66942148760331
9514,102.90725498956101,38.603175852304496,2.598459663268972,27.68432510885341,130.59158009841443,85.61432506887053
27810,126.68274954153411,47.756933983456406,2.5982509397436377,137.6901306240929,11.007381082558775,60.04683195592286
9332,91.06174470175316,34.62406566471839,2.556186190503784,33.79172714078374,124.8534718425369,102.75757575757575
148,86.88410871136765,33.05870302062259,2.5510104908797966,34.08417997097242,120.96828868234007,98.9228650137741
27839,136.28281135805096,52.46919836316904,2.5488096984810245,137.90856313497824,1.6257517769272827,55.22038567493113
27982,193.8432578335969,75.40415886882258,2.537077309710381,194.02177068214803,0.17851284855112082,81.32506887052341
9334,90.4294712426231,34.74072625487438,2.5301520343417803,39.84034833091437,130.26981957353746,108.62809917355372
150,85.47706877027983,32.87372309443796,2.523403421937847,40.26705370101597,125.7441224712958,104.48760330578513
18980,194.414209546089,76.57343191448679,2.5061958037437595,225.40928882438317,30.99507927829415,75.61157024793388
186,83.33170512807287,32.45883903105993,2.490573718075389,38.62264150943396,121.95434663750683,101.29201101928375
222,83.35954160553126,32.573057661130846,2.4829296886485452,36.412191582002905,119.77173318753417,98.9641873278237
27842,87.52008401967655,34.25854989689519,2.482237195676145,93.35195936139333,5.831875341716785,29.37465564738292
27947,128.0667542995808,50.71476664865133,2.4764059203759485,128.14876632801162,0.08201202843083652,26.173553719008265
258,83.17378733689843,32.59553421546662,2.475739388558587,32.86284470246734,116.03663203936577,95.83471074380165
27840,81.33163450329754,31.88516366515498,2.4732014513121094,86.77285921625544,5.441224712957901,26.47382920110193
9370,90.30032947647996,35.83354576890692,2.451578516035974,37.35631349782293,127.6566429743029,106.5426997245179
114,80.6024872617505,31.973588266946223,2.4444560479500197,46.29390420899855,126.89639147074904,107.38842975206612
184,82.32364239740164,32.786404706002315,2.436590785961208,33.693033381712624,116.01667577911427,95.71349862258953
112,79.84330465226822,31.833204948567456,2.431785284968102,42.768505079825836,122.61180973209404,103.27548209366391
18946,192.0960814359207,78.09167214389646,2.428777597297832,232.8120464441219,40.7159650082012,81.26170798898072
9406,88.09036916125541,35.28462075102717,2.4277605039805104,36.31422351233672,124.40459267359212,103.0909090909091
9368,90.0347473894623,36.38112389179754,2.4085618091653584,32.58635703918723,122.62110442864953,101.67768595041322
18944,187.16369870677306,76.87880750387026,2.403268677393035,228.27140783744557,41.1077091306725,78.4435261707989
27969,100.42711959631195,40.87376135376862,2.398330514134087,100.59579100145137,0.16867140513942044,27.947658402203857
18910,186.03895313451005,77.19940428277692,2.3790328691223075,226.99056603773585,40.95161290322581,87.03856749311295
9478,94.27646544424968,38.781805747864105,2.3698387660371956,27.458635703918723,121.7351011481684,92.60330578512396
27956,138.20297123984568,57.44060139588632,2.364845123746004,138.39187227866472,0.18890103881902678,48.40771349862259
18908,181.0000539605025,75.93591772192406,2.352607979730692,222.42815674891148,41.428102788408964,83.98071625344353
27767,96.24931616966134,39.93409415403508,2.351323955221165,140.9600870827286,44.71077091306725,88.56473829201101
27973,148.52336767496098,62.49987443680214,2.3389552970341376,148.67126269956458,0.14789502460360854,36.43526170798898
27875,127.20581964019455,53.50735176222682,2.333736927728476,127.4267053701016,0.22088572990705305,56.88154269972452
27724,7.263606973918826,2.1136272885082863,2.332844075694995,9.04354136429608,1.7799343903772553,4.677685950413223
9726,165.36113542419702,70.03866958109752,2.327762279323394,222.4179970972424,57.05686167304538,109.07988980716253
9724,161.11227315758612,68.28992559327038,2.325190448367775,216.11828737300436,55.00601421541826,105.46280991735537
9442,86.09145868728382,36.0493277007724,2.323698270117031,33.7133526850508,119.80481137233461,100.0358126721763
78,72.76168740839609,30.435892751531796,2.3146054092849195,57.555152394775035,130.31683980317112,112.99173553719008
9298,77.80065165242137,32.628040041456984,2.3135648570808156,54.94702467343977,132.74767632586114,116.1763085399449
294,73.94787931257494,31.01217832924771,2.3099921083787343,28.58055152394775,102.52843083652269,87.17906336088154
9476,105.24838971544564,44.68940460113387,2.3035622948965653,30.23657474600871,135.48496446145435,87.80165289256199
18906,210.11372334609075,90.60190088651406,2.2937703400544214,255.0,44.88627665390924,115.61157024793388
18942,210.43556362141626,90.88639434627818,2.2901710870096825,254.52249637155296,44.08693275013669,107.9228650137741
76,71.27066469023102,30.395917030616346,2.2700615694942123,54.4854862119013,125.75615090213232,108.41322314049587
9404,86.29226357166152,37.256710131738465,2.255611192768818,32.74600870827286,119.03827227993439,97.02203856749311
9296,75.36579388198996,32.42962138317864,2.254461485463101,51.9644412191582,127.33023510114816,110.76859504132231
18978,205.7788722413685,90.38425182480495,2.251797964444381,249.65312046444123,43.87424822307272,95.63636363636364
9550,92.49378859068658,40.48508469792411,2.2295673074837645,30.836719883889696,123.33050847457628,76.0137741046832
220,81.93360160167468,35.93646290423283,2.2182308526430474,33.346879535558784,115.28048113723347,93.71625344352617
19014,191.65144292764293,86.95748257553842,2.178910051945285,234.40130624092888,42.74986331328595,79.24793388429752
9546,129.10222856875322,58.38994865441421,2.173806031050636,178.18287373004355,49.08064516129032,91.68870523415978
27802,188.98279889952317,85.98061843133961,2.1727001061587257,206.65529753265602,17.67249863313286,104.33884297520662
9544,128.2912637152917,58.33823113391512,2.162033839966727,174.1734397677794,45.8821760524877,87.80165289256199
18871,122.57337438034695,55.97167726913139,2.15147912534357,159.59579100145137,37.022416621104426,72.80165289256199
27968,132.59876081293083,61.475694392909695,2.1224055546948724,132.84397677793905,0.2452159650082012,47.06611570247934
18907,127.88180626433821,59.7438756361825,2.1052625458123475,150.8011611030479,22.919354838709676,64.76308539944904
27960,127.9031623235075,60.161670755314724,2.0912306799989304,128.11393323657475,0.21077091306724988,45.192837465564736
9364,109.8972353971374,51.76188633430781,2.0828905680288003,167.39477503628447,57.49753963914708,99.11019283746556
27928,128.17209988089013,60.54420607724249,2.0826022147401617,128.38751814223514,0.21541826134499725,45.52617079889807
9366,109.35826996280693,51.55017053445016,2.081025976711441,170.66690856313497,61.308638600328045,102.83471074380165
18979,137.82126535791286,65.42992010913848,2.0746866040405396,158.18867924528303,20.367413887370148,64.09366391184572
27964,125.62174917730071,59.55405648939225,2.0745389567634813,125.85849056603773,0.23674138873701475,43.578512396694215
18588,63.03397765876491,29.542685328065115,2.0637994656234153,154.51741654571842,217.55139420448333,205.96969696969697
27904,127.90586193570606,61.02531666331189,2.0621557263465395,128.18142235123366,0.27556041552761074,48.06611570247934
27941,65.84795557146155,30.981147883513643,2.0589616048586654,66.09071117561683,0.2427556041552761,26.826446280991735
27936,129.3626534600982,61.86209971523446,2.0578799315662613,129.62481857764877,0.2621651175505741,51.48209366391185
9580,129.36777534338322,62.006715272113595,2.05323789352721,176.36066763425254,46.99289229086933,100.94765840220386
21,13.537880272754471,5.611768189818963,2.047543090455074,53.06603773584906,39.52815746309459,40.99173553719008
27972,127.0995555400375,61.172423513244375,2.0443075620650677,127.28955007256894,0.18999453253143794,48.6198347107438
27932,126.73316174422563,61.14085554196263,2.0394499019834855,126.90566037735849,0.17249863313285949,47.358126721763085
19045,105.37356260727626,50.75648662045669,2.0359489116795553,113.03047895500725,7.656916347731,24.482093663911847
27900,127.62547760996237,61.776792201031775,2.033004126768121,127.92017416545718,0.2946965554948059,50.231404958677686
18937,118.74909635996735,57.433777566951775,2.032199548008136,129.84833091436866,11.099234554401312,47.41046831955923
27950,132.383757571333,64.32190195073412,2.026636604536975,132.59288824383165,0.20913067249863312,55.99449035812672
9582,128.39912996625088,62.54856186809935,2.020488366562167,178.9789550072569,50.57982504100602,105.13498622589532
18514,108.34260435604091,52.68526976220997,2.018106732739289,78.21480406386067,186.55740841990158,132.05509641873277
28000,125.75844581056214,61.536397076095284,2.0109640415890486,125.85631349782294,0.09786768726079825,43.22865013774105
18943,119.19483788439913,58.579730401107646,2.000593777144436,138.21698113207546,19.022143247676325,60.774104683195596
28026,73.91562640604802,36.02857854388327,1.9961777986818805,73.93831640058055,0.022689994532531437,15.1267217630854
27888,126.71058125777171,62.493385460981216,1.9956501033582394,126.92162554426706,0.21104428649535265,49.950413223140494
18590,60.616928044463435,29.43736666213204,1.9915299742365233,160.6233671988389,221.24029524330234,210.84022038567494
27892,124.64975348779262,61.67635098518943,1.9887844701943107,124.95210449927431,0.302351011481684,50.87603305785124
18512,106.54441663538809,52.96970367978518,1.9741523367914142,75.90856313497822,182.4529797703663,131.5785123966942
28024,66.17489630457848,32.56402462806999,1.9716019469618564,66.19375907111757,0.0188627665390924,13.603305785123966
27976,127.28548637060867,63.74087561254181,1.9660760712039325,127.50145137880988,0.21596500820120285,52.680440771349865
9292,86.35535649244038,42.94976942768301,1.9648648358561582,123.08635703918723,36.731000546746856,78.36914600550965
27896,127.12368818447509,63.81255348863281,1.9614053349521365,127.41291727140784,0.2892290869327501,52.20385674931129
27948,125.06450382921183,62.90007184167855,1.957188782808833,125.26269956458636,0.1981957353745216,53.50413223140496
28004,123.663331299234,62.21031951238849,1.956378835816475,123.81204644412192,0.1487151448879169,41.83195592286501
27924,122.78527290920907,61.769700990624514,1.9561232723977557,123.02830188679245,0.2430289775833789,48.484848484848484
27868,126.41791893386744,63.75414694290936,1.9522752580668554,130.05515239477504,3.6372334609076,53.40771349862259
18800,128.5127108724858,65.04497045181242,1.945836450426622,219.15021770682148,90.6375068343357,109.8374655647383
27856,127.3803909914528,64.63365014302559,1.940778712045906,130.93178519593613,3.551394204483324,53.34710743801653
9749,128.82629638123413,65.60625396042634,1.9341471516740065,144.7844702467344,15.958173865500273,64.07438016528926
9294,84.84241668458738,42.901520084335814,1.9325621646267184,125.90638606676343,41.063969382176055,82.79338842975207
27940,126.33070804908184,64.4426683745905,1.930402766066495,126.57619738751814,0.245489338436304,54.85950413223141
28012,121.9148558818138,62.178319689246834,1.9296944977560733,121.92743105950653,0.012575177692728267,47.6198347107438
27986,168.74111933127068,86.53817609529827,1.9276289141273744,168.89912917271408,0.1580098414434117,64.86776859504133
