phase,start_qpc_us,end_qpc_us,reports,start_relative_s,duration_s
0,409017818560.2771,409017892323.2853,1,0.0,0.07376300817871094
5,409017892323.2853,409017936327.29016,4,0.07376300817871094,0.0440040048828125
0,409017936327.29016,409018303560.33093,29,0.11776701306152344,0.3672330407714844
1,409018303560.33093,409021868046.7268,265,0.4850000538330078,3.5644863958740234
2,409021868046.7268,409031878579.8384,752,4.0494864497070315,10.010533111572265
1,409031878579.8384,409034900716.174,225,14.060019561279297,3.0221363356323243
2,409034900716.174,409044911418.28564,765,17.082155896911623,10.0107021116333
1,409044911418.28564,409047928049.6206,231,27.092858008544923,3.0166313349609375
2,409047928049.6206,409057947749.7332,777,30.10948934350586,10.019700112609863
1,409057947749.7332,409060955349.0672,234,40.129189456115725,3.007599333984375
2,409060955349.0672,409070967590.179,785,43.1367887901001,10.012241111816406
1,409070967590.179,409073990020.51465,232,53.149029901916506,3.022430335632324
2,409073990020.51465,409084002260.62646,765,56.17146023754883,10.012240111816407
1,409084002260.62646,409087017305.96124,233,66.18370034936524,3.015045334777832
2,409087017305.96124,409097035411.0737,770,69.19874568414306,10.018105112487794
1,409097035411.0737,409100052122.4087,231,79.21685079663087,3.0167113349609376
2,409100052122.4087,409110064371.5205,762,82.2335621315918,10.012249111816406
1,409110064371.5205,409113086754.85614,229,92.2458112434082,3.022383335632324
2,409113086754.85614,409123084089.9663,761,95.26819457904053,9.997335110168457
1,409123084089.9663,409126106460.30194,230,105.26552968920899,3.022370335632324
2,409126106460.30194,409136112826.4131,768,108.2879000248413,10.00636611114502
1,409136112826.4131,409139134925.74866,232,118.29426613598633,3.022099335571289
2,409139134925.74866,409149153484.86115,777,121.31636547155762,10.018559112487793
1,409149153484.86115,409152160953.1951,236,131.3349245840454,3.007468333984375
2,409152160953.1951,409162174306.30707,789,134.3423929180298,10.013353111938477
1,409162174306.30707,409172778028.48456,818,144.35574602996826,10.603722177490233
2,409172778028.48456,409182775303.59467,766,154.95946820745849,9.997275110107422
1,409182775303.59467,409185805263.93115,233,164.95674331756592,3.0299603364868166
2,409185805263.93115,409195802619.0413,767,167.98670365405275,9.997355110168456
1,409195802619.0413,409198832479.37775,235,177.9840587642212,3.0298603364257812
2,409198832479.37775,409208838541.4889,769,181.01391910064697,10.00606211114502
1,409208838541.4889,409212774916.926,148,191.019981211792,3.936375437133789
2,409212774916.926,409221872111.9362,471,194.95635664892578,9.097195010192872
1,409221872111.9362,409224880711.27026,77,204.05355165911865,3.0085993340454102
2,409224880711.27026,409234907948.3837,502,207.06215099316407,10.027237113464356
1,409234907948.3837,409264659610.6875,973,217.0893881066284,29.751662303771973
0,409264659610.6875,409264665674.6882,4,246.84105041040038,0.006064000671386719
