interval,start_relative_s,end_relative_s,summary_seconds,R_position_range_m_median,R_orientation_range_deg_median,HMD_position_range_m_median,rotation_proxy_median_median,matched_union_mean_median,zero_match_fraction_median
quiet_hold_1,94.0476694954834,119.25966040618897,25,0.0023286794283456,0.3886625644351561,0.0022091598448278843,18.601075237738275,8.0,0.0
quiet_hold_2,120.25966040618897,148.344579,28,0.0023389910916859855,0.40149437832190316,0.0020359892337832846,16.87254160494456,8.275,0.0
first_optical_gap,148.344579,153.468833,5,0.136009773487202,8.513537739342508,0.025997389066019675,299.1738278443157,0.0,1.0
quiet_hold_after_gap,154.468833,184.87330663671875,30,0.002531772591929705,0.4302784595346689,0.002525830394413288,25.406537685154127,8.0,0.0
free_movement_1,185.07330663671874,195.724143,10,0.39543295009904067,85.83142440145977,0.041263252656851664,1182.976336982575,8.158333333333333,0.0
second_optical_gap,195.724143,199.496294,4,0.05616394328596177,6.843268286448577,0.016282473017938122,59.281665513872255,0.0,1.0
free_movement_2,199.496294,203.5254246746216,4,0.24477895306944164,19.5938463654096,0.03199380208376244,288.8742624193688,8.133333333333333,0.0
later_settling,203.5254246746216,212.858263,9,0.01534252515070449,0.8803113549868956,0.1005314631245363,24.61706725018234,8.0,0.0
probable_teardown_or_unobserved_stillness,212.858263,248.375669,36,1.2409673646020042e-05,0.0037700881075444616,0.0034251278808243263,5.385164807134504,0.0,1.0
