stream,count,first_qpc_us,last_qpc_us,duration_s,rate_hz,median_interval_us,max_interval_us,nonpositive_intervals,payload_sizes
events,527,409017164465,409264116105,246.95164,2.129971681905008,483924.0,985999,0,
sony_led_ground_truth,118076,409017923644,409264667033,246.743389,478.53359102561404,11.0,102448,31601,
poses,285412,409017164465,409264643291,247.478826,1153.274421949941,648.0,83793,527,
camera_frames,240,409017138584,409071291520,54.152936,4.41342644838315,17179.0,1002758,20,
clock_sync,249,409016291352,409264597539,248.306187,0.9987668974192737,1000989.5,1016725,0,
A2/31,16846,409017818560,409264665674,246.847114,68.24061957637471,14930.0,4048917,0,
A1/31,28839,409017799575,409264650899,246.851324,116.82335558386553,7499.0,4041309,0,
pose_HMD,99535,409017164465,409236293501,219.129036,454.22551852051225,2026.0,4180412,0,
pose_L,92939,409017189259,409264643016,247.453757,375.57724371103404,2545.0,120720,0,
pose_R,92938,409017310263,409264643291,247.333028,375.75652856196785,2519.0,105135,0,
IF8,7266,409016068638,409137292119,121.223481,59.930633405915806,16683.0,101182,0,"{""36944"": 7266}"
