event_id,kind,lane,pre_qpc_us,post_qpc_us,pre_phase,post_phase,pre_led0,post_led0,wire_commands_between,pose_translation_m,pose_rotation_deg,mean_abs_change,changed_pixels_24,regions
1,openvr_tracking,0,409017155340,409017177555,,,,,0,nan,nan,0.5319145638291276,36,6
1,openvr_tracking,1,409017155340,409017177555,,,,,0,nan,nan,0.3846952693905388,4,1
1,openvr_tracking,2,409017155340,409017177555,,,,,0,nan,nan,65.59000093000186,81872,257
1,openvr_tracking,3,409017155340,409017177555,,,,,0,nan,nan,66.99758199516398,81404,227
1,openvr_tracking,4,409017155340,409017177555,,,,,0,nan,nan,48.04487258974518,78600,256
1,openvr_tracking,5,409017155340,409017177555,,,,,0,nan,nan,66.48560047120094,83101,224
1,openvr_tracking,6,409017155340,409017177555,,,,,0,nan,nan,65.99683799367598,80072,264
1,openvr_tracking,7,409017155340,409017177555,,,,,0,nan,nan,46.8250821501643,75741,304
2,openvr_tracking,0,409017188650,409017205353,,,,,0,nan,nan,0.7278039556079112,192,29
2,openvr_tracking,1,409017188650,409017205353,,,,,0,nan,nan,0.47801320602641206,14,1
2,openvr_tracking,2,409017188650,409017205353,,,,,0,nan,nan,66.58216566433133,83095,243
2,openvr_tracking,3,409017188650,409017205353,,,,,0,nan,nan,67.24875999752,81726,252
2,openvr_tracking,4,409017188650,409017205353,,,,,0,nan,nan,48.5752526505053,78891,281
2,openvr_tracking,5,409017188650,409017205353,,,,,0,nan,nan,67.06162037324074,83712,235
2,openvr_tracking,6,409017188650,409017205353,,,,,0,nan,nan,66.36721123442247,80649,286
2,openvr_tracking,7,409017188650,409017205353,,,,,0,nan,nan,47.206336412672826,76452,303
3,openvr_tracking,0,409017305474,409017322220,,,,,0,nan,nan,0.6751193502387005,261,34
3,openvr_tracking,1,409017305474,409017322220,,,,,0,nan,nan,0.4279713559427119,20,2
3,openvr_tracking,2,409017305474,409017322220,,,,,0,nan,nan,66.76047027094054,83392,257
3,openvr_tracking,3,409017305474,409017322220,,,,,0,nan,nan,68.1774521049042,83177,250
3,openvr_tracking,4,409017305474,409017322220,,,,,0,nan,nan,50.142964535929075,80226,273
3,openvr_tracking,5,409017305474,409017322220,,,,,0,nan,nan,67.59311643623288,84300,240
3,openvr_tracking,6,409017305474,409017322220,,,,,0,nan,nan,66.80573036146072,81547,240
3,openvr_tracking,7,409017305474,409017322220,,,,,0,nan,nan,48.439015128030256,77302,273
4,openvr_tracking,0,409017922855,409017939418,5,0,255,255,3,nan,nan,1.9860964721929444,1441,92
4,openvr_tracking,1,409017922855,409017939418,5,0,255,255,3,nan,nan,1.3043121086242173,523,38
4,openvr_tracking,2,409017922855,409017939418,5,0,255,255,3,nan,nan,76.06985863971728,94441,50
4,openvr_tracking,3,409017922855,409017939418,5,0,255,255,3,nan,nan,76.13819052638105,94053,62
4,openvr_tracking,4,409017922855,409017939418,5,0,255,255,3,nan,nan,61.59017918035836,91685,75
4,openvr_tracking,5,409017922855,409017939418,5,0,255,255,3,nan,nan,76.09563519127039,94498,67
4,openvr_tracking,6,409017922855,409017939418,5,0,255,255,3,nan,nan,76.0735476470953,93721,75
4,openvr_tracking,7,409017922855,409017939418,5,0,255,255,3,nan,nan,61.78008556017112,91364,79
5,led_hook,0,409017922855,409017939418,5,0,255,255,3,nan,nan,1.9860964721929444,1441,92
5,led_hook,1,409017922855,409017939418,5,0,255,255,3,nan,nan,1.3043121086242173,523,38
5,led_hook,2,409017922855,409017939418,5,0,255,255,3,nan,nan,76.06985863971728,94441,50
5,led_hook,3,409017922855,409017939418,5,0,255,255,3,nan,nan,76.13819052638105,94053,62
5,led_hook,4,409017922855,409017939418,5,0,255,255,3,nan,nan,61.59017918035836,91685,75
5,led_hook,5,409017922855,409017939418,5,0,255,255,3,nan,nan,76.09563519127039,94498,67
5,led_hook,6,409017922855,409017939418,5,0,255,255,3,nan,nan,76.0735476470953,93721,75
5,led_hook,7,409017922855,409017939418,5,0,255,255,3,nan,nan,61.78008556017112,91364,79
6,openvr_tracking,0,409018423298,409018439923,1,1,255,255,0,nan,nan,1.1634168268336538,749,100
6,openvr_tracking,1,409018423298,409018439923,1,1,255,255,0,nan,nan,0.7675615351230702,277,48
6,openvr_tracking,2,409018423298,409018439923,1,1,255,255,0,nan,nan,65.83527342054684,81616,388
6,openvr_tracking,3,409018423298,409018439923,1,1,255,255,0,nan,nan,68.29451608903217,81003,407
6,openvr_tracking,4,409018423298,409018439923,1,1,255,255,0,nan,nan,47.47796670593341,78651,408
6,openvr_tracking,5,409018423298,409018439923,1,1,255,255,0,nan,nan,66.48875472750946,82275,415
6,openvr_tracking,6,409018423298,409018439923,1,1,255,255,0,nan,nan,67.95560791121582,80068,407
6,openvr_tracking,7,409018423298,409018439923,1,1,255,255,0,nan,nan,46.344588939177875,76432,465
7,led_hook,0,409018439923,409018463382,1,1,255,255,4,nan,nan,1.1218147436294872,812,96
7,led_hook,1,409018439923,409018463382,1,1,255,255,4,nan,nan,0.7333219666439333,304,43
7,led_hook,2,409018439923,409018463382,1,1,255,255,4,nan,nan,65.18859662719325,81093,409
7,led_hook,3,409018439923,409018463382,1,1,255,255,4,nan,nan,67.88932202864406,80217,373
7,led_hook,4,409018439923,409018463382,1,1,255,255,4,nan,nan,46.98473246946494,77903,430
7,led_hook,5,409018439923,409018463382,1,1,255,255,4,nan,nan,65.55958986917973,81756,394
7,led_hook,6,409018439923,409018463382,1,1,255,255,4,nan,nan,67.64952879905759,79791,402
7,led_hook,7,409018439923,409018463382,1,1,255,255,4,nan,nan,45.61762198524397,75866,474
9,openvr_tracking,0,409019240683,409019257516,1,1,255,255,1,nan,nan,0.5678436356872714,105,25
9,openvr_tracking,1,409019240683,409019257516,1,1,255,255,1,nan,nan,0.4472998945997892,35,6
9,openvr_tracking,2,409019240683,409019257516,1,1,255,255,1,nan,nan,62.89066278132556,77443,486
9,openvr_tracking,3,409019240683,409019257516,1,1,255,255,1,nan,nan,64.37881300762602,76238,472
9,openvr_tracking,4,409019240683,409019257516,1,1,255,255,1,nan,nan,42.593829437658876,73766,521
9,openvr_tracking,5,409019240683,409019257516,1,1,255,255,1,nan,nan,63.11160022320045,77571,513
9,openvr_tracking,6,409019240683,409019257516,1,1,255,255,1,nan,nan,63.4253518507037,75236,566
9,openvr_tracking,7,409019240683,409019257516,1,1,255,255,1,nan,nan,40.93541912083824,70895,549
10,openvr_tracking,0,409019391179,409019408308,1,1,255,255,1,0.0004898581427311321,0.29067256849276296,0.6730268460536921,189,15
10,openvr_tracking,1,409019391179,409019408308,1,1,255,255,1,0.0004898581427311321,0.29067256849276296,0.4111770723541447,47,12
10,openvr_tracking,2,409019391179,409019408308,1,1,255,255,1,0.0004898581427311321,0.29067256849276296,61.2003069006138,75700,463
10,openvr_tracking,3,409019391179,409019408308,1,1,255,255,1,0.0004898581427311321,0.29067256849276296,63.36969898939798,74671,489
10,openvr_tracking,4,409019391179,409019408308,1,1,255,255,1,0.0004898581427311321,0.29067256849276296,40.736243722487444,71889,545
10,openvr_tracking,5,409019391179,409019408308,1,1,255,255,1,0.0004898581427311321,0.29067256849276296,62.047778845557694,76526,486
10,openvr_tracking,6,409019391179,409019408308,1,1,255,255,1,0.0004898581427311321,0.29067256849276296,62.72265019530039,73833,520
10,openvr_tracking,7,409019391179,409019408308,1,1,255,255,1,0.0004898581427311321,0.29067256849276296,39.71717868435737,69490,607
16,led_hook,0,409021860248,409021878634,1,2,255,255,1,0.000353460846487989,0.24914687604704217,0.9131068262136525,610,88
16,led_hook,1,409021860248,409021878634,1,2,255,255,1,0.000353460846487989,0.24914687604704217,0.6451500403000806,171,38
16,led_hook,2,409021860248,409021878634,1,2,255,255,1,0.000353460846487989,0.24914687604704217,64.1011067022134,80143,464
16,led_hook,3,409021860248,409021878634,1,2,255,255,1,0.000353460846487989,0.24914687604704217,67.48932047864096,79629,505
16,led_hook,4,409021860248,409021878634,1,2,255,255,1,0.000353460846487989,0.24914687604704217,46.249395498790996,76948,512
16,led_hook,5,409021860248,409021878634,1,2,255,255,1,0.000353460846487989,0.24914687604704217,64.91044857089715,80679,452
16,led_hook,6,409021860248,409021878634,1,2,255,255,1,0.000353460846487989,0.24914687604704217,67.02710955421911,78585,513
16,led_hook,7,409021860248,409021878634,1,2,255,255,1,0.000353460846487989,0.24914687604704217,45.311356872713745,75214,516
17,led_hook,0,409022394018,409022412317,2,2,255,255,1,0.0007161781429923823,0.8073388618957248,1.771994543989088,1259,110
17,led_hook,1,409022394018,409022412317,2,2,255,255,1,0.0007161781429923823,0.8073388618957248,1.257967015934032,564,43
17,led_hook,2,409022394018,409022412317,2,2,255,255,1,0.0007161781429923823,0.8073388618957248,71.97056544113089,90463,123
17,led_hook,3,409022394018,409022412317,2,2,255,255,1,0.0007161781429923823,0.8073388618957248,74.44309938619877,90000,110
17,led_hook,4,409022394018,409022412317,2,2,255,255,1,0.0007161781429923823,0.8073388618957248,57.024048298096595,88036,128
17,led_hook,5,409022394018,409022412317,2,2,255,255,1,0.0007161781429923823,0.8073388618957248,72.69404488808978,91070,128
17,led_hook,6,409022394018,409022412317,2,2,255,255,1,0.0007161781429923823,0.8073388618957248,74.11409572819146,89238,156
17,led_hook,7,409022394018,409022412317,2,2,255,255,1,0.0007161781429923823,0.8073388618957248,56.48509672019344,86997,157
18,led_hook,0,409022861107,409022877841,2,2,255,14,1,0.0014995045848546105,0.4344269706336202,0.4243985987971976,59,17
18,led_hook,1,409022861107,409022877841,2,2,255,14,1,0.0014995045848546105,0.4344269706336202,0.34682869365738733,40,14
18,led_hook,2,409022861107,409022877841,2,2,255,14,1,0.0014995045848546105,0.4344269706336202,61.09614669229339,76068,492
18,led_hook,3,409022861107,409022877841,2,2,255,14,1,0.0014995045848546105,0.4344269706336202,63.3494016988034,75052,492
18,led_hook,4,409022861107,409022877841,2,2,255,14,1,0.0014995045848546105,0.4344269706336202,41.491319982639965,72386,519
18,led_hook,5,409022861107,409022877841,2,2,255,14,1,0.0014995045848546105,0.4344269706336202,61.70703391406783,76488,522
18,led_hook,6,409022861107,409022877841,2,2,255,14,1,0.0014995045848546105,0.4344269706336202,62.7760168020336,74308,532
18,led_hook,7,409022861107,409022877841,2,2,255,14,1,0.0014995045848546105,0.4344269706336202,40.4008463016926,69819,614
19,led_hook,0,409023395408,409023411723,2,2,14,14,1,0.0014685766776372305,0.7813718614250018,0.46956568913137825,11,1
19,led_hook,1,409023395408,409023411723,2,2,14,14,1,0.0014685766776372305,0.7813718614250018,0.3865320230640461,9,2
19,led_hook,2,409023395408,409023411723,2,2,14,14,1,0.0014685766776372305,0.7813718614250018,60.10522971045942,74176,566
19,led_hook,3,409023395408,409023411723,2,2,14,14,1,0.0014685766776372305,0.7813718614250018,61.9999767499535,73436,576
19,led_hook,4,409023395408,409023411723,2,2,14,14,1,0.0014685766776372305,0.7813718614250018,39.9254681009362,70408,610
19,led_hook,5,409023395408,409023411723,2,2,14,14,1,0.0014685766776372305,0.7813718614250018,60.69578089156178,74969,590
19,led_hook,6,409023395408,409023411723,2,2,14,14,1,0.0014685766776372305,0.7813718614250018,61.11495597991196,72126,646
19,led_hook,7,409023395408,409023411723,2,2,14,14,1,0.0014685766776372305,0.7813718614250018,38.59103168206337,67817,696
22,led_hook,0,409024412723,409024429514,2,2,14,14,1,0.0010237575396547743,0.17264031816052688,0.5321083142166284,133,30
22,led_hook,1,409024412723,409024429514,2,2,14,14,1,0.0010237575396547743,0.17264031816052688,0.4454863909727819,85,26
22,led_hook,2,409024412723,409024429514,2,2,14,14,1,0.0010237575396547743,0.17264031816052688,61.870814991629985,77029,470
22,led_hook,3,409024412723,409024429514,2,2,14,14,1,0.0010237575396547743,0.17264031816052688,64.47008494016988,76023,513
22,led_hook,4,409024412723,409024429514,2,2,14,14,1,0.0010237575396547743,0.17264031816052688,42.50748651497303,73131,577
22,led_hook,5,409024412723,409024429514,2,2,14,14,1,0.0010237575396547743,0.17264031816052688,62.51423677847356,77440,529
22,led_hook,6,409024412723,409024429514,2,2,14,14,1,0.0010237575396547743,0.17264031816052688,63.723626697253394,75160,543
22,led_hook,7,409024412723,409024429514,2,2,14,14,1,0.0010237575396547743,0.17264031816052688,41.617025234050466,71070,638
24,led_hook,0,409025415915,409025431069,2,2,14,14,1,0.0001093808941268999,0.020552815396218414,0.4394491288982578,58,12
24,led_hook,1,409025415915,409025431069,2,2,14,14,1,0.0001093808941268999,0.020552815396218414,0.35336195672391346,28,3
24,led_hook,2,409025415915,409025431069,2,2,14,14,1,0.0001093808941268999,0.020552815396218414,59.71703143406287,73348,620
24,led_hook,3,409025415915,409025431069,2,2,14,14,1,0.0001093808941268999,0.020552815396218414,61.52222704445409,72413,596
24,led_hook,4,409025415915,409025431069,2,2,14,14,1,0.0001093808941268999,0.020552815396218414,39.234034968069935,69738,666
24,led_hook,5,409025415915,409025431069,2,2,14,14,1,0.0001093808941268999,0.020552815396218414,60.53267406534813,74266,642
24,led_hook,6,409025415915,409025431069,2,2,14,14,1,0.0001093808941268999,0.020552815396218414,60.96783743567487,71812,669
24,led_hook,7,409025415915,409025431069,2,2,14,14,1,0.0001093808941268999,0.020552815396218414,38.216543183086365,67407,723
37,led_hook,0,409031869957,409031886947,2,1,14,255,2,0.00047138508673906927,0.07883606550334071,0.42763810527621055,26,4
37,led_hook,1,409031869957,409031886947,2,1,14,255,2,0.00047138508673906927,0.07883606550334071,0.3585777171554343,14,3
37,led_hook,2,409031869957,409031886947,2,1,14,255,2,0.00047138508673906927,0.07883606550334071,61.03010881021762,74908,570
37,led_hook,3,409031869957,409031886947,2,1,14,255,2,0.00047138508673906927,0.07883606550334071,62.39477028954058,73579,597
37,led_hook,4,409031869957,409031886947,2,1,14,255,2,0.00047138508673906927,0.07883606550334071,39.99263748527497,70908,603
37,led_hook,5,409031869957,409031886947,2,1,14,255,2,0.00047138508673906927,0.07883606550334071,61.40198555397111,75560,591
37,led_hook,6,409031869957,409031886947,2,1,14,255,2,0.00047138508673906927,0.07883606550334071,62.21988343976688,73248,545
37,led_hook,7,409031869957,409031886947,2,1,14,255,2,0.00047138508673906927,0.07883606550334071,39.181730113460226,69015,673
38,led_hook,0,409032403886,409032420941,1,1,255,255,1,0.00014782577583086903,0.07494191250270493,0.41184357368714736,8,1
38,led_hook,1,409032403886,409032420941,1,1,255,255,1,0.00014782577583086903,0.07494191250270493,0.3419539339078678,3,1
38,led_hook,2,409032403886,409032420941,1,1,255,255,1,0.00014782577583086903,0.07494191250270493,59.71551243102486,73698,582
38,led_hook,3,409032403886,409032420941,1,1,255,255,1,0.00014782577583086903,0.07494191250270493,61.53455731911464,72580,590
38,led_hook,4,409032403886,409032420941,1,1,255,255,1,0.00014782577583086903,0.07494191250270493,39.26657728315457,69923,680
38,led_hook,5,409032403886,409032420941,1,1,255,255,1,0.00014782577583086903,0.07494191250270493,60.053568107136215,74046,603
38,led_hook,6,409032403886,409032420941,1,1,255,255,1,0.00014782577583086903,0.07494191250270493,61.013260276520555,71866,636
38,led_hook,7,409032403886,409032420941,1,1,255,255,1,0.00014782577583086903,0.07494191250270493,38.36700198400397,67835,761
43,led_hook,0,409034889354,409034906301,1,2,255,255,2,0.0016146364948185703,0.129868206550356,1.3684124868249736,906,106
43,led_hook,1,409034889354,409034906301,1,2,255,255,2,0.0016146364948185703,0.129868206550356,0.8525792051584103,319,42
43,led_hook,2,409034889354,409034906301,1,2,255,255,2,0.0016146364948185703,0.129868206550356,70.25195300390601,87614,186
43,led_hook,3,409034889354,409034906301,1,2,255,255,2,0.0016146364948185703,0.129868206550356,72.59295368590737,87135,202
43,led_hook,4,409034889354,409034906301,1,2,255,255,2,0.0016146364948185703,0.129868206550356,54.0010772521545,84755,212
43,led_hook,5,409034889354,409034906301,1,2,255,255,2,0.0016146364948185703,0.129868206550356,70.74782999566,88363,197
43,led_hook,6,409034889354,409034906301,1,2,255,255,2,0.0016146364948185703,0.129868206550356,72.39604129208259,86724,198
43,led_hook,7,409034889354,409034906301,1,2,255,255,2,0.0016146364948185703,0.129868206550356,53.25251875503751,83094,218
44,led_hook,0,409034906301,409034922788,2,2,255,14,2,0.0015932301565059672,0.11122266647307091,1.320532891065782,821,103
44,led_hook,1,409034906301,409034922788,2,2,255,14,2,0.0015932301565059672,0.11122266647307091,0.8547879595759191,320,48
44,led_hook,2,409034906301,409034922788,2,2,255,14,2,0.0015932301565059672,0.11122266647307091,70.12709250418501,87756,187
44,led_hook,3,409034906301,409034922788,2,2,255,14,2,0.0015932301565059672,0.11122266647307091,72.82081964163929,87153,169
44,led_hook,4,409034906301,409034922788,2,2,255,14,2,0.0015932301565059672,0.11122266647307091,53.98037696075392,84785,203
44,led_hook,5,409034906301,409034922788,2,2,255,14,2,0.0015932301565059672,0.11122266647307091,70.73235321470644,88194,163
44,led_hook,6,409034906301,409034922788,2,2,255,14,2,0.0015932301565059672,0.11122266647307091,72.36758323516646,86606,198
44,led_hook,7,409034906301,409034922788,2,2,255,14,2,0.0015932301565059672,0.11122266647307091,53.268421786843575,82878,230
45,led_hook,0,409035423548,409035439860,2,2,14,14,1,0.00028997772352546276,0.2672112026456385,0.5966891933783868,134,26
45,led_hook,1,409035423548,409035439860,2,2,14,14,1,0.00028997772352546276,0.2672112026456385,0.43400861801723606,67,12
45,led_hook,2,409035423548,409035439860,2,2,14,14,1,0.00028997772352546276,0.2672112026456385,63.72746295492591,80314,332
45,led_hook,3,409035423548,409035439860,2,2,14,14,1,0.00028997772352546276,0.2672112026456385,66.8014756029512,79838,320
45,led_hook,4,409035423548,409035439860,2,2,14,14,1,0.00028997772352546276,0.2672112026456385,46.43255161510323,77184,371
45,led_hook,5,409035423548,409035439860,2,2,14,14,1,0.00028997772352546276,0.2672112026456385,64.28851757703515,80929,332
45,led_hook,6,409035423548,409035439860,2,2,14,14,1,0.00028997772352546276,0.2672112026456385,66.26028427056855,78934,323
45,led_hook,7,409035423548,409035439860,2,2,14,14,1,0.00028997772352546276,0.2672112026456385,45.18147436294873,74741,406
46,led_hook,0,409035439860,409035456811,2,2,14,14,2,0.0003302380845147821,0.2768732074351893,0.5706103912207824,133,24
46,led_hook,1,409035439860,409035456811,2,2,14,14,2,0.0003302380845147821,0.2768732074351893,0.4073485646971294,50,7
46,led_hook,2,409035439860,409035456811,2,2,14,14,2,0.0003302380845147821,0.2768732074351893,63.93524862049724,80707,302
46,led_hook,3,409035439860,409035456811,2,2,14,14,2,0.0003302380845147821,0.2768732074351893,66.86351447702896,79966,329
46,led_hook,4,409035439860,409035456811,2,2,14,14,2,0.0003302380845147821,0.2768732074351893,46.788781077562156,77461,363
46,led_hook,5,409035439860,409035456811,2,2,14,14,2,0.0003302380845147821,0.2768732074351893,64.47016244032488,81418,341
46,led_hook,6,409035439860,409035456811,2,2,14,14,2,0.0003302380845147821,0.2768732074351893,66.25411525823051,79186,334
46,led_hook,7,409035439860,409035456811,2,2,14,14,2,0.0003302380845147821,0.2768732074351893,45.3986607973216,74734,400
48,led_hook,0,409036440877,409036457529,2,2,14,14,1,0.0001094737342927517,0.03910093795100284,0.45718891437782877,0,0
48,led_hook,1,409036440877,409036457529,2,2,14,14,1,0.0001094737342927517,0.03910093795100284,0.36250697501395,1,0
48,led_hook,2,409036440877,409036457529,2,2,14,14,1,0.0001094737342927517,0.03910093795100284,62.369605989211976,78353,386
48,led_hook,3,409036440877,409036457529,2,2,14,14,1,0.0001094737342927517,0.03910093795100284,64.93786037572075,77713,363
48,led_hook,4,409036440877,409036457529,2,2,14,14,1,0.0001094737342927517,0.03910093795100284,44.72138694277388,75170,415
48,led_hook,5,409036440877,409036457529,2,2,14,14,1,0.0001094737342927517,0.03910093795100284,63.131138012276026,79283,377
48,led_hook,6,409036440877,409036457529,2,2,14,14,1,0.0001094737342927517,0.03910093795100284,64.3517732035464,76681,395
48,led_hook,7,409036440877,409036457529,2,2,14,14,1,0.0001094737342927517,0.03910093795100284,43.40984406968814,72493,481
50,led_hook,0,409037442118,409037459053,2,2,14,14,2,5.245243297502617e-05,0.02112248841441316,0.5329220658441317,27,3
50,led_hook,1,409037442118,409037459053,2,2,14,14,2,5.245243297502617e-05,0.02112248841441316,0.4021715543431087,2,0
50,led_hook,2,409037442118,409037459053,2,2,14,14,2,5.245243297502617e-05,0.02112248841441316,62.93154411308823,79203,358
50,led_hook,3,409037442118,409037459053,2,2,14,14,2,5.245243297502617e-05,0.02112248841441316,65.70281790563581,78316,374
50,led_hook,4,409037442118,409037459053,2,2,14,14,2,5.245243297502617e-05,0.02112248841441316,45.109453468906935,75599,402
50,led_hook,5,409037442118,409037459053,2,2,14,14,2,5.245243297502617e-05,0.02112248841441316,63.63272676545353,79765,359
50,led_hook,6,409037442118,409037459053,2,2,14,14,2,5.245243297502617e-05,0.02112248841441316,64.68454336908674,77336,379
50,led_hook,7,409037442118,409037459053,2,2,14,14,2,5.245243297502617e-05,0.02112248841441316,43.803854857709716,73097,460
52,led_hook,0,409038442985,409038459538,2,2,14,14,1,0.00025428167799508453,0.06024986014171238,0.6208692417384835,109,26
52,led_hook,1,409038442985,409038459538,2,2,14,14,1,0.00025428167799508453,0.06024986014171238,0.4620791741583483,47,10
52,led_hook,2,409038442985,409038459538,2,2,14,14,1,0.00025428167799508453,0.06024986014171238,63.366033232066464,79733,339
52,led_hook,3,409038442985,409038459538,2,2,14,14,1,0.00025428167799508453,0.06024986014171238,65.77718705437411,78651,377
52,led_hook,4,409038442985,409038459538,2,2,14,14,1,0.00025428167799508453,0.06024986014171238,45.34042718085436,75719,376
52,led_hook,5,409038442985,409038459538,2,2,14,14,1,0.00025428167799508453,0.06024986014171238,63.93503162006324,80185,352
52,led_hook,6,409038442985,409038459538,2,2,14,14,1,0.00025428167799508453,0.06024986014171238,65.28626232252465,77932,356
52,led_hook,7,409038442985,409038459538,2,2,14,14,1,0.00025428167799508453,0.06024986014171238,44.19753239506479,73581,448
65,led_hook,0,409044900906,409044915873,2,1,14,255,2,9.05608311357636e-05,0.03320940022054655,0.6097092194184388,132,30
65,led_hook,1,409044900906,409044915873,2,1,14,255,2,9.05608311357636e-05,0.03320940022054655,0.4282038564077128,31,6
65,led_hook,2,409044900906,409044915873,2,1,14,255,2,9.05608311357636e-05,0.03320940022054655,62.59280643561287,78900,362
65,led_hook,3,409044900906,409044915873,2,1,14,255,2,9.05608311357636e-05,0.03320940022054655,65.59289168578337,78052,370
65,led_hook,4,409044900906,409044915873,2,1,14,255,2,9.05608311357636e-05,0.03320940022054655,44.46768243536487,75361,418
65,led_hook,5,409044900906,409044915873,2,1,14,255,2,9.05608311357636e-05,0.03320940022054655,63.428320106640214,79512,373
65,led_hook,6,409044900906,409044915873,2,1,14,255,2,9.05608311357636e-05,0.03320940022054655,65.12396149792299,77457,354
65,led_hook,7,409044900906,409044915873,2,1,14,255,2,9.05608311357636e-05,0.03320940022054655,43.35711296422593,73104,424
66,led_hook,0,409045433048,409045449909,1,1,255,255,1,0.00022609387652256763,0.03829310036816385,1.8579189658379316,1196,77
66,led_hook,1,409045433048,409045449909,1,1,255,255,1,0.00022609387652256763,0.03829310036816385,1.1728718457436915,446,54
66,led_hook,2,409045433048,409045449909,1,1,255,255,1,0.00022609387652256763,0.03829310036816385,76.30932636865273,93898,61
66,led_hook,3,409045433048,409045449909,1,1,255,255,1,0.00022609387652256763,0.03829310036816385,75.96169942339884,93079,61
66,led_hook,4,409045433048,409045449909,1,1,255,255,1,0.00022609387652256763,0.03829310036816385,59.99744249488499,90544,77
66,led_hook,5,409045433048,409045449909,1,1,255,255,1,0.00022609387652256763,0.03829310036816385,76.43414036828074,93804,65
66,led_hook,6,409045433048,409045449909,1,1,255,255,1,0.00022609387652256763,0.03829310036816385,75.84503069006138,92883,57
66,led_hook,7,409045433048,409045449909,1,1,255,255,1,0.00022609387652256763,0.03829310036816385,59.444556389112776,89828,58
72,led_hook,0,409047919129,409047935824,1,2,255,255,1,0.0008558590362904379,0.2049762192396064,1.1427862855725712,560,111
72,led_hook,1,409047919129,409047935824,1,2,255,255,1,0.0008558590362904379,0.2049762192396064,0.7389329778659557,170,30
72,led_hook,2,409047919129,409047935824,1,2,255,255,1,0.0008558590362904379,0.2049762192396064,71.13743877487755,89119,153
72,led_hook,3,409047919129,409047935824,1,2,255,255,1,0.0008558590362904379,0.2049762192396064,72.16870233740468,88494,177
72,led_hook,4,409047919129,409047935824,1,2,255,255,1,0.0008558590362904379,0.2049762192396064,55.418245086490174,85690,160
72,led_hook,5,409047919129,409047935824,1,2,255,255,1,0.0008558590362904379,0.2049762192396064,71.53161231322463,89583,141
72,led_hook,6,409047919129,409047935824,1,2,255,255,1,0.0008558590362904379,0.2049762192396064,70.86613398226797,86952,171
72,led_hook,7,409047919129,409047935824,1,2,255,255,1,0.0008558590362904379,0.2049762192396064,54.25270475540951,83479,189
73,led_hook,0,409048453830,409048471212,2,2,255,255,1,0.006551062327592376,2.6821952672014953,1.2848595697191394,751,93
73,led_hook,1,409048453830,409048471212,2,2,255,255,1,0.006551062327592376,2.6821952672014953,0.8600192200384401,281,44
73,led_hook,2,409048453830,409048471212,2,2,255,255,1,0.006551062327592376,2.6821952672014953,70.71743443486886,88663,186
73,led_hook,3,409048453830,409048471212,2,2,255,255,1,0.006551062327592376,2.6821952672014953,72.33545942091884,88308,187
73,led_hook,4,409048453830,409048471212,2,2,255,255,1,0.006551062327592376,2.6821952672014953,54.706716163432326,85588,223
73,led_hook,5,409048453830,409048471212,2,2,255,255,1,0.006551062327592376,2.6821952672014953,71.41213032426064,89391,170
73,led_hook,6,409048453830,409048471212,2,2,255,255,1,0.006551062327592376,2.6821952672014953,71.4004200508401,86989,180
73,led_hook,7,409048453830,409048471212,2,2,255,255,1,0.006551062327592376,2.6821952672014953,53.46779868559737,83226,208
74,led_hook,0,409048471212,409048490991,2,2,255,255,1,0.005286909070525045,1.7727674550229013,1.5400830801661602,805,103
74,led_hook,1,409048471212,409048490991,2,2,255,255,1,0.005286909070525045,1.7727674550229013,0.9597231694463388,291,50
74,led_hook,2,409048471212,409048490991,2,2,255,255,1,0.005286909070525045,1.7727674550229013,71.19857864715729,88610,180
74,led_hook,3,409048471212,409048490991,2,2,255,255,1,0.005286909070525045,1.7727674550229013,72.64443703887407,87961,207
74,led_hook,4,409048471212,409048490991,2,2,255,255,1,0.005286909070525045,1.7727674550229013,53.993768987537976,85251,189
74,led_hook,5,409048471212,409048490991,2,2,255,255,1,0.005286909070525045,1.7727674550229013,71.43786812573624,89206,178
74,led_hook,6,409048471212,409048490991,2,2,255,255,1,0.005286909070525045,1.7727674550229013,71.88473401946804,86883,190
74,led_hook,7,409048471212,409048490991,2,2,255,255,1,0.005286909070525045,1.7727674550229013,52.71744218488437,82742,219
75,led_hook,0,409048919741,409048937933,2,2,255,14,2,0.001317086848655015,0.798661693370688,1.111251472502945,498,110
75,led_hook,1,409048919741,409048937933,2,2,255,14,2,0.001317086848655015,0.798661693370688,0.7631362762725525,124,28
75,led_hook,2,409048919741,409048937933,2,2,255,14,2,0.001317086848655015,0.798661693370688,69.88388926777854,86687,236
75,led_hook,3,409048919741,409048937933,2,2,255,14,2,0.001317086848655015,0.798661693370688,70.89157728315456,86159,234
75,led_hook,4,409048919741,409048937933,2,2,255,14,2,0.001317086848655015,0.798661693370688,52.6757161014322,83339,242
75,led_hook,5,409048919741,409048937933,2,2,255,14,2,0.001317086848655015,0.798661693370688,70.54525234050467,87650,208
75,led_hook,6,409048919741,409048937933,2,2,255,14,2,0.001317086848655015,0.798661693370688,69.70603416206832,84916,247
75,led_hook,7,409048919741,409048937933,2,2,255,14,2,0.001317086848655015,0.798661693370688,51.374069998139994,80748,267
93,led_hook,0,409057928704,409057947003,2,2,14,14,1,0.00016661971672044578,0.035337684303758506,0.521738793477587,3,0
93,led_hook,1,409057928704,409057947003,2,2,14,14,1,0.00016661971672044578,0.035337684303758506,0.4135563271126542,3,0
93,led_hook,2,409057928704,409057947003,2,2,14,14,1,0.00016661971672044578,0.035337684303758506,63.032666315332634,77296,375
93,led_hook,3,409057928704,409057947003,2,2,14,14,1,0.00016661971672044578,0.035337684303758506,63.66477307954616,76598,392
93,led_hook,4,409057928704,409057947003,2,2,14,14,1,0.00016661971672044578,0.035337684303758506,42.85676421352843,73604,458
93,led_hook,5,409057928704,409057947003,2,2,14,14,1,0.00016661971672044578,0.035337684303758506,63.572059644119285,78024,376
93,led_hook,6,409057928704,409057947003,2,2,14,14,1,0.00016661971672044578,0.035337684303758506,62.513423026846056,75192,411
93,led_hook,7,409057928704,409057947003,2,2,14,14,1,0.00016661971672044578,0.035337684303758506,41.776249302498606,71184,467
94,led_hook,0,409058462883,409058479011,1,1,255,255,1,0.00024729326719504787,0.021702015095662105,0.5352935705871412,12,2
94,led_hook,1,409058462883,409058479011,1,1,255,255,1,0.00024729326719504787,0.021702015095662105,0.41499782999566,3,0
94,led_hook,2,409058462883,409058479011,1,1,255,255,1,0.00024729326719504787,0.021702015095662105,63.583622667245336,78039,363
94,led_hook,3,409058462883,409058479011,1,1,255,255,1,0.00024729326719504787,0.021702015095662105,64.28203856407713,76998,393
94,led_hook,4,409058462883,409058479011,1,1,255,255,1,0.00024729326719504787,0.021702015095662105,43.14577004154008,74017,373
94,led_hook,5,409058462883,409058479011,1,1,255,255,1,0.00024729326719504787,0.021702015095662105,64.16188232376464,78752,357
94,led_hook,6,409058462883,409058479011,1,1,255,255,1,0.00024729326719504787,0.021702015095662105,63.35512121024242,75976,407
94,led_hook,7,409058462883,409058479011,1,1,255,255,1,0.00024729326719504787,0.021702015095662105,42.122233244466486,71573,480
99,led_hook,0,409060950429,409060965456,1,2,255,255,1,0.00014965042599337592,0.061389202586277065,0.5722688945377891,1,0
99,led_hook,1,409060950429,409060965456,1,2,255,255,1,0.00014965042599337592,0.061389202586277065,0.4512911525823052,0,0
99,led_hook,2,409060950429,409060965456,1,2,255,255,1,0.00014965042599337592,0.061389202586277065,63.4739366978734,77895,402
99,led_hook,3,409060950429,409060965456,1,2,255,255,1,0.00014965042599337592,0.061389202586277065,64.373651497303,77213,418
99,led_hook,4,409060950429,409060965456,1,2,255,255,1,0.00014965042599337592,0.061389202586277065,43.07839140678281,74252,444
99,led_hook,5,409060950429,409060965456,1,2,255,255,1,0.00014965042599337592,0.061389202586277065,64.21649668299337,78837,390
99,led_hook,6,409060950429,409060965456,1,2,255,255,1,0.00014965042599337592,0.061389202586277065,63.23637547275094,75942,411
99,led_hook,7,409060950429,409060965456,1,2,255,255,1,0.00014965042599337592,0.061389202586277065,41.93107911215822,71483,503
100,led_hook,0,409061482099,409061499338,2,2,255,255,1,0.00015980416139762838,0.018010022457462565,0.42296484592969186,54,15
100,led_hook,1,409061482099,409061499338,2,2,255,255,1,0.00015980416139762838,0.018010022457462565,0.30908611817223636,1,0
100,led_hook,2,409061482099,409061499338,2,2,255,255,1,0.00015980416139762838,0.018010022457462565,62.07261764523529,76803,376
100,led_hook,3,409061482099,409061499338,2,2,255,255,1,0.00015980416139762838,0.018010022457462565,63.19816014632029,75634,441
100,led_hook,4,409061482099,409061499338,2,2,255,255,1,0.00015980416139762838,0.018010022457462565,41.941022382044764,72419,462
100,led_hook,5,409061482099,409061499338,2,2,255,255,1,0.00015980416139762838,0.018010022457462565,62.33793942587885,77267,353
100,led_hook,6,409061482099,409061499338,2,2,255,255,1,0.00015980416139762838,0.018010022457462565,62.15224130448261,74531,430
100,led_hook,7,409061482099,409061499338,2,2,255,255,1,0.00015980416139762838,0.018010022457462565,41.133393266786534,70254,517
101,led_hook,0,409061951822,409061966073,2,2,255,255,1,0.0003228638257841856,0.04984592754124447,0.5289463078926158,34,9
101,led_hook,1,409061951822,409061966073,2,2,255,255,1,0.0003228638257841856,0.04984592754124447,0.395754541509083,2,0
101,led_hook,2,409061951822,409061966073,2,2,255,255,1,0.0003228638257841856,0.04984592754124447,63.510888771777545,77848,419
101,led_hook,3,409061951822,409061966073,2,2,255,255,1,0.0003228638257841856,0.04984592754124447,63.960420670841344,76890,381
101,led_hook,4,409061951822,409061966073,2,2,255,255,1,0.0003228638257841856,0.04984592754124447,43.00337125674251,74067,416
101,led_hook,5,409061951822,409061966073,2,2,255,255,1,0.0003228638257841856,0.04984592754124447,63.74692324384649,78499,401
101,led_hook,6,409061951822,409061966073,2,2,255,255,1,0.0003228638257841856,0.04984592754124447,63.21190092380185,75616,423
101,led_hook,7,409061951822,409061966073,2,2,255,255,1,0.0003228638257841856,0.04984592754124447,41.88942277884556,71324,437
102,led_hook,0,409062482955,409062500134,2,2,14,14,1,8.277765398947214e-05,0.031209734354087384,0.4499116498232996,16,1
102,led_hook,1,409062482955,409062500134,2,2,14,14,1,8.277765398947214e-05,0.031209734354087384,0.3465264430528861,3,0
102,led_hook,2,409062482955,409062500134,2,2,14,14,1,8.277765398947214e-05,0.031209734354087384,62.36230547461095,76735,417
102,led_hook,3,409062482955,409062500134,2,2,14,14,1,8.277765398947214e-05,0.031209734354087384,63.48917322834646,76115,432
102,led_hook,4,409062482955,409062500134,2,2,14,14,1,8.277765398947214e-05,0.031209734354087384,42.45677816355633,72953,401
102,led_hook,5,409062482955,409062500134,2,2,14,14,1,8.277765398947214e-05,0.031209734354087384,62.696059892119784,77620,422
102,led_hook,6,409062482955,409062500134,2,2,14,14,1,8.277765398947214e-05,0.031209734354087384,62.46690743381487,74908,466
102,led_hook,7,409062482955,409062500134,2,2,14,14,1,8.277765398947214e-05,0.031209734354087384,41.30793136586273,70444,504
119,led_hook,0,409070957815,409070974894,2,1,14,255,1,0.00024687934299977635,0.2562061497883718,0.5251100502201005,34,7
119,led_hook,1,409070957815,409070974894,2,1,14,255,1,0.00024687934299977635,0.2562061497883718,0.42529760059520116,14,4
119,led_hook,2,409070957815,409070974894,2,1,14,255,1,0.00024687934299977635,0.2562061497883718,61.194308388616776,75160,558
119,led_hook,3,409070957815,409070974894,2,1,14,255,1,0.00024687934299977635,0.2562061497883718,62.662370574741146,73953,575
119,led_hook,4,409070957815,409070974894,2,1,14,255,1,0.00024687934299977635,0.2562061497883718,39.94703639407279,70854,644
119,led_hook,5,409070957815,409070974894,2,1,14,255,1,0.00024687934299977635,0.2562061497883718,61.43979787959576,75259,601
119,led_hook,6,409070957815,409070974894,2,1,14,255,1,0.00024687934299977635,0.2562061497883718,62.05325035650071,73287,587
119,led_hook,7,409070957815,409070974894,2,1,14,255,1,0.00024687934299977635,0.2562061497883718,38.83703267406535,68478,722
